#
# A fatal error has been detected by the Java Runtime Environment:
#
#  EXCEPTION_ACCESS_VIOLATION (0xc0000005) at pc=0x00007ffd5917b806, pid=13332, tid=13348
#
# JRE version: OpenJDK Runtime Environment Temurin-17.0.16+8 (17.0.16+8) (build 17.0.16+8)
# Java VM: OpenJDK 64-Bit Server VM Temurin-17.0.16+8 (17.0.16+8, mixed mode, sharing, tiered, compressed oops, compressed class ptrs, g1 gc, windows-amd64)
# Problematic frame:
# C  [glass.dll+0x1b806]
#
# No core dump will be written. Minidumps are not enabled by default on client versions of Windows
#
# If you would like to submit a bug report, please visit:
#   https://github.com/adoptium/adoptium-support/issues
# The crash happened outside the Java Virtual Machine in native code.
# See problematic frame for where to report the bug.
#

---------------  S U M M A R Y ------------

Command Line: --add-modules=javafx.controls --module-path=C:\Users\emile\.gradle\caches\modules-2\files-2.1\org.openjfx\javafx-controls\12.0.1\838555460c025b8df0fbc0fa03bf3f3767698f89\javafx-controls-12.0.1-win.jar;C:\Users\emile\.gradle\caches\modules-2\files-2.1\org.openjfx\javafx-graphics\12.0.1\18a01ffdd4edb82e7da3bc99937c6a608d1eaaa6\javafx-graphics-12.0.1-win.jar;C:\Users\emile\.gradle\caches\modules-2\files-2.1\org.openjfx\javafx-base\12.0.1\6f5947b255bb26e072862b3bb0c32d54d8effe84\javafx-base-12.0.1-win.jar -Dfile.encoding=windows-1252 -Duser.country=FR -Duser.language=fr -Duser.variant game.Main

Host: Intel(R) Core(TM) i7-10870H CPU @ 2.20GHz, 16 cores, 15G,  Windows 11 , 64 bit Build 26100 (10.0.26100.4202)
Time: Fri Aug  8 16:55:17 2025 Paris, Madrid (heure duild 26100 (10.0.26100.4202) elapsed time: 50.320548 seconds (0d 0h 0m 50s)

---------------  T H R E A D  ---------------

Current thread (0x0000029878348410):  JavaThread "JavaFX Application Thread" [_thread_in_native, id=13348, stack(0x000000d6a4000000,0x000000d6a4100000)]

Stack: [0x000000d6a4000000,0x000000d6a4100000],  sp=0x000000d6a40fdc80,  free space=1015k
Native frames: (J=compiled Java code, j=interpreted, Vv=VM code, C=native code)
C  [glass.dll+0x1b806]

Java frames: (J=compiled Java code, j=interpreted, Vv=VM code)
j  com.sun.glass.ui.win.WinWindow._close(J)Z+0 javafx.graphics
j  com.sun.glass.ui.Window.close()V+63 javafx.graphics
j  com.sun.glass.ui.win.WinWindow.close()V+8 javafx.graphics
j  com.sun.glass.ui.Application.terminate()V+75 javafx.graphics
j  com.sun.javafx.tk.quantum.QuantumToolkit.lambda$exit$13()Ljava/lang/Object;+5 javafx.graphics
j  com.sun.javafx.tk.quantum.QuantumToolkit$$Lambda$517+0x00000298011fbb48.get()Ljava/lang/Object;+0 javafx.graphics
j  com.sun.javafx.tk.quantum.QuantumToolkit.runWithRenderLock(Ljava/util/function/Supplier;)Ljava/lang/Object;+7 javafx.graphics
j  com.sun.javafx.tk.quantum.QuantumToolkit.exit()V+26 javafx.graphics
j  com.sun.javafx.application.PlatformImpl.lambda$tkExit$16()V+3 javafx.graphics
j  com.sun.javafx.application.PlatformImpl$$Lambda$516+0x00000298011fb930.run()V+0 javafx.graphics
j  com.sun.javafx.application.PlatformImpl.lambda$runAndWait$12(Ljava/lang/Runnable;Ljava/util/concurrent/CountDownLatch;)V+1 javafx.graphics
j  com.sun.javafx.application.PlatformImpl$$Lambda$82+0x000002980103d6a0.run()V+8 javafx.graphics
j  com.sun.javafx.application.PlatformImpl.lambda$runLater$10(Ljava/lang/Runnable;)Ljava/lang/Void;+1 javafx.graphics
j  com.sun.javafx.application.PlatformImpl$$Lambda$84+0x000002980103e910.run()Ljava/lang/Object;+4 javafx.graphics
J 2717 c1 java.security.AccessController.doPrivileged(Ljava/security/PrivilegedAction;Ljava/security/AccessControlContext;)Ljava/lang/Object; java.base@17.0.16 (17 bytes) @ 0x00000298575736d4 [0x0000029857573500+0x00000000000001d4]
j  com.sun.javafx.application.PlatformImpl.lambda$runLater$11(Ljava/lang/Runnable;Ljava/security/AccessControlContext;)V+7 javafx.graphics
j  com.sun.javafx.application.PlatformImpl$$Lambda$83+0x000002980103e090.run()V+8 javafx.graphics
J 3359 c1 com.sun.glass.ui.InvokeLaterDispatcher$Future.run()V javafx.graphics (91 bytes) @ 0x00000298576fca14 [0x00000298576fc900+0x0000000000000114]
v  ~StubRoutines::call_stub
j  com.sun.glass.ui.win.WinApplication._runLoop(Ljava/lang/Runnable;)V+0 javafx.graphics
j  com.sun.glass.ui.win.WinApplication.lambda$runLoop$3(ILjava/lang/Runnable;)V+8 javafx.graphics
j  com.sun.glass.ui.win.WinApplication$$Lambda$72+0x000002980102c240.run()V+12 javafx.graphics
j  java.lang.Thread.run()V+11 java.base@17.0.16
v  ~StubRoutines::call_stub

siginfo: EXCEPTION_ACCESS_VIOLATION (0xc0000005), reading address 0x0000000000000130


Registers:
RAX=0x0000000000000000, RBX=0x0000000000000000, RCX=0x0000000000000000, RDX=0x0000000000000000
RSP=0x000000d6a40fdc80, RBP=0x0000000000000000, RSI=0x000002987881d330, RDI=0x000000d6a40fe010
R8 =0x000000d6a40fe010, R9 =0x0000000000000000, R10=0x00007ffd59188c48, R11=0x0000000000000246
R12=0x0000000000000000, R13=0x0000000000000000, R14=0x0000000000000000, R15=0x0000000000000000
RIP=0x00007ffd5917b806, EFLAGS=0x0000000000010202

XMM[0]=0x0000000000000000 0x0000000000000000
XMM[1]=0x0000000000000000 0x0000000000000000
XMM[2]=0x0000000000000000 0x0000000000000000
XMM[3]=0x0000000000000000 0x0000000000000000
XMM[4]=0x0000000000000000 0x0000000000000000
XMM[5]=0x0000000000000000 0x0000000000000000
XMM[6]=0x0000000000000000 0x0000000000000000
XMM[7]=0x0000000000000000 0x0000000000000000
XMM[8]=0x0000000000000000 0x0000000000000000
XMM[9]=0x0000000000000000 0x0000000000000000
XMM[10]=0x0000000000000000 0x0000000000000000
XMM[11]=0x0000000000000000 0x0000000000000000
XMM[12]=0x0000000000000000 0x0000000000000000
XMM[13]=0x0000000000000000 0x0000000000000000
XMM[14]=0x0000000000000000 0x0000000000000000
XMM[15]=0x0000000000000000 0x0000000000000000
  MXCSR=0x00001fad


Register to memory mapping:

RIP=0x00007ffd5917b806 glass.dll
RAX=0x0 is NULL
RBX=0x0 is NULL
RCX=0x0 is NULL
RDX=0x0 is NULL
RSP=0x000000d6a40fdc80 is pointing into the stack for thread: 0x0000029878348410
RBP=0x0 is NULL
RSI=0x000002987881d330 points into unknown readable memory: 0x00007ffd59188c48 | 48 8c 18 59 fd 7f 00 00
RDI=0x000000d6a40fe010 is pointing into the stack for thread: 0x0000029878348410
R8 =0x000000d6a40fe010 is pointing into the stack for thread: 0x0000029878348410
R9 =0x0 is NULL
R10=0x00007ffd59188c48 glass.dll
R11=0x0000000000000246 is an unknown value
R12=0x0 is NULL
R13=0x0 is NULL
R14=0x0 is NULL
R15=0x0 is NULL


Top of Stack: (sp=0x000000d6a40fdc80)
0x000000d6a40fdc80:   00000000a40fe010 00007ffd591875a0
0x000000d6a40fdc90:   0000000000000000 00007ffd70e7df73
0x000000d6a40fdca0:   000000d6a40fe010 00007ffd5917a241
0x000000d6a40fdcb0:   0000000000007ff4 0000000000000401
0x000000d6a40fdcc0:   000002987881d330 0000000000000000
0x000000d6a40fdcd0:   000000d6a40fe010 00007ffd5916a29d
0x000000d6a40fdce0:   0000000000000401 000000d6a40fe010
0x000000d6a40fdcf0:   00000000a40fe010 000000000000000b
0x000000d6a40fdd00:   fffffffffffffffe 00007ffd591875a0
0x000000d6a40fdd10:   0000000000000000 00007ffd59161808
0x000000d6a40fdd20:   000002987881d330 000000d6a40fe010
0x000000d6a40fdd30:   0000000000000401 00000000002200dc
0x000000d6a40fdd40:   0000000080000022 00007ffd70e7d159
0x000000d6a40fdd50:   0000000000000000 000000d6a40fdf18
0x000000d6a40fdd60:   0000000000000001 0000000000000401
0x000000d6a40fdd70:   0000029878348410 0000029878493700
0x000000d6a40fdd80:   000000d6a40fded0 00007ffcbf6d600e
0x000000d6a40fdd90:   0000000000000000 0000000000000000
0x000000d6a40fdda0:   0000000100000000 000000d680000022
0x000000d6a40fddb0:   0000000000000000 0000000000000000
0x000000d6a40fddc0:   0000000000000000 0000000000000001
0x000000d6a40fddd0:   0000000000000000 0000000000000000
0x000000d6a40fdde0:   0000000000000070 ffffffffffffffff
0x000000d6a40fddf0:   ffffffffffffffff 00007ffd70e7cf35
0x000000d6a40fde00:   00007ffd70e7d328 0000029878348410
0x000000d6a40fde10:   0000000000000000 000002987829a850
0x000000d6a40fde20:   0000000000000000 0000000000000000
0x000000d6a40fde30:   0000000000000048 0000000000000001
0x000000d6a40fde40:   0000000000000000 0000000000000000
0x000000d6a40fde50:   0000000000000030 ffffffffffffffff
0x000000d6a40fde60:   ffffffffffffffff 00007ffd70e7cf35
0x000000d6a40fde70:   0000000000000000 0000029800000001 

Instructions: (pc=0x00007ffd5917b806)
0x00007ffd5917b706:   85 c0 74 08 48 8b c8 e8 ee 00 00 00 48 c7 05 e3
0x00007ffd5917b716:   16 02 00 00 00 00 00 48 83 c4 28 c3 cc cc cc cc
0x00007ffd5917b726:   cc cc cc cc cc cc cc cc cc cc 48 89 5c 24 08 57
0x00007ffd5917b736:   48 83 ec 30 48 8b fa 48 8b d9 48 39 91 30 01 00
0x00007ffd5917b746:   00 0f 84 a5 00 00 00 e8 ae 00 00 00 48 8b 93 30
0x00007ffd5917b756:   01 00 00 48 85 d2 75 04 48 8b 53 08 48 89 54 24
0x00007ffd5917b766:   20 4c 8b c7 48 85 ff 75 04 4c 8b 43 08 48 8d 0d
0x00007ffd5917b776:   46 f9 00 00 4c 89 44 24 28 e8 3c 7f fe ff 48 8b
0x00007ffd5917b786:   4c 24 20 4c 8d 44 24 20 48 8d 15 db f7 ff ff ff
0x00007ffd5917b796:   15 d5 0f 02 00 48 8b 05 3e 13 02 00 48 85 c0 75
0x00007ffd5917b7a6:   04 33 c9 eb 03 8b 48 40 4c 8d 44 24 20 48 8d 15
0x00007ffd5917b7b6:   f6 f7 ff ff ff 15 b8 0f 02 00 48 89 bb 30 01 00
0x00007ffd5917b7c6:   00 e8 d4 35 00 00 4c 8b 05 ad 16 02 00 48 8b c8
0x00007ffd5917b7d6:   48 8b 93 c0 00 00 00 4c 8b cf e8 4b 98 fe ff e8
0x00007ffd5917b7e6:   b6 35 00 00 48 8b c8 e8 ce 34 00 00 48 8b 5c 24
0x00007ffd5917b7f6:   40 48 83 c4 30 5f c3 cc cc cc 40 57 48 83 ec 20
0x00007ffd5917b806:   48 8b 81 30 01 00 00 48 8b f9 48 85 c0 75 04 48
0x00007ffd5917b816:   8b 41 08 48 3b 05 e0 15 02 00 75 3b 48 89 5c 24
0x00007ffd5917b826:   30 e8 74 35 00 00 4c 8b 05 3d 16 02 00 48 8b c8
0x00007ffd5917b836:   48 8b 97 c0 00 00 00 48 8b d8 e8 eb 97 fe ff 48
0x00007ffd5917b846:   8b cb e8 73 34 00 00 48 8b 5c 24 30 48 c7 05 a3
0x00007ffd5917b856:   15 02 00 00 00 00 00 48 83 c4 20 5f c3 cc cc cc
0x00007ffd5917b866:   cc cc cc cc cc cc cc cc cc cc 40 53 48 83 ec 50
0x00007ffd5917b876:   48 8b 05 43 e9 01 00 48 33 c4 48 89 44 24 40 48
0x00007ffd5917b886:   8b d9 48 8b 49 08 ff 15 56 0e 02 00 85 c0 0f 85
0x00007ffd5917b896:   21 01 00 00 48 8b 4b 08 48 8d 54 24 30 ff 15 7f
0x00007ffd5917b8a6:   0c 02 00 48 8b 4b 08 48 8d 54 24 20 ff 15 d8 0c
0x00007ffd5917b8b6:   02 00 48 8b 4b 08 4c 8d 44 24 20 41 b9 02 00 00
0x00007ffd5917b8c6:   00 33 d2 ff 15 c9 0c 02 00 8b 44 24 24 2b 44 24
0x00007ffd5917b8d6:   34 44 8b 44 24 20 44 2b 44 24 30 8b 54 24 3c 2b
0x00007ffd5917b8e6:   54 24 2c 8b 4c 24 38 2b 4c 24 28 89 83 1c 01 00
0x00007ffd5917b8f6:   00 44 89 83 18 01 00 00 89 93 24 01 00 00 89 8b 


Stack slot to memory mapping:
stack at sp + 0 slots: 0x00000000a40fe010 is an unknown value
stack at sp + 1 slots: 0x00007ffd591875a0 glass.dll
stack at sp + 2 slots: 0x0 is NULL
stack at sp + 3 slots: 0x00007ffd70e7df73 USER32.dll
stack at sp + 4 slots: 0x000000d6a40fe010 is pointing into the stack for thread: 0x0000029878348410
stack at sp + 5 slots: 0x00007ffd5917a241 glass.dll
stack at sp + 6 slots: 0x0000000000007ff4 is an unknown value
stack at sp + 7 slots: 0x0000000000000401 is an unknown value


Compiled method (c1)   50372 2717       3       java.security.AccessController::doPrivileged (17 bytes)
 total in heap  [0x0000029857573310,0x0000029857573a48] = 1848
 relocation     [0x0000029857573470,0x00000298575734f8] = 136
 main code      [0x0000029857573500,0x0000029857573840] = 832
 stub code      [0x0000029857573840,0x00000298575738b8] = 120
 metadata       [0x00000298575738b8,0x00000298575738d0] = 24
 scopes data    [0x00000298575738d0,0x0000029857573980] = 176
 scopes pcs     [0x0000029857573980,0x0000029857573a30] = 176
 dependencies   [0x0000029857573a30,0x0000029857573a38] = 8
 nul chk table  [0x0000029857573a38,0x0000029857573a48] = 16

[Constant Pool (empty)]

[MachCode]
[Verified Entry Point]
  # {method} {0x0000029800435f30} 'doPrivileged' '(Ljava/security/PrivilegedAction;Ljava/security/AccessControlContext;)Ljava/lang/Object;' in 'java/security/AccessController'
  # parm0:    rdx:rdx   = 'java/security/PrivilegedAction'
  # parm1:    r8:r8     = 'java/security/AccessControlContext'
  #           [sp+0x80]  (sp of caller)
  0x0000029857573500: 8984 2400 | 90ff ff55 | 4883 ec70 

  0x000002985757350c: ;   {metadata(method data for {method} {0x0000029800435f30} 'doPrivileged' '(Ljava/security/PrivilegedAction;Ljava/security/AccessControlContext;)Ljava/lang/Object;' in 'java/security/AccessController')}
  0x000002985757350c: 48be 1044 | 2b74 9802 | 0000 8bbe | cc00 0000 | 83c7 0289 | becc 0000 | 0081 e7fe | 0700 0083 
  0x000002985757352c: ff00 0f84 | 3c02 0000 | 4c89 4424 | 4048 8954 

  0x000002985757353c: ;   {metadata(method data for {method} {0x0000029800435f30} 'doPrivileged' '(Ljava/security/PrivilegedAction;Ljava/security/AccessControlContext;)Ljava/lang/Object;' in 'java/security/AccessController')}
  0x000002985757353c: 2448 48be | 1044 2b74 | 9802 0000 | 4883 8610 | 0100 0001 | 0f1f 8000 

  0x0000029857573554: ;   {static_call}
  0x0000029857573554: 0000 00e8 

  0x0000029857573558: ; ImmutableOopMap {[64]=Oop [72]=Oop }
                      ;*invokestatic getCallerClass {reexecute=0 rethrow=0 return_oop=0}
                      ; - java.security.AccessController::doPrivileged@0 (line 397)
  0x0000029857573558: 840e 6c07 

  0x000002985757355c: ;   {metadata(method data for {method} {0x0000029800435f30} 'doPrivileged' '(Ljava/security/PrivilegedAction;Ljava/security/AccessControlContext;)Ljava/lang/Object;' in 'java/security/AccessController')}
  0x000002985757355c: 48ba 1044 | 2b74 9802 | 0000 4883 | 8220 0100 | 0001 488b | 5424 404c | 8bc0 4889 | 4424 500f 
  0x000002985757357c: ;   {static_call}
  0x000002985757357c: 1f40 00e8 

  0x0000029857573580: ; ImmutableOopMap {[72]=Oop [80]=Oop }
                      ;*invokestatic checkContext {reexecute=0 rethrow=0 return_oop=0}
                      ; - java.security.AccessController::doPrivileged@6 (line 398)
  0x0000029857573580: 1c6c 0000 | 4889 4424 

  0x0000029857573588: ;   {metadata(method data for {method} {0x0000029800435f30} 'doPrivileged' '(Ljava/security/PrivilegedAction;Ljava/security/AccessControlContext;)Ljava/lang/Object;' in 'java/security/AccessController')}
  0x0000029857573588: 5848 ba10 | 442b 7498 | 0200 0048 | 8382 3001 

  0x0000029857573598: ;   {metadata(method data for {method} {0x0000029800435450} 'executePrivileged' '(Ljava/security/PrivilegedAction;Ljava/security/AccessControlContext;Ljava/lang/Class;)Ljava/lang/Object;' in 'java/security/AccessController')}
  0x0000029857573598: 0000 0148 | bab0 b807 | 7498 0200 | 008b b2cc | 0000 0083 | c602 89b2 | cc00 0000 | 81e6 feff 
  0x00000298575735b8: 1f00 83fe | 000f 84ce | 0100 0048 

  0x00000298575735c4: ;   {metadata(method data for {method} {0x0000029800435450} 'executePrivileged' '(Ljava/security/PrivilegedAction;Ljava/security/AccessControlContext;Ljava/lang/Class;)Ljava/lang/Object;' in 'java/security/AccessController')}
  0x00000298575735c4: 83f8 0048 | bab0 b807 | 7498 0200 | 0048 c7c6 | 1001 0000 | 0f84 0700 | 0000 48c7 | c620 0100 
  0x00000298575735e4: 0048 8b3c | 3248 8d7f | 0148 893c | 320f 841d 

  0x00000298575735f4: ;   {metadata(method data for {method} {0x0000029800435450} 'executePrivileged' '(Ljava/security/PrivilegedAction;Ljava/security/AccessControlContext;Ljava/lang/Class;)Ljava/lang/Object;' in 'java/security/AccessController')}
  0x00000298575735f4: 0000 0048 | bab0 b807 | 7498 0200 | 0048 8382 | 3001 0000 | 0148 8bd0 

  0x000002985757360c: ;   {static_call}
  0x000002985757360c: 6666 90e8 

  0x0000029857573610: ; ImmutableOopMap {[72]=Oop [80]=Oop [88]=Oop }
                      ;*invokestatic ensureMaterializedForStackWalk {reexecute=0 rethrow=0 return_oop=0}
                      ; - java.security.AccessController::executePrivileged@5 (line 772)
                      ; - java.security.AccessController::doPrivileged@13 (line 399)
  0x0000029857573610: 2ce0 7707 

  0x0000029857573614: ;   {metadata(method data for {method} {0x0000029800435450} 'executePrivileged' '(Ljava/security/PrivilegedAction;Ljava/security/AccessControlContext;Ljava/lang/Class;)Ljava/lang/Object;' in 'java/security/AccessController')}
  0x0000029857573614: 48ba b0b8 | 0774 9802 | 0000 ff82 | 4001 0000 | 488b 5424 | 4848 3b02 

  0x000002985757362c: ;   {metadata(method data for {method} {0x0000029800435450} 'executePrivileged' '(Ljava/security/PrivilegedAction;Ljava/security/AccessControlContext;Ljava/lang/Class;)Ljava/lang/Object;' in 'java/security/AccessController')}
  0x000002985757362c: 488b f248 | bfb0 b807 | 7498 0200 | 008b 7608 | 49ba 0000 | 0000 9802 | 0000 4903 | f248 3bb7 
  0x000002985757364c: b001 0000 | 750d 4883 | 87b8 0100 | 0001 e966 | 0000 0048 | 3bb7 c001 | 0000 750d | 4883 87c8 
  0x000002985757366c: 0100 0001 | e950 0000 | 0048 81bf | b001 0000 | 0000 0000 | 7517 4889 | b7b0 0100 | 0048 c787 
  0x000002985757368c: b801 0000 | 0100 0000 | e92c 0000 | 0048 81bf | c001 0000 | 0000 0000 | 7517 4889 | b7c0 0100 
  0x00000298575736ac: 0048 c787 | c801 0000 | 0100 0000 | e908 0000 | 0048 8387 | a001 0000 | 0148 b8f0 | 5e95 7898 
  0x00000298575736cc: ;   {virtual_call}
  0x00000298575736cc: 0200 00e8 

  0x00000298575736d0: ; ImmutableOopMap {[80]=Oop [88]=Oop }
                      ;*invokeinterface run {reexecute=0 rethrow=0 return_oop=0}
                      ; - java.security.AccessController::executePrivileged@29 (line 776)
                      ; - java.security.AccessController::doPrivileged@13 (line 399)
  0x00000298575736d0: 3cc6 0c07 

  0x00000298575736d4: ;   {metadata(method data for {method} {0x0000029800435450} 'executePrivileged' '(Ljava/security/PrivilegedAction;Ljava/security/AccessControlContext;Ljava/lang/Class;)Ljava/lang/Object;' in 'java/security/AccessController')}
  0x00000298575736d4: 48be b0b8 | 0774 9802 | 0000 ff86 | d801 0000 | 488b 7424 

  0x00000298575736e8: ;   {metadata(method data for {method} {0x0000029800435450} 'executePrivileged' '(Ljava/security/PrivilegedAction;Ljava/security/AccessControlContext;Ljava/lang/Class;)Ljava/lang/Object;' in 'java/security/AccessController')}
  0x00000298575736e8: 5048 bfb0 | b807 7498 | 0200 0048 | 8387 3802 

  0x00000298575736f8: ;   {metadata(method data for {method} {0x00000298003dd6f8} 'reachabilityFence' '(Ljava/lang/Object;)V' in 'java/lang/ref/Reference')}
  0x00000298575736f8: 0000 0148 | bff8 7b05 | 7498 0200 | 008b 9fcc | 0000 0083 | c302 899f | cc00 0000 | 81e3 feff 
  0x0000029857573718: 1f00 83fb | 000f 8494 

  0x0000029857573720: ;   {metadata(method data for {method} {0x0000029800435450} 'executePrivileged' '(Ljava/security/PrivilegedAction;Ljava/security/AccessControlContext;Ljava/lang/Class;)Ljava/lang/Object;' in 'java/security/AccessController')}
  0x0000029857573720: 0000 0048 | beb0 b807 | 7498 0200 | 0048 8386 | 4802 0000 

  0x0000029857573734: ;   {metadata(method data for {method} {0x00000298003dd6f8} 'reachabilityFence' '(Ljava/lang/Object;)V' in 'java/lang/ref/Reference')}
  0x0000029857573734: 0148 bef8 | 7b05 7498 | 0200 008b | becc 0000 | 0083 c702 | 89be cc00 | 0000 81e7 | feff 1f00 
  0x0000029857573754: 83ff 000f | 847b 0000 | 0048 83c4 

  0x0000029857573760: ;   {poll_return}
  0x0000029857573760: 705d 493b | a748 0300 | 000f 878a | 0000 00c3 

  0x0000029857573770: ;   {metadata({method} {0x0000029800435f30} 'doPrivileged' '(Ljava/security/PrivilegedAction;Ljava/security/AccessControlContext;)Ljava/lang/Object;' in 'java/security/AccessController')}
  0x0000029857573770: 49ba 285f | 4300 9802 | 0000 4c89 | 5424 0848 | c704 24ff 

  0x0000029857573784: ;   {runtime_call counter_overflow Runtime1 stub}
  0x0000029857573784: ffff ffe8 

  0x0000029857573788: ; ImmutableOopMap {rdx=Oop r8=Oop }
                      ;*synchronization entry
                      ; - java.security.AccessController::doPrivileged@-1 (line 397)
  0x0000029857573788: f495 0307 | e9a3 fdff 

  0x0000029857573790: ;   {metadata({method} {0x0000029800435450} 'executePrivileged' '(Ljava/security/PrivilegedAction;Ljava/security/AccessControlContext;Ljava/lang/Class;)Ljava/lang/Object;' in 'java/security/AccessController')}
  0x0000029857573790: ff49 ba48 | 5443 0098 | 0200 004c | 8954 2408 | 48c7 0424 | ffff ffff 

  0x00000298575737a8: ;   {runtime_call counter_overflow Runtime1 stub}
  0x00000298575737a8: e8d3 9503 

  0x00000298575737ac: ; ImmutableOopMap {[72]=Oop [80]=Oop rax=Oop [88]=Oop }
                      ;*synchronization entry
                      ; - java.security.AccessController::executePrivileged@-1 (line 771)
                      ; - java.security.AccessController::doPrivileged@13 (line 399)
  0x00000298575737ac: 07e9 11fe 

  0x00000298575737b0: ;   {runtime_call throw_null_pointer_exception Runtime1 stub}
  0x00000298575737b0: ffff e8e9 

  0x00000298575737b4: ; ImmutableOopMap {[80]=Oop rdx=Oop [88]=Oop }
                      ;*invokeinterface run {reexecute=0 rethrow=0 return_oop=0}
                      ; - java.security.AccessController::executePrivileged@29 (line 776)
                      ; - java.security.AccessController::doPrivileged@13 (line 399)
                      ;   {metadata({method} {0x00000298003dd6f8} 'reachabilityFence' '(Ljava/lang/Object;)V' in 'java/lang/ref/Reference')}
  0x00000298575737b4: 2f03 0749 | baf0 d63d | 0098 0200 | 004c 8954 | 2408 48c7 | 0424 ffff 

  0x00000298575737cc: ;   {runtime_call counter_overflow Runtime1 stub}
  0x00000298575737cc: ffff e8ad 

  0x00000298575737d0: ; ImmutableOopMap {rax=Oop rsi=Oop }
                      ;*synchronization entry
                      ; - java.lang.ref.Reference::reachabilityFence@-1 (line 621)
                      ; - java.security.AccessController::executePrivileged@56 (line 781)
                      ; - java.security.AccessController::doPrivileged@13 (line 399)
  0x00000298575737d0: 9503 07e9 | 4bff ffff 

  0x00000298575737d8: ;   {metadata({method} {0x00000298003dd6f8} 'reachabilityFence' '(Ljava/lang/Object;)V' in 'java/lang/ref/Reference')}
  0x00000298575737d8: 49ba f0d6 | 3d00 9802 | 0000 4c89 | 5424 0848 | c704 24ff 

  0x00000298575737ec: ;   {runtime_call counter_overflow Runtime1 stub}
  0x00000298575737ec: ffff ffe8 

  0x00000298575737f0: ; ImmutableOopMap {rax=Oop }
                      ;*synchronization entry
                      ; - java.lang.ref.Reference::reachabilityFence@-1 (line 621)
                      ; - java.security.AccessController::executePrivileged@60 (line 782)
                      ; - java.security.AccessController::doPrivileged@13 (line 399)
  0x00000298575737f0: 8c95 0307 | e964 ffff 

  0x00000298575737f8: ;   {internal_word}
  0x00000298575737f8: ff49 ba62 | 3757 5798 | 0200 004d | 8997 6003 

  0x0000029857573808: ;   {runtime_call SafepointBlob}
  0x0000029857573808: 0000 e9f1 | 41f9 0690 | 9049 8b87 | d803 0000 | 49c7 87d8 | 0300 0000 | 0000 0049 | c787 e003 
  0x0000029857573828: 0000 0000 | 0000 4883 

  0x0000029857573830: ;   {runtime_call unwind_exception Runtime1 stub}
  0x0000029857573830: c470 5de9 | c84f fa06 | f4f4 f4f4 | f4f4 f4f4 
[Stub Code]
  0x0000029857573840: ;   {no_reloc}
  0x0000029857573840: 0f1f 4400 

  0x0000029857573844: ;   {static_stub}
  0x0000029857573844: 0048 bb00 | 0000 0000 

  0x000002985757384c: ;   {runtime_call}
  0x000002985757384c: 0000 00e9 | fbff ffff 

  0x0000029857573854: ;   {static_stub}
  0x0000029857573854: 9048 bb60 | 6243 0098 

  0x000002985757385c: ;   {runtime_call I2C/C2I adapters}
  0x000002985757385c: 0200 00e9 | f92d f906 

  0x0000029857573864: ;   {static_stub}
  0x0000029857573864: 9048 bb00 | 0000 0000 

  0x000002985757386c: ;   {runtime_call}
  0x000002985757386c: 0000 00e9 | fbff ffff 

  0x0000029857573874: ;   {static_stub}
  0x0000029857573874: 9048 bb00 | 0000 0000 

  0x000002985757387c: ;   {runtime_call}
  0x000002985757387c: 0000 00e9 | fbff ffff 
[Exception Handler]
  0x0000029857573884: ;   {runtime_call handle_exception_from_callee Runtime1 stub}
  0x0000029857573884: e8f7 4f03 

  0x0000029857573888: ;   {external_word}
  0x0000029857573888: 0748 b9a0 | e9db bffc | 7f00 0048 

  0x0000029857573894: ;   {runtime_call}
  0x0000029857573894: 83e4 f049 | ba10 79a4 | bffc 7f00 | 0041 ffd2 

  0x00000298575738a4: ;   {section_word}
  0x00000298575738a4: f449 baa5 | 3857 5798 | 0200 0041 

  0x00000298575738b0: ;   {runtime_call DeoptimizationBlob}
  0x00000298575738b0: 52e9 ea33 | f906 f4f4 
[/MachCode]


Compiled method (c1)   50379 3359   !   3       com.sun.glass.ui.InvokeLaterDispatcher$Future::run (91 bytes)
 total in heap  [0x00000298576fc710,0x00000298576fd0b8] = 2472
 relocation     [0x00000298576fc870,0x00000298576fc8f0] = 128
 main code      [0x00000298576fc900,0x00000298576fcd60] = 1120
 stub code      [0x00000298576fcd60,0x00000298576fcdc8] = 104
 oops           [0x00000298576fcdc8,0x00000298576fcdd0] = 8
 metadata       [0x00000298576fcdd0,0x00000298576fcdd8] = 8
 scopes data    [0x00000298576fcdd8,0x00000298576fce90] = 184
 scopes pcs     [0x00000298576fce90,0x00000298576fcfa0] = 272
 dependencies   [0x00000298576fcfa0,0x00000298576fcfa8] = 8
 handler table  [0x00000298576fcfa8,0x00000298576fd068] = 192
 nul chk table  [0x00000298576fd068,0x00000298576fd0b8] = 80

[Constant Pool (empty)]

[MachCode]
[Entry Point]
  # {method} {0x000002987458ee70} 'run' '()V' in 'com/sun/glass/ui/InvokeLaterDispatcher$Future'
  #           [sp+0x70]  (sp of caller)
  0x00000298576fc900: 448b 5208 | 49bb 0000 | 0000 9802 | 0000 4d03 | d34c 3bd0 

  0x00000298576fc914: ;   {runtime_call ic_miss_stub}
  0x00000298576fc914: 0f85 6647 | e006 660f | 1f44 0000 
[Verified Entry Point]
  0x00000298576fc920: 8984 2400 | 90ff ff55 | 4883 ec60 

  0x00000298576fc92c: ;   {metadata(method data for {method} {0x000002987458ee70} 'run' '()V' in 'com/sun/glass/ui/InvokeLaterDispatcher$Future')}
  0x00000298576fc92c: 48be 980c | d174 9802 | 0000 8bbe | cc00 0000 | 83c7 0289 | becc 0000 | 0081 e7fe | 0700 0083 
  0x00000298576fc94c: ff00 0f84 | fe02 0000 | 8b72 1048 | c1e6 0348 | 3b06 488b 

  0x00000298576fc960: ;   {metadata(method data for {method} {0x000002987458ee70} 'run' '()V' in 'com/sun/glass/ui/InvokeLaterDispatcher$Future')}
  0x00000298576fc960: fe48 bb98 | 0cd1 7498 | 0200 008b | 7f08 49ba | 0000 0000 | 9802 0000 | 4903 fa48 | 3bbb 2001 
  0x00000298576fc980: 0000 750d | 4883 8328 | 0100 0001 | e966 0000 | 0048 3bbb | 3001 0000 | 750d 4883 | 8338 0100 
  0x00000298576fc9a0: 0001 e950 | 0000 0048 | 81bb 2001 | 0000 0000 | 0000 7517 | 4889 bb20 | 0100 0048 | c783 2801 
  0x00000298576fc9c0: 0000 0100 | 0000 e92c | 0000 0048 | 81bb 3001 | 0000 0000 | 0000 7517 | 4889 bb30 | 0100 0048 
  0x00000298576fc9e0: c783 3801 | 0000 0100 | 0000 e908 | 0000 0048 | 8383 1001 | 0000 0148 | 8954 2420 | 488b d666 
  0x00000298576fca00: 0f1f 4400 | 0048 b860 | bfa2 7898 

  0x00000298576fca0c: ;   {virtual_call}
  0x00000298576fca0c: 0200 00e8 

  0x00000298576fca10: ; ImmutableOopMap {[32]=Oop }
                      ;*invokeinterface run {reexecute=0 rethrow=0 return_oop=0}
                      ; - com.sun.glass.ui.InvokeLaterDispatcher$Future::run@4 (line 96)
  0x00000298576fca10: fc32 f406 | 488b 5424 | 208b 4214 | 48c1 e003 

  0x00000298576fca20: ; implicit exception: dispatches to 0x00000298576fcc78
  0x00000298576fca20: 8bb0 7801 | 0000 48c1 | e603 488d | 7c24 4048 | 8977 0848 | 8b06 4883 | c801 4889 | 07f0 480f 
  0x00000298576fca40: b13e 0f84 | 1300 0000 | 482b c448 | 81e0 07f0 | ffff 4889 | 070f 8527 | 0200 0048 | 8974 2428 
  0x00000298576fca60: c642 0c01 | 8b52 1448 | c1e2 038b | 9278 0100 | 0048 c1e2 | 0348 3b02 

  0x00000298576fca78: ;   {metadata(method data for {method} {0x000002987458ee70} 'run' '()V' in 'com/sun/glass/ui/InvokeLaterDispatcher$Future')}
  0x00000298576fca78: 488b fa48 | bb98 0cd1 | 7498 0200 | 0048 8383 | 4801 0000 

  0x00000298576fca8c: ;   {optimized virtual_call}
  0x00000298576fca8c: 0166 90e8 

  0x00000298576fca90: ; ImmutableOopMap {[40]=Oop [72]=Oop }
                      ;*invokevirtual notifyAll {reexecute=0 rethrow=0 return_oop=0}
                      ; - com.sun.glass.ui.InvokeLaterDispatcher$Future::run@31 (line 100)
  0x00000298576fca90: ac14 5507 | 488d 4424 | 4048 8b10 | 4885 d20f | 840f 0000 | 0048 8b70 | 08f0 480f | b116 0f85 
  0x00000298576fcab0: eb01 0000 

  0x00000298576fcab4: ;   {metadata(method data for {method} {0x000002987458ee70} 'run' '()V' in 'com/sun/glass/ui/InvokeLaterDispatcher$Future')}
  0x00000298576fcab4: 48b8 980c | d174 9802 | 0000 ff80 | 8001 0000 | e9c0 0000 | 0049 8b87 | d803 0000 | 4d33 d24d 
  0x00000298576fcad4: 8997 d803 | 0000 4d33 | d24d 8997 | e003 0000 | 8b72 1448 | c1e6 038b | b678 0100 | 0048 c1e6 
  0x00000298576fcaf4: 0348 8d7c | 2440 4889 | 4424 3048 | 8977 0848 | 8b06 4883 | c801 4889 | 07f0 480f | b13e 0f84 
  0x00000298576fcb14: 1300 0000 | 482b c448 | 81e0 07f0 | ffff 4889 | 070f 8591 | 0100 0048 | 8974 2438 | c642 0c01 
  0x00000298576fcb34: 8b52 1448 | c1e2 038b | 9278 0100 | 0048 c1e2 | 0348 3b02 

  0x00000298576fcb48: ;   {metadata(method data for {method} {0x000002987458ee70} 'run' '()V' in 'com/sun/glass/ui/InvokeLaterDispatcher$Future')}
  0x00000298576fcb48: 488b fa48 | bb98 0cd1 | 7498 0200 | 0048 8383 | b001 0000 

  0x00000298576fcb5c: ;   {optimized virtual_call}
  0x00000298576fcb5c: 0166 90e8 

  0x00000298576fcb60: ; ImmutableOopMap {[48]=Oop [56]=Oop [72]=Oop }
                      ;*invokevirtual notifyAll {reexecute=0 rethrow=0 return_oop=0}
                      ; - com.sun.glass.ui.InvokeLaterDispatcher$Future::run@71 (line 100)
  0x00000298576fcb60: 1c48 e006 | 488d 4424 | 4048 8b30 | 4885 f60f | 840f 0000 | 0048 8b78 | 08f0 480f | b137 0f85 
  0x00000298576fcb80: 5501 0000 | e923 0000 

  0x00000298576fcb88: ;   {metadata(method data for {method} {0x000002987458ee70} 'run' '()V' in 'com/sun/glass/ui/InvokeLaterDispatcher$Future')}
  0x00000298576fcb88: 0048 b898 | 0cd1 7498 | 0200 00ff | 8098 0100 | 0048 83c4 

  0x00000298576fcb9c: ;   {poll_return}
  0x00000298576fcb9c: 605d 493b | a748 0300 | 000f 8741 | 0100 00c3 

  0x00000298576fcbac: ;   {metadata(method data for {method} {0x000002987458ee70} 'run' '()V' in 'com/sun/glass/ui/InvokeLaterDispatcher$Future')}
  0x00000298576fcbac: 48b8 980c | d174 9802 | 0000 ff80 | e801 0000 | 488b 4424 | 30e9 8b01 | 0000 498b | 87d8 0300 
  0x00000298576fcbcc: 004d 33d2 | 4d89 97d8 | 0300 004d | 33d2 4d89 | 97e0 0300 | 0048 8bf0 | 488d 4424 | 4048 8b38 
  0x00000298576fcbec: 4885 ff0f | 840f 0000 | 0048 8b58 | 08f0 480f | b13b 0f85 | fe00 0000 | 488b c6e9 | 4501 0000 
  0x00000298576fcc0c: 498b 87d8 | 0300 004d | 33d2 4d89 | 97d8 0300 | 004d 33d2 | 4d89 97e0 | 0300 0048 | 8bf0 488d 
  0x00000298576fcc2c: 4424 4048 | 8b38 4885 | ff0f 840f | 0000 0048 | 8b58 08f0 | 480f b13b | 0f85 cb00 | 0000 488b 
  0x00000298576fcc4c: c6e9 ff00 

  0x00000298576fcc50: ;   {metadata({method} {0x000002987458ee70} 'run' '()V' in 'com/sun/glass/ui/InvokeLaterDispatcher$Future')}
  0x00000298576fcc50: 0000 49ba | 68ee 5874 | 9802 0000 | 4c89 5424 | 0848 c704 | 24ff ffff 

  0x00000298576fcc68: ;   {runtime_call counter_overflow Runtime1 stub}
  0x00000298576fcc68: ffe8 1201 

  0x00000298576fcc6c: ; ImmutableOopMap {rdx=Oop }
                      ;*synchronization entry
                      ; - com.sun.glass.ui.InvokeLaterDispatcher$Future::run@-1 (line 96)
  0x00000298576fcc6c: eb06 e9e1 

  0x00000298576fcc70: ;   {runtime_call throw_null_pointer_exception Runtime1 stub}
  0x00000298576fcc70: fcff ffe8 

  0x00000298576fcc74: ; ImmutableOopMap {rdx=Oop rsi=Oop }
                      ;*invokeinterface run {reexecute=0 rethrow=0 return_oop=0}
                      ; - com.sun.glass.ui.InvokeLaterDispatcher$Future::run@4 (line 96)
  0x00000298576fcc74: 289b ea06 

  0x00000298576fcc78: ;   {runtime_call throw_null_pointer_exception Runtime1 stub}
  0x00000298576fcc78: e823 9bea 

  0x00000298576fcc7c: ; ImmutableOopMap {rdx=Oop }
                      ;*getfield LOCK {reexecute=1 rethrow=0 return_oop=0}
                      ; - (reexecute) com.sun.glass.ui.InvokeLaterDispatcher$Future::run@13 (line 98)
                      ;   {runtime_call throw_null_pointer_exception Runtime1 stub}
  0x00000298576fcc7c: 06e8 1e9b 

  0x00000298576fcc80: ; ImmutableOopMap {rdx=Oop rsi=Oop }
                      ;*monitorenter {reexecute=0 rethrow=0 return_oop=0}
                      ; - com.sun.glass.ui.InvokeLaterDispatcher$Future::run@18 (line 98)
  0x00000298576fcc80: ea06 4889 | 7424 0848 

  0x00000298576fcc88: ;   {runtime_call monitorenter_nofpu Runtime1 stub}
  0x00000298576fcc88: 893c 24e8 

  0x00000298576fcc8c: ; ImmutableOopMap {rdx=Oop rsi=Oop [72]=Oop }
                      ;*monitorenter {reexecute=0 rethrow=0 return_oop=0}
                      ; - com.sun.glass.ui.InvokeLaterDispatcher$Future::run@18 (line 98)
  0x00000298576fcc8c: f0cd ea06 | e9c6 fdff 

  0x00000298576fcc94: ;   {runtime_call throw_null_pointer_exception Runtime1 stub}
  0x00000298576fcc94: ffe8 069b 

  0x00000298576fcc98: ; ImmutableOopMap {[40]=Oop [72]=Oop }
                      ;*getfield LOCK {reexecute=1 rethrow=0 return_oop=0}
                      ; - (reexecute) com.sun.glass.ui.InvokeLaterDispatcher$Future::run@28 (line 100)
                      ;   {runtime_call throw_null_pointer_exception Runtime1 stub}
  0x00000298576fcc98: ea06 e801 

  0x00000298576fcc9c: ; ImmutableOopMap {[40]=Oop rdx=Oop [72]=Oop }
                      ;*invokevirtual notifyAll {reexecute=0 rethrow=0 return_oop=0}
                      ; - com.sun.glass.ui.InvokeLaterDispatcher$Future::run@31 (line 100)
  0x00000298576fcc9c: 9bea 0648 | 8d44 2440 | 4889 0424 

  0x00000298576fcca8: ;   {runtime_call monitorexit_nofpu Runtime1 stub}
  0x00000298576fcca8: e8d3 d3ea | 06e9 02fe 

  0x00000298576fccb0: ;   {runtime_call throw_null_pointer_exception Runtime1 stub}
  0x00000298576fccb0: ffff e8e9 

  0x00000298576fccb4: ; ImmutableOopMap {rdx=Oop rax=Oop }
                      ;*getfield LOCK {reexecute=1 rethrow=0 return_oop=0}
                      ; - (reexecute) com.sun.glass.ui.InvokeLaterDispatcher$Future::run@52 (line 98)
                      ;   {runtime_call throw_null_pointer_exception Runtime1 stub}
  0x00000298576fccb4: 9aea 06e8 

  0x00000298576fccb8: ; ImmutableOopMap {rdx=Oop rsi=Oop [48]=Oop }
                      ;*monitorenter {reexecute=0 rethrow=0 return_oop=0}
                      ; - com.sun.glass.ui.InvokeLaterDispatcher$Future::run@58 (line 98)
  0x00000298576fccb8: e49a ea06 | 4889 7424 | 0848 893c 

  0x00000298576fccc4: ;   {runtime_call monitorenter_nofpu Runtime1 stub}
  0x00000298576fccc4: 24e8 b6cd 

  0x00000298576fccc8: ; ImmutableOopMap {rdx=Oop rsi=Oop [48]=Oop [72]=Oop }
                      ;*monitorenter {reexecute=0 rethrow=0 return_oop=0}
                      ; - com.sun.glass.ui.InvokeLaterDispatcher$Future::run@58 (line 98)
  0x00000298576fccc8: ea06 e95c 

  0x00000298576fcccc: ;   {runtime_call throw_null_pointer_exception Runtime1 stub}
  0x00000298576fcccc: feff ffe8 

  0x00000298576fccd0: ; ImmutableOopMap {[56]=Oop [48]=Oop [72]=Oop }
                      ;*getfield LOCK {reexecute=1 rethrow=0 return_oop=0}
                      ; - (reexecute) com.sun.glass.ui.InvokeLaterDispatcher$Future::run@68 (line 100)
  0x00000298576fccd0: cc9a ea06 

  0x00000298576fccd4: ;   {runtime_call throw_null_pointer_exception Runtime1 stub}
  0x00000298576fccd4: e8c7 9aea 

  0x00000298576fccd8: ; ImmutableOopMap {[56]=Oop [48]=Oop rdx=Oop [72]=Oop }
                      ;*invokevirtual notifyAll {reexecute=0 rethrow=0 return_oop=0}
                      ; - com.sun.glass.ui.InvokeLaterDispatcher$Future::run@71 (line 100)
  0x00000298576fccd8: 0648 8d44 | 2440 4889 

  0x00000298576fcce0: ;   {runtime_call monitorexit_nofpu Runtime1 stub}
  0x00000298576fcce0: 0424 e899 | d3ea 06e9 | 98fe ffff 

  0x00000298576fccec: ;   {internal_word}
  0x00000298576fccec: 49ba 9ecb | 6f57 9802 | 0000 4d89 | 9760 0300 

  0x00000298576fccfc: ;   {runtime_call SafepointBlob}
  0x00000298576fccfc: 00e9 feac | e006 488d | 4424 4048 

  0x00000298576fcd08: ;   {runtime_call monitorexit_nofpu Runtime1 stub}
  0x00000298576fcd08: 8904 24e8 | 70d3 ea06 | e9ef feff | ff48 8d44 | 2440 4889 

  0x00000298576fcd1c: ;   {runtime_call monitorexit_nofpu Runtime1 stub}
  0x00000298576fcd1c: 0424 e85d | d3ea 06e9 | 22ff ffff | 488b 5424 | 20e9 97fd | ffff 9090 | 498b 87d8 | 0300 0049 
  0x00000298576fcd3c: c787 d803 | 0000 0000 | 0000 49c7 | 87e0 0300 | 0000 0000 | 0048 83c4 

  0x00000298576fcd54: ;   {runtime_call unwind_exception Runtime1 stub}
  0x00000298576fcd54: 605d e9a5 | bae1 06f4 | f4f4 f4f4 
[Stub Code]
  0x00000298576fcd60: ;   {no_reloc}
  0x00000298576fcd60: 0f1f 4400 

  0x00000298576fcd64: ;   {static_stub}
  0x00000298576fcd64: 0048 bb00 | 0000 0000 

  0x00000298576fcd6c: ;   {runtime_call}
  0x00000298576fcd6c: 0000 00e9 | fbff ffff 

  0x00000298576fcd74: ;   {static_stub}
  0x00000298576fcd74: 9048 bb00 | 0000 0000 

  0x00000298576fcd7c: ;   {runtime_call}
  0x00000298576fcd7c: 0000 00e9 | fbff ffff 

  0x00000298576fcd84: ;   {static_stub}
  0x00000298576fcd84: 9048 bb00 | 0000 0000 

  0x00000298576fcd8c: ;   {runtime_call}
  0x00000298576fcd8c: 0000 00e9 | fbff ffff 
[Exception Handler]
  0x00000298576fcd94: ;   {runtime_call handle_exception_from_callee Runtime1 stub}
  0x00000298576fcd94: e8e7 baea 

  0x00000298576fcd98: ;   {external_word}
  0x00000298576fcd98: 0648 b9a0 | e9db bffc | 7f00 0048 

  0x00000298576fcda4: ;   {runtime_call}
  0x00000298576fcda4: 83e4 f049 | ba10 79a4 | bffc 7f00 | 0041 ffd2 

  0x00000298576fcdb4: ;   {section_word}
  0x00000298576fcdb4: f449 bab5 | cd6f 5798 | 0200 0041 

  0x00000298576fcdc0: ;   {runtime_call DeoptimizationBlob}
  0x00000298576fcdc0: 52e9 da9e | e006 f4f4 
[/MachCode]


---------------  P R O C E S S  ---------------

Threads class SMR info:
_java_thread_list=0x0000029878b08190, length=19, elements={
0x000002984f47a7e0, 0x0000029872ae3340, 0x0000029872ae3f00, 0x0000029872afc190,
0x0000029872b00c70, 0x0000029872b01630, 0x0000029872b02400, 0x0000029872b04100,
0x0000029872b04b00, 0x0000029872b05500, 0x0000029872acd040, 0x0000029878446fc0,
0x0000029878515380, 0x00000298783467a0, 0x0000029878348410, 0x0000029878964a30,
0x00000298789e8f80, 0x0000029878e054d0, 0x000002987ebefb30
}

Java Threads: ( => current thread )
  0x000002984f47a7e0 JavaThread "main" [_thread_blocked, id=4228, stack(0x000000d6a2400000,0x000000d6a2500000)]
  0x0000029872ae3340 JavaThread "Reference Handler" daemon [_thread_blocked, id=4060, stack(0x000000d6a2b00000,0x000000d6a2c00000)]
  0x0000029872ae3f00 JavaThread "Finalizer" daemon [_thread_blocked, id=10272, stack(0x000000d6a2c00000,0x000000d6a2d00000)]
  0x0000029872afc190 JavaThread "Signal Dispatcher" daemon [_thread_blocked, id=16324, stack(0x000000d6a2d00000,0x000000d6a2e00000)]
  0x0000029872b00c70 JavaThread "Attach Listener" daemon [_thread_blocked, id=7056, stack(0x000000d6a2e00000,0x000000d6a2f00000)]
  0x0000029872b01630 JavaThread "Service Thread" daemon [_thread_blocked, id=14408, stack(0x000000d6a2f00000,0x000000d6a3000000)]
  0x0000029872b02400 JavaThread "Monitor Deflation Thread" daemon [_thread_blocked, id=17452, stack(0x000000d6a3000000,0x000000d6a3100000)]
  0x0000029872b04100 JavaThread "C2 CompilerThread0" daemon [_thread_blocked, id=17700, stack(0x000000d6a3100000,0x000000d6a3200000)]
  0x0000029872b04b00 JavaThread "C1 CompilerThread0" daemon [_thread_blocked, id=11524, stack(0x000000d6a3200000,0x000000d6a3300000)]
  0x0000029872b05500 JavaThread "Sweeper thread" daemon [_thread_blocked, id=6456, stack(0x000000d6a3300000,0x000000d6a3400000)]
  0x0000029872acd040 JavaThread "Common-Cleaner" daemon [_thread_blocked, id=15856, stack(0x000000d6a3500000,0x000000d6a3600000)]
  0x0000029878446fc0 JavaThread "Notification Thread" daemon [_thread_blocked, id=1524, stack(0x000000d6a3c00000,0x000000d6a3d00000)]
  0x0000029878515380 JavaThread "QuantumRenderer-0" daemon [_thread_blocked, id=10792, stack(0x000000d6a3e00000,0x000000d6a3f00000)]
  0x00000298783467a0 JavaThread "InvokeLaterDispatcher" daemon [_thread_blocked, id=12256, stack(0x000000d6a3f00000,0x000000d6a4000000)]
=>0x0000029878348410 JavaThread "JavaFX Application Thread" [_thread_in_native, id=13348, stack(0x000000d6a4000000,0x000000d6a4100000)]
  0x0000029878964a30 JavaThread "JavaFX-Launcher" [_thread_blocked, id=18372, stack(0x000000d6a4500000,0x000000d6a4600000)]
  0x00000298789e8f80 JavaThread "Thread-2" daemon [_thread_in_native, id=18120, stack(0x000000d6a4400000,0x000000d6a4500000)]
  0x0000029878e054d0 JavaThread "Prism Font Disposer" daemon [_thread_blocked, id=11316, stack(0x000000d6a4e00000,0x000000d6a4f00000)]
  0x000002987ebefb30 JavaThread "Cleaner-0" daemon [_thread_blocked, id=5420, stack(0x000000d6a4f00000,0x000000d6a5000000)]

Other Threads:
  0x0000029872adbdf0 VMThread "VM Thread" [stack: 0x000000d6a2a00000,0x000000d6a2b00000] [id=2040]
  0x0000029873aedd10 WatcherThread [stack: 0x000000d6a3d00000,0x000000d6a3e00000] [id=7016]
  0x000002984f4e7a40 GCTaskThread "GC Thread#0" [stack: 0x000000d6a2500000,0x000000d6a2600000] [id=8148]
  0x0000029878a0e8d0 GCTaskThread "GC Thread#1" [stack: 0x000000d6a4600000,0x000000d6a4700000] [id=13516]
  0x0000029878981d80 GCTaskThread "GC Thread#2" [stack: 0x000000d6a4700000,0x000000d6a4800000] [id=17852]
  0x0000029878950da0 GCTaskThread "GC Thread#3" [stack: 0x000000d6a4800000,0x000000d6a4900000] [id=13716]
  0x00000298789bd9b0 GCTaskThread "GC Thread#4" [stack: 0x000000d6a4900000,0x000000d6a4a00000] [id=16656]
  0x00000298789e5990 GCTaskThread "GC Thread#5" [stack: 0x000000d6a4a00000,0x000000d6a4b00000] [id=12336]
  0x0000029878658660 GCTaskThread "GC Thread#6" [stack: 0x000000d6a3800000,0x000000d6a3900000] [id=13160]
  0x000002987863def0 GCTaskThread "GC Thread#7" [stack: 0x000000d6a3900000,0x000000d6a3a00000] [id=17856]
  0x000002987e800680 GCTaskThread "GC Thread#8" [stack: 0x000000d6a3a00000,0x000000d6a3b00000] [id=17656]
  0x000002987863d290 GCTaskThread "GC Thread#9" [stack: 0x000000d6a3b00000,0x000000d6a3c00000] [id=17772]
  0x000002984f4f9320 ConcurrentGCThread "G1 Main Marker" [stack: 0x000000d6a2600000,0x000000d6a2700000] [id=17216]
  0x000002984f4f9d40 ConcurrentGCThread "G1 Conc#0" [stack: 0x000000d6a2700000,0x000000d6a2800000] [id=15220]
  0x000002984f52ec20 ConcurrentGCThread "G1 Refine#0" [stack: 0x000000d6a2800000,0x000000d6a2900000] [id=7088]
  0x0000029872a0cb30 ConcurrentGCThread "G1 Service" [stack: 0x000000d6a2900000,0x000000d6a2a00000] [id=18380]

Threads with active compile tasks:

VM state: not at safepoint (normal execution)

VM Mutex/Monitor currently owned by a thread: None

Heap address: 0x0000000703400000, size: 4044 MB, Compressed Oops mode: Zero based, Oop shift amount: 3

CDS archive(s) mapped at: [0x0000029800000000-0x0000029800bb0000-0x0000029800bb0000), size 12255232, SharedBaseAddress: 0x0000029800000000, ArchiveRelocationMode: 1.
Compressed class space mapped at: 0x0000029801000000-0x0000029841000000, reserved size: 1073741824
Narrow klass base: 0x0000029800000000, Narrow klass shift: 0, Narrow klass range: 0x100000000

GC Precious Log:
 CPUs: 16 total, 16 available
 Memory: 16168M
 Large Page Support: Disabled
 NUMA Support: Disabled
 Compressed Oops: Enabled (Zero based)
 Heap Region Size: 2M
 Heap Min Capacity: 8M
 Heap Initial Capacity: 254M
 Heap Max Capacity: 4044M
 Pre-touch: Disabled
 Parallel Workers: 13
 Concurrent Workers: 3
 Concurrent Refinement Workers: 13
 Periodic GC: Disabled

Heap:
 garbage-first heap   total 260096K, used 17052K [0x0000000703400000, 0x0000000800000000)
  region size 2048K, 8 young (16384K), 3 survivors (6144K)
 Metaspace       used 14527K, committed 14720K, reserved 1114112K
  class space    used 1958K, committed 2048K, reserved 1048576K

Heap Regions: E=young(eden), S=young(survivor), O=old, HS=humongous(starts), HC=humongous(continues), CS=collection set, F=free, OA=open archive, CA=closed archive, TAMS=top-at-mark-start (previous, next)
|   0|0x0000000703400000, 0x0000000703600000, 0x0000000703600000|100%|HS|  |TAMS 0x0000000703400000, 0x0000000703400000| Complete 
|   1|0x0000000703600000, 0x00000007036a7200, 0x0000000703800000| 32%| O|  |TAMS 0x0000000703600000, 0x0000000703600000| Untracked 
|   2|0x0000000703800000, 0x0000000703800000, 0x0000000703a00000|  0%| F|  |TAMS 0x0000000703800000, 0x0000000703800000| Untracked 
|   3|0x0000000703a00000, 0x0000000703a00000, 0x0000000703c00000|  0%| F|  |TAMS 0x0000000703a00000, 0x0000000703a00000| Untracked 
|   4|0x0000000703c00000, 0x0000000703c00000, 0x0000000703e00000|  0%| F|  |TAMS 0x0000000703c00000, 0x0000000703c00000| Untracked 
|   5|0x0000000703e00000, 0x0000000703e00000, 0x0000000704000000|  0%| F|  |TAMS 0x0000000703e00000, 0x0000000703e00000| Untracked 
|   6|0x0000000704000000, 0x0000000704000000, 0x0000000704200000|  0%| F|  |TAMS 0x0000000704000000, 0x0000000704000000| Untracked 
|   7|0x0000000704200000, 0x0000000704200000, 0x0000000704400000|  0%| F|  |TAMS 0x0000000704200000, 0x0000000704200000| Untracked 
|   8|0x0000000704400000, 0x0000000704400000, 0x0000000704600000|  0%| F|  |TAMS 0x0000000704400000, 0x0000000704400000| Untracked 
|   9|0x0000000704600000, 0x0000000704600000, 0x0000000704800000|  0%| F|  |TAMS 0x0000000704600000, 0x0000000704600000| Untracked 
|  10|0x0000000704800000, 0x0000000704800000, 0x0000000704a00000|  0%| F|  |TAMS 0x0000000704800000, 0x0000000704800000| Untracked 
|  11|0x0000000704a00000, 0x0000000704a00000, 0x0000000704c00000|  0%| F|  |TAMS 0x0000000704a00000, 0x0000000704a00000| Untracked 
|  12|0x0000000704c00000, 0x0000000704c00000, 0x0000000704e00000|  0%| F|  |TAMS 0x0000000704c00000, 0x0000000704c00000| Untracked 
|  13|0x0000000704e00000, 0x0000000704e00000, 0x0000000705000000|  0%| F|  |TAMS 0x0000000704e00000, 0x0000000704e00000| Untracked 
|  14|0x0000000705000000, 0x0000000705000000, 0x0000000705200000|  0%| F|  |TAMS 0x0000000705000000, 0x0000000705000000| Untracked 
|  15|0x0000000705200000, 0x0000000705200000, 0x0000000705400000|  0%| F|  |TAMS 0x0000000705200000, 0x0000000705200000| Untracked 
|  16|0x0000000705400000, 0x0000000705400000, 0x0000000705600000|  0%| F|  |TAMS 0x0000000705400000, 0x0000000705400000| Untracked 
|  17|0x0000000705600000, 0x0000000705600000, 0x0000000705800000|  0%| F|  |TAMS 0x0000000705600000, 0x0000000705600000| Untracked 
|  18|0x0000000705800000, 0x0000000705800000, 0x0000000705a00000|  0%| F|  |TAMS 0x0000000705800000, 0x0000000705800000| Untracked 
|  19|0x0000000705a00000, 0x0000000705a00000, 0x0000000705c00000|  0%| F|  |TAMS 0x0000000705a00000, 0x0000000705a00000| Untracked 
|  20|0x0000000705c00000, 0x0000000705c00000, 0x0000000705e00000|  0%| F|  |TAMS 0x0000000705c00000, 0x0000000705c00000| Untracked 
|  21|0x0000000705e00000, 0x0000000705e00000, 0x0000000706000000|  0%| F|  |TAMS 0x0000000705e00000, 0x0000000705e00000| Untracked 
|  22|0x0000000706000000, 0x0000000706000000, 0x0000000706200000|  0%| F|  |TAMS 0x0000000706000000, 0x0000000706000000| Untracked 
|  23|0x0000000706200000, 0x0000000706200000, 0x0000000706400000|  0%| F|  |TAMS 0x0000000706200000, 0x0000000706200000| Untracked 
|  24|0x0000000706400000, 0x0000000706400000, 0x0000000706600000|  0%| F|  |TAMS 0x0000000706400000, 0x0000000706400000| Untracked 
|  25|0x0000000706600000, 0x0000000706600000, 0x0000000706800000|  0%| F|  |TAMS 0x0000000706600000, 0x0000000706600000| Untracked 
|  26|0x0000000706800000, 0x0000000706800000, 0x0000000706a00000|  0%| F|  |TAMS 0x0000000706800000, 0x0000000706800000| Untracked 
|  27|0x0000000706a00000, 0x0000000706a00000, 0x0000000706c00000|  0%| F|  |TAMS 0x0000000706a00000, 0x0000000706a00000| Untracked 
|  28|0x0000000706c00000, 0x0000000706c00000, 0x0000000706e00000|  0%| F|  |TAMS 0x0000000706c00000, 0x0000000706c00000| Untracked 
|  29|0x0000000706e00000, 0x0000000706e00000, 0x0000000707000000|  0%| F|  |TAMS 0x0000000706e00000, 0x0000000706e00000| Untracked 
|  30|0x0000000707000000, 0x0000000707000000, 0x0000000707200000|  0%| F|  |TAMS 0x0000000707000000, 0x0000000707000000| Untracked 
|  31|0x0000000707200000, 0x0000000707200000, 0x0000000707400000|  0%| F|  |TAMS 0x0000000707200000, 0x0000000707200000| Untracked 
|  32|0x0000000707400000, 0x0000000707400000, 0x0000000707600000|  0%| F|  |TAMS 0x0000000707400000, 0x0000000707400000| Untracked 
|  33|0x0000000707600000, 0x0000000707600000, 0x0000000707800000|  0%| F|  |TAMS 0x0000000707600000, 0x0000000707600000| Untracked 
|  34|0x0000000707800000, 0x0000000707800000, 0x0000000707a00000|  0%| F|  |TAMS 0x0000000707800000, 0x0000000707800000| Untracked 
|  35|0x0000000707a00000, 0x0000000707a00000, 0x0000000707c00000|  0%| F|  |TAMS 0x0000000707a00000, 0x0000000707a00000| Untracked 
|  36|0x0000000707c00000, 0x0000000707c00000, 0x0000000707e00000|  0%| F|  |TAMS 0x0000000707c00000, 0x0000000707c00000| Untracked 
|  37|0x0000000707e00000, 0x0000000707e00000, 0x0000000708000000|  0%| F|  |TAMS 0x0000000707e00000, 0x0000000707e00000| Untracked 
|  38|0x0000000708000000, 0x0000000708000000, 0x0000000708200000|  0%| F|  |TAMS 0x0000000708000000, 0x0000000708000000| Untracked 
|  39|0x0000000708200000, 0x0000000708200000, 0x0000000708400000|  0%| F|  |TAMS 0x0000000708200000, 0x0000000708200000| Untracked 
|  40|0x0000000708400000, 0x0000000708400000, 0x0000000708600000|  0%| F|  |TAMS 0x0000000708400000, 0x0000000708400000| Untracked 
|  41|0x0000000708600000, 0x0000000708600000, 0x0000000708800000|  0%| F|  |TAMS 0x0000000708600000, 0x0000000708600000| Untracked 
|  42|0x0000000708800000, 0x0000000708800000, 0x0000000708a00000|  0%| F|  |TAMS 0x0000000708800000, 0x0000000708800000| Untracked 
|  43|0x0000000708a00000, 0x0000000708a00000, 0x0000000708c00000|  0%| F|  |TAMS 0x0000000708a00000, 0x0000000708a00000| Untracked 
|  44|0x0000000708c00000, 0x0000000708c00000, 0x0000000708e00000|  0%| F|  |TAMS 0x0000000708c00000, 0x0000000708c00000| Untracked 
|  45|0x0000000708e00000, 0x0000000708e00000, 0x0000000709000000|  0%| F|  |TAMS 0x0000000708e00000, 0x0000000708e00000| Untracked 
|  46|0x0000000709000000, 0x0000000709000000, 0x0000000709200000|  0%| F|  |TAMS 0x0000000709000000, 0x0000000709000000| Untracked 
|  47|0x0000000709200000, 0x0000000709200000, 0x0000000709400000|  0%| F|  |TAMS 0x0000000709200000, 0x0000000709200000| Untracked 
|  48|0x0000000709400000, 0x0000000709400000, 0x0000000709600000|  0%| F|  |TAMS 0x0000000709400000, 0x0000000709400000| Untracked 
|  49|0x0000000709600000, 0x0000000709600000, 0x0000000709800000|  0%| F|  |TAMS 0x0000000709600000, 0x0000000709600000| Untracked 
|  50|0x0000000709800000, 0x0000000709800000, 0x0000000709a00000|  0%| F|  |TAMS 0x0000000709800000, 0x0000000709800000| Untracked 
|  51|0x0000000709a00000, 0x0000000709a00000, 0x0000000709c00000|  0%| F|  |TAMS 0x0000000709a00000, 0x0000000709a00000| Untracked 
|  52|0x0000000709c00000, 0x0000000709c00000, 0x0000000709e00000|  0%| F|  |TAMS 0x0000000709c00000, 0x0000000709c00000| Untracked 
|  53|0x0000000709e00000, 0x0000000709e00000, 0x000000070a000000|  0%| F|  |TAMS 0x0000000709e00000, 0x0000000709e00000| Untracked 
|  54|0x000000070a000000, 0x000000070a000000, 0x000000070a200000|  0%| F|  |TAMS 0x000000070a000000, 0x000000070a000000| Untracked 
|  55|0x000000070a200000, 0x000000070a200000, 0x000000070a400000|  0%| F|  |TAMS 0x000000070a200000, 0x000000070a200000| Untracked 
|  56|0x000000070a400000, 0x000000070a400000, 0x000000070a600000|  0%| F|  |TAMS 0x000000070a400000, 0x000000070a400000| Untracked 
|  57|0x000000070a600000, 0x000000070a600000, 0x000000070a800000|  0%| F|  |TAMS 0x000000070a600000, 0x000000070a600000| Untracked 
|  58|0x000000070a800000, 0x000000070a800000, 0x000000070aa00000|  0%| F|  |TAMS 0x000000070a800000, 0x000000070a800000| Untracked 
|  59|0x000000070aa00000, 0x000000070aa00000, 0x000000070ac00000|  0%| F|  |TAMS 0x000000070aa00000, 0x000000070aa00000| Untracked 
|  60|0x000000070ac00000, 0x000000070ac00000, 0x000000070ae00000|  0%| F|  |TAMS 0x000000070ac00000, 0x000000070ac00000| Untracked 
|  61|0x000000070ae00000, 0x000000070ae00000, 0x000000070b000000|  0%| F|  |TAMS 0x000000070ae00000, 0x000000070ae00000| Untracked 
|  62|0x000000070b000000, 0x000000070b000000, 0x000000070b200000|  0%| F|  |TAMS 0x000000070b000000, 0x000000070b000000| Untracked 
|  63|0x000000070b200000, 0x000000070b200000, 0x000000070b400000|  0%| F|  |TAMS 0x000000070b200000, 0x000000070b200000| Untracked 
|  64|0x000000070b400000, 0x000000070b400000, 0x000000070b600000|  0%| F|  |TAMS 0x000000070b400000, 0x000000070b400000| Untracked 
|  65|0x000000070b600000, 0x000000070b600000, 0x000000070b800000|  0%| F|  |TAMS 0x000000070b600000, 0x000000070b600000| Untracked 
|  66|0x000000070b800000, 0x000000070b800000, 0x000000070ba00000|  0%| F|  |TAMS 0x000000070b800000, 0x000000070b800000| Untracked 
|  67|0x000000070ba00000, 0x000000070ba00000, 0x000000070bc00000|  0%| F|  |TAMS 0x000000070ba00000, 0x000000070ba00000| Untracked 
|  68|0x000000070bc00000, 0x000000070bc00000, 0x000000070be00000|  0%| F|  |TAMS 0x000000070bc00000, 0x000000070bc00000| Untracked 
|  69|0x000000070be00000, 0x000000070be00000, 0x000000070c000000|  0%| F|  |TAMS 0x000000070be00000, 0x000000070be00000| Untracked 
|  70|0x000000070c000000, 0x000000070c000000, 0x000000070c200000|  0%| F|  |TAMS 0x000000070c000000, 0x000000070c000000| Untracked 
|  71|0x000000070c200000, 0x000000070c200000, 0x000000070c400000|  0%| F|  |TAMS 0x000000070c200000, 0x000000070c200000| Untracked 
|  72|0x000000070c400000, 0x000000070c400000, 0x000000070c600000|  0%| F|  |TAMS 0x000000070c400000, 0x000000070c400000| Untracked 
|  73|0x000000070c600000, 0x000000070c600000, 0x000000070c800000|  0%| F|  |TAMS 0x000000070c600000, 0x000000070c600000| Untracked 
|  74|0x000000070c800000, 0x000000070c800000, 0x000000070ca00000|  0%| F|  |TAMS 0x000000070c800000, 0x000000070c800000| Untracked 
|  75|0x000000070ca00000, 0x000000070ca00000, 0x000000070cc00000|  0%| F|  |TAMS 0x000000070ca00000, 0x000000070ca00000| Untracked 
|  76|0x000000070cc00000, 0x000000070cc00000, 0x000000070ce00000|  0%| F|  |TAMS 0x000000070cc00000, 0x000000070cc00000| Untracked 
|  77|0x000000070ce00000, 0x000000070ce00000, 0x000000070d000000|  0%| F|  |TAMS 0x000000070ce00000, 0x000000070ce00000| Untracked 
|  78|0x000000070d000000, 0x000000070d000000, 0x000000070d200000|  0%| F|  |TAMS 0x000000070d000000, 0x000000070d000000| Untracked 
|  79|0x000000070d200000, 0x000000070d200000, 0x000000070d400000|  0%| F|  |TAMS 0x000000070d200000, 0x000000070d200000| Untracked 
|  80|0x000000070d400000, 0x000000070d400000, 0x000000070d600000|  0%| F|  |TAMS 0x000000070d400000, 0x000000070d400000| Untracked 
|  81|0x000000070d600000, 0x000000070d600000, 0x000000070d800000|  0%| F|  |TAMS 0x000000070d600000, 0x000000070d600000| Untracked 
|  82|0x000000070d800000, 0x000000070d800000, 0x000000070da00000|  0%| F|  |TAMS 0x000000070d800000, 0x000000070d800000| Untracked 
|  83|0x000000070da00000, 0x000000070da00000, 0x000000070dc00000|  0%| F|  |TAMS 0x000000070da00000, 0x000000070da00000| Untracked 
|  84|0x000000070dc00000, 0x000000070dc00000, 0x000000070de00000|  0%| F|  |TAMS 0x000000070dc00000, 0x000000070dc00000| Untracked 
|  85|0x000000070de00000, 0x000000070de00000, 0x000000070e000000|  0%| F|  |TAMS 0x000000070de00000, 0x000000070de00000| Untracked 
|  86|0x000000070e000000, 0x000000070e000000, 0x000000070e200000|  0%| F|  |TAMS 0x000000070e000000, 0x000000070e000000| Untracked 
|  87|0x000000070e200000, 0x000000070e200000, 0x000000070e400000|  0%| F|  |TAMS 0x000000070e200000, 0x000000070e200000| Untracked 
|  88|0x000000070e400000, 0x000000070e400000, 0x000000070e600000|  0%| F|  |TAMS 0x000000070e400000, 0x000000070e400000| Untracked 
|  89|0x000000070e600000, 0x000000070e600000, 0x000000070e800000|  0%| F|  |TAMS 0x000000070e600000, 0x000000070e600000| Untracked 
|  90|0x000000070e800000, 0x000000070e800000, 0x000000070ea00000|  0%| F|  |TAMS 0x000000070e800000, 0x000000070e800000| Untracked 
|  91|0x000000070ea00000, 0x000000070ea00000, 0x000000070ec00000|  0%| F|  |TAMS 0x000000070ea00000, 0x000000070ea00000| Untracked 
|  92|0x000000070ec00000, 0x000000070ec00000, 0x000000070ee00000|  0%| F|  |TAMS 0x000000070ec00000, 0x000000070ec00000| Untracked 
|  93|0x000000070ee00000, 0x000000070ee00000, 0x000000070f000000|  0%| F|  |TAMS 0x000000070ee00000, 0x000000070ee00000| Untracked 
|  94|0x000000070f000000, 0x000000070f000000, 0x000000070f200000|  0%| F|  |TAMS 0x000000070f000000, 0x000000070f000000| Untracked 
|  95|0x000000070f200000, 0x000000070f200000, 0x000000070f400000|  0%| F|  |TAMS 0x000000070f200000, 0x000000070f200000| Untracked 
|  96|0x000000070f400000, 0x000000070f400000, 0x000000070f600000|  0%| F|  |TAMS 0x000000070f400000, 0x000000070f400000| Untracked 
|  97|0x000000070f600000, 0x000000070f600000, 0x000000070f800000|  0%| F|  |TAMS 0x000000070f600000, 0x000000070f600000| Untracked 
|  98|0x000000070f800000, 0x000000070f800000, 0x000000070fa00000|  0%| F|  |TAMS 0x000000070f800000, 0x000000070f800000| Untracked 
|  99|0x000000070fa00000, 0x000000070fa00000, 0x000000070fc00000|  0%| F|  |TAMS 0x000000070fa00000, 0x000000070fa00000| Untracked 
| 100|0x000000070fc00000, 0x000000070fc00000, 0x000000070fe00000|  0%| F|  |TAMS 0x000000070fc00000, 0x000000070fc00000| Untracked 
| 101|0x000000070fe00000, 0x000000070fe00000, 0x0000000710000000|  0%| F|  |TAMS 0x000000070fe00000, 0x000000070fe00000| Untracked 
| 102|0x0000000710000000, 0x0000000710000000, 0x0000000710200000|  0%| F|  |TAMS 0x0000000710000000, 0x0000000710000000| Untracked 
| 103|0x0000000710200000, 0x0000000710400000, 0x0000000710400000|100%| S|CS|TAMS 0x0000000710200000, 0x0000000710200000| Complete 
| 104|0x0000000710400000, 0x0000000710600000, 0x0000000710600000|100%| S|CS|TAMS 0x0000000710400000, 0x0000000710400000| Complete 
| 105|0x0000000710600000, 0x0000000710800000, 0x0000000710800000|100%| S|CS|TAMS 0x0000000710600000, 0x0000000710600000| Complete 
| 106|0x0000000710800000, 0x0000000710800000, 0x0000000710a00000|  0%| F|  |TAMS 0x0000000710800000, 0x0000000710800000| Untracked 
| 107|0x0000000710a00000, 0x0000000710a00000, 0x0000000710c00000|  0%| F|  |TAMS 0x0000000710a00000, 0x0000000710a00000| Untracked 
| 108|0x0000000710c00000, 0x0000000710c00000, 0x0000000710e00000|  0%| F|  |TAMS 0x0000000710c00000, 0x0000000710c00000| Untracked 
| 109|0x0000000710e00000, 0x0000000710e00000, 0x0000000711000000|  0%| F|  |TAMS 0x0000000710e00000, 0x0000000710e00000| Untracked 
| 110|0x0000000711000000, 0x0000000711000000, 0x0000000711200000|  0%| F|  |TAMS 0x0000000711000000, 0x0000000711000000| Untracked 
| 111|0x0000000711200000, 0x0000000711200000, 0x0000000711400000|  0%| F|  |TAMS 0x0000000711200000, 0x0000000711200000| Untracked 
| 112|0x0000000711400000, 0x0000000711400000, 0x0000000711600000|  0%| F|  |TAMS 0x0000000711400000, 0x0000000711400000| Untracked 
| 113|0x0000000711600000, 0x0000000711600000, 0x0000000711800000|  0%| F|  |TAMS 0x0000000711600000, 0x0000000711600000| Untracked 
| 114|0x0000000711800000, 0x0000000711800000, 0x0000000711a00000|  0%| F|  |TAMS 0x0000000711800000, 0x0000000711800000| Untracked 
| 115|0x0000000711a00000, 0x0000000711a00000, 0x0000000711c00000|  0%| F|  |TAMS 0x0000000711a00000, 0x0000000711a00000| Untracked 
| 116|0x0000000711c00000, 0x0000000711c00000, 0x0000000711e00000|  0%| F|  |TAMS 0x0000000711c00000, 0x0000000711c00000| Untracked 
| 117|0x0000000711e00000, 0x0000000711e00000, 0x0000000712000000|  0%| F|  |TAMS 0x0000000711e00000, 0x0000000711e00000| Untracked 
| 118|0x0000000712000000, 0x0000000712000000, 0x0000000712200000|  0%| F|  |TAMS 0x0000000712000000, 0x0000000712000000| Untracked 
| 119|0x0000000712200000, 0x0000000712200000, 0x0000000712400000|  0%| F|  |TAMS 0x0000000712200000, 0x0000000712200000| Untracked 
| 120|0x0000000712400000, 0x0000000712400000, 0x0000000712600000|  0%| F|  |TAMS 0x0000000712400000, 0x0000000712400000| Untracked 
| 121|0x0000000712600000, 0x0000000712600000, 0x0000000712800000|  0%| F|  |TAMS 0x0000000712600000, 0x0000000712600000| Untracked 
| 122|0x0000000712800000, 0x00000007128df4f0, 0x0000000712a00000| 43%| E|  |TAMS 0x0000000712800000, 0x0000000712800000| Complete 
| 123|0x0000000712a00000, 0x0000000712c00000, 0x0000000712c00000|100%| E|CS|TAMS 0x0000000712a00000, 0x0000000712a00000| Complete 
| 124|0x0000000712c00000, 0x0000000712e00000, 0x0000000712e00000|100%| E|CS|TAMS 0x0000000712c00000, 0x0000000712c00000| Complete 
| 125|0x0000000712e00000, 0x0000000713000000, 0x0000000713000000|100%| E|CS|TAMS 0x0000000712e00000, 0x0000000712e00000| Complete 
| 126|0x0000000713000000, 0x0000000713200000, 0x0000000713200000|100%| E|CS|TAMS 0x0000000713000000, 0x0000000713000000| Complete 

Card table byte_map: [0x0000029867810000,0x0000029868000000] _byte_map_base: 0x0000029863ff6000

Marking Bits (Prev, Next): (CMBitMap*) 0x000002984f4e8060, (CMBitMap*) 0x000002984f4e80a0
 Prev Bits: [0x00000298687f0000, 0x000002986c720000)
 Next Bits: [0x000002986c720000, 0x0000029870650000)

Polling page: 0x000002984dbc0000

Metaspace:

Usage:
  Non-class:     12.27 MB used.
      Class:      1.91 MB used.
       Both:     14.19 MB used.

Virtual space:
  Non-class space:       64.00 MB reserved,      12.38 MB ( 19%) committed,  1 nodes.
      Class space:        1.00 GB reserved,       2.00 MB ( <1%) committed,  1 nodes.
             Both:        1.06 GB reserved,      14.38 MB (  1%) committed. 

Chunk freelists:
   Non-Class:  2.50 MB
       Class:  14.02 MB
        Both:  16.52 MB

MaxMetaspaceSize: unlimited
CompressedClassSpaceSize: 1.00 GB
Initial GC threshold: 21.00 MB
Current GC threshold: 21.00 MB
CDS: on
MetaspaceReclaimPolicy: balanced
 - commit_granule_bytes: 65536.
 - commit_granule_words: 8192.
 - virtual_space_node_default_size: 8388608.
 - enlarge_chunks_in_place: 1.
 - new_chunks_are_fully_committed: 0.
 - uncommit_free_chunks: 1.
 - use_allocation_guard: 0.
 - handle_deallocations: 1.


Internal statistics:

num_allocs_failed_limit: 0.
num_arena_births: 180.
num_arena_deaths: 0.
num_vsnodes_births: 2.
num_vsnodes_deaths: 0.
num_space_committed: 230.
num_space_uncommitted: 0.
num_chunks_returned_to_freelist: 0.
num_chunks_taken_from_freelist: 670.
num_chunk_merges: 0.
num_chunk_splits: 476.
num_chunks_enlarged: 394.
num_inconsistent_stats: 0.

CodeHeap 'non-profiled nmethods': size=119168Kb used=1889Kb max_used=1889Kb free=117279Kb
 bounds [0x000002985ec00000, 0x000002985ee70000, 0x0000029866060000]
CodeHeap 'profiled nmethods': size=119104Kb used=7891Kb max_used=7891Kb free=111212Kb
 bounds [0x0000029857060000, 0x0000029857820000, 0x000002985e4b0000]
CodeHeap 'non-nmethods': size=7488Kb used=1411Kb max_used=3193Kb free=6076Kb
 bounds [0x000002985e4b0000, 0x000002985e7e0000, 0x000002985ec00000]
 total_blobs=4612 nmethods=3845 adapters=679
 compilation: enabled
              stopped_count=0, restarted_count=0
 full_count=0

Compilation events (20 events):
Event: 50.187 Thread 0x0000029872b04b00 nmethod 3837 0x000002985edd7210 code [0x000002985edd73a0, 0x000002985edd7478]
Event: 50.188 Thread 0x0000029872b04100 nmethod 3838 0x000002985edd7510 code [0x000002985edd76a0, 0x000002985edd7758]
Event: 50.288 Thread 0x0000029872b04b00 3843       3       java.util.Collections$UnmodifiableCollection::contains (11 bytes)
Event: 50.288 Thread 0x0000029872b04b00 nmethod 3843 0x0000029857812e10 code [0x0000029857812fc0, 0x00000298578131a8]
Event: 50.288 Thread 0x0000029872b04b00 3839       1       java.util.stream.Collectors$CollectorImpl::supplier (5 bytes)
Event: 50.288 Thread 0x0000029872b04b00 nmethod 3839 0x000002985edd7810 code [0x000002985edd79a0, 0x000002985edd7a78]
Event: 50.288 Thread 0x0000029872b04b00 3840       1       java.util.stream.Collectors$CollectorImpl::accumulator (5 bytes)
Event: 50.288 Thread 0x0000029872b04b00 nmethod 3840 0x000002985edd7b10 code [0x000002985edd7ca0, 0x000002985edd7d78]
Event: 50.288 Thread 0x0000029872b04b00 3841       1       java.util.stream.Collectors$CollectorImpl::combiner (5 bytes)
Event: 50.289 Thread 0x0000029872b04b00 nmethod 3841 0x000002985edd7e10 code [0x000002985edd7fa0, 0x000002985edd8078]
Event: 50.289 Thread 0x0000029872b04b00 3842       1       java.util.stream.ReduceOps$Box::get (5 bytes)
Event: 50.289 Thread 0x0000029872b04b00 nmethod 3842 0x000002985edd8110 code [0x000002985edd82a0, 0x000002985edd8378]
Event: 50.303 Thread 0x0000029872b04b00 3844       3       javafx.beans.value.WeakChangeListener::changed (38 bytes)
Event: 50.304 Thread 0x0000029872b04b00 nmethod 3844 0x0000029857813290 code [0x0000029857813460, 0x0000029857813958]
Event: 50.304 Thread 0x0000029872b04b00 3845       3       com.sun.javafx.scene.control.LambdaMultiplePropertyChangeListenerHandler$$Lambda$198/0x0000029801146b98::changed (11 bytes)
Event: 50.304 Thread 0x0000029872b04b00 nmethod 3845 0x0000029857813a90 code [0x0000029857813c60, 0x0000029857814098]
Event: 50.304 Thread 0x0000029872b04b00 3846       3       com.sun.javafx.scene.control.LambdaMultiplePropertyChangeListenerHandler::lambda$new$1 (23 bytes)
Event: 50.304 Thread 0x0000029872b04b00 nmethod 3846 0x0000029857814210 code [0x00000298578143e0, 0x00000298578147b8]
Event: 50.306 Thread 0x0000029872b04b00 3847       3       java.lang.String::valueOf (15 bytes)
Event: 50.306 Thread 0x0000029872b04b00 nmethod 3847 0x0000029857814910 code [0x0000029857814ac0, 0x0000029857814cc8]

GC Heap History (4 events):
Event: 0.363 GC heap before
{Heap before GC invocations=0 (full 0):
 garbage-first heap   total 260096K, used 22528K [0x0000000703400000, 0x0000000800000000)
  region size 2048K, 11 young (22528K), 0 survivors (0K)
 Metaspace       used 4925K, committed 5120K, reserved 1114112K
  class space    used 625K, committed 768K, reserved 1048576K
}
Event: 0.364 GC heap after
{Heap after GC invocations=1 (full 0):
 garbage-first heap   total 260096K, used 2749K [0x0000000703400000, 0x0000000800000000)
  region size 2048K, 2 young (4096K), 2 survivors (4096K)
 Metaspace       used 4925K, committed 5120K, reserved 1114112K
  class space    used 625K, committed 768K, reserved 1048576K
}
Event: 12.468 GC heap before
{Heap before GC invocations=1 (full 0):
 garbage-first heap   total 260096K, used 43709K [0x0000000703400000, 0x0000000800000000)
  region size 2048K, 21 young (43008K), 2 survivors (4096K)
 Metaspace       used 13805K, committed 13952K, reserved 1114112K
  class space    used 1889K, committed 1984K, reserved 1048576K
}
Event: 12.472 GC heap after
{Heap after GC invocations=2 (full 0):
 garbage-first heap   total 260096K, used 8860K [0x0000000703400000, 0x0000000800000000)
  region size 2048K, 3 young (6144K), 3 survivors (6144K)
 Metaspace       used 13805K, committed 13952K, reserved 1114112K
  class space    used 1889K, committed 1984K, reserved 1048576K
}

Dll operation events (20 events):
Event: 0.171 Loaded shared library C:\Program Files\Eclipse Adoptium\jdk-17.0.16.8-hotspot\bin\api-ms-win-crt-filesystem-l1-1-0.dll
Event: 0.173 Loaded shared library C:\Program Files\Eclipse Adoptium\jdk-17.0.16.8-hotspot\bin\api-ms-win-crt-heap-l1-1-0.dll
Event: 0.174 Loaded shared library C:\Program Files\Eclipse Adoptium\jdk-17.0.16.8-hotspot\bin\api-ms-win-crt-locale-l1-1-0.dll
Event: 0.175 Loaded shared library C:\Program Files\Eclipse Adoptium\jdk-17.0.16.8-hotspot\bin\api-ms-win-crt-math-l1-1-0.dll
Event: 0.176 Loaded shared library C:\Program Files\Eclipse Adoptium\jdk-17.0.16.8-hotspot\bin\api-ms-win-crt-multibyte-l1-1-0.dll
Event: 0.177 Loaded shared library C:\Program Files\Eclipse Adoptium\jdk-17.0.16.8-hotspot\bin\api-ms-win-crt-private-l1-1-0.dll
Event: 0.179 Loaded shared library C:\Program Files\Eclipse Adoptium\jdk-17.0.16.8-hotspot\bin\api-ms-win-crt-process-l1-1-0.dll
Event: 0.180 Loaded shared library C:\Program Files\Eclipse Adoptium\jdk-17.0.16.8-hotspot\bin\api-ms-win-crt-runtime-l1-1-0.dll
Event: 0.181 Loaded shared library C:\Program Files\Eclipse Adoptium\jdk-17.0.16.8-hotspot\bin\api-ms-win-crt-stdio-l1-1-0.dll
Event: 0.183 Loaded shared library C:\Program Files\Eclipse Adoptium\jdk-17.0.16.8-hotspot\bin\api-ms-win-crt-string-l1-1-0.dll
Event: 0.184 Loaded shared library C:\Program Files\Eclipse Adoptium\jdk-17.0.16.8-hotspot\bin\api-ms-win-crt-time-l1-1-0.dll
Event: 0.185 Loaded shared library C:\Program Files\Eclipse Adoptium\jdk-17.0.16.8-hotspot\bin\api-ms-win-crt-utility-l1-1-0.dll
Event: 0.187 Loaded shared library C:\Program Files\Eclipse Adoptium\jdk-17.0.16.8-hotspot\bin\ucrtbase.dll
Event: 0.187 Loaded shared library C:\Program Files\Eclipse Adoptium\jdk-17.0.16.8-hotspot\bin\vcruntime140.dll
Event: 0.188 Loaded shared library C:\Program Files\Eclipse Adoptium\jdk-17.0.16.8-hotspot\bin\msvcp140.dll
Event: 0.189 Loaded shared library C:\Windows\System32\concrt140.dll
Event: 0.237 Loaded shared library C:\Users\emile\.openjfx\cache\12.0.1\prism_d3d.dll
Event: 0.272 Loaded shared library C:\Users\emile\.openjfx\cache\12.0.1\glass.dll
Event: 0.377 Loaded shared library C:\Users\emile\.openjfx\cache\12.0.1\javafx_font.dll
Event: 0.443 Loaded shared library C:\Program Files\Eclipse Adoptium\jdk-17.0.16.8-hotspot\bin\jimage.dll

Deoptimization events (20 events):
Event: 24.603 Thread 0x0000029878515380 Uncommon trap: trap_request=0xffffff6e fr.pc=0x000002985edcfd24 relative=0x0000000000000504
Event: 24.603 Thread 0x0000029878515380 Uncommon trap: reason=loop_limit_check action=maybe_recompile pc=0x000002985edcfd24 method=com.sun.javafx.geom.transform.AffineBase.doTransform([FI[FIII)V @ 464 c2
Event: 24.603 Thread 0x0000029878515380 DEOPT PACKING pc=0x000002985edcfd24 sp=0x000000d6a3efe050
Event: 24.603 Thread 0x0000029878515380 DEOPT UNPACKING pc=0x000002985e5069a3 sp=0x000000d6a3efdf68 mode 2
Event: 24.901 Thread 0x0000029878348410 Uncommon trap: trap_request=0xffffff45 fr.pc=0x000002985ecf82f0 relative=0x0000000000000a10
Event: 24.901 Thread 0x0000029878348410 Uncommon trap: reason=unstable_if action=reinterpret pc=0x000002985ecf82f0 method=javafx.scene.CssStyleHelper.lookup(Ljavafx/css/Styleable;Ljavafx/css/CssMetaData;Lcom/sun/javafx/css/StyleMap;Ljava/util/Set;Ljavafx/css/Styleable;Lcom/sun/javafx/css/Calcul
Event: 24.901 Thread 0x0000029878348410 DEOPT PACKING pc=0x000002985ecf82f0 sp=0x000000d6a40fc7a0
Event: 24.901 Thread 0x0000029878348410 DEOPT UNPACKING pc=0x000002985e5069a3 sp=0x000000d6a40fc718 mode 2
Event: 24.901 Thread 0x0000029878348410 Uncommon trap: trap_request=0xffffff45 fr.pc=0x000002985ecf5498 relative=0x0000000000000758
Event: 24.901 Thread 0x0000029878348410 Uncommon trap: reason=unstable_if action=reinterpret pc=0x000002985ecf5498 method=com.sun.javafx.css.ParsedValueImpl.containsFontRelativeSize(Ljavafx/css/ParsedValue;Z)Z @ 56 c2
Event: 24.901 Thread 0x0000029878348410 DEOPT PACKING pc=0x000002985ecf5498 sp=0x000000d6a40fbf40
Event: 24.901 Thread 0x0000029878348410 DEOPT UNPACKING pc=0x000002985e5069a3 sp=0x000000d6a40fbec8 mode 2
Event: 24.917 Thread 0x0000029878515380 Uncommon trap: trap_request=0xffffffde fr.pc=0x000002985edc3a7c relative=0x000000000000033c
Event: 24.917 Thread 0x0000029878515380 Uncommon trap: reason=class_check action=maybe_recompile pc=0x000002985edc3a7c method=com.sun.javafx.font.CompositeStrike.getStrikeSlot(I)Lcom/sun/javafx/font/FontStrike; @ 16 c2
Event: 24.917 Thread 0x0000029878515380 DEOPT PACKING pc=0x000002985edc3a7c sp=0x000000d6a3efe260
Event: 24.917 Thread 0x0000029878515380 DEOPT UNPACKING pc=0x000002985e5069a3 sp=0x000000d6a3efe220 mode 2
Event: 24.918 Thread 0x0000029878515380 Uncommon trap: trap_request=0xffffff45 fr.pc=0x000002985edcdf28 relative=0x0000000000000cc8
Event: 24.918 Thread 0x0000029878515380 Uncommon trap: reason=unstable_if action=reinterpret pc=0x000002985edcdf28 method=com.sun.prism.impl.GlyphCache.getCachedGlyph(II)Lcom/sun/prism/impl/GlyphCache$GlyphData; @ 366 c2
Event: 24.918 Thread 0x0000029878515380 DEOPT PACKING pc=0x000002985edcdf28 sp=0x000000d6a3efde80
Event: 24.918 Thread 0x0000029878515380 DEOPT UNPACKING pc=0x000002985e5069a3 sp=0x000000d6a3efddb8 mode 2

Classes loaded (20 events):
Event: 7.011 Loading class java/lang/FdLibm$Hypot
Event: 7.011 Loading class java/lang/FdLibm$Hypot done
Event: 7.011 Loading class java/lang/FdLibm
Event: 7.011 Loading class java/lang/FdLibm done
Event: 18.138 Loading class java/util/stream/MatchOps$MatchKind
Event: 18.138 Loading class java/util/stream/MatchOps$MatchKind done
Event: 18.138 Loading class java/util/stream/MatchOps
Event: 18.138 Loading class java/util/stream/MatchOps done
Event: 18.138 Loading class java/util/stream/MatchOps$MatchOp
Event: 18.138 Loading class java/util/stream/MatchOps$MatchOp done
Event: 18.138 Loading class java/util/stream/MatchOps$BooleanTerminalSink
Event: 18.138 Loading class java/util/stream/MatchOps$BooleanTerminalSink done
Event: 18.138 Loading class java/util/stream/MatchOps$1MatchSink
Event: 18.138 Loading class java/util/stream/MatchOps$1MatchSink done
Event: 50.291 Loading class java/util/LinkedList$ListItr
Event: 50.291 Loading class java/util/LinkedList$ListItr done
Event: 50.305 Loading class java/lang/Throwable$WrappedPrintStream
Event: 50.305 Loading class java/lang/Throwable$PrintStreamOrWriter
Event: 50.305 Loading class java/lang/Throwable$PrintStreamOrWriter done
Event: 50.305 Loading class java/lang/Throwable$WrappedPrintStream done

Classes unloaded (0 events):
No events

Classes redefined (0 events):
No events

Internal exceptions (20 events):
Event: 0.348 Thread 0x0000029878348410 Exception <a 'java/lang/NoSuchMethodError'{0x0000000711cb1570}: 'java.lang.Object java.lang.invoke.DirectMethodHandle$Holder.invokeStaticInit(java.lang.Object, java.lang.Object, java.lang.Object, java.lang.Object)'> (0x0000000711cb1570) 
thrown [s\src\hotspot\share\interpreter\linkResolver.cpp, line 759]
Event: 0.348 Thread 0x0000029878348410 Exception <a 'java/lang/NullPointerException'{0x0000000711cbd0f0}> (0x0000000711cbd0f0) 
thrown [s\src\hotspot\share\interpreter\linkResolver.cpp, line 1350]
Event: 0.351 Thread 0x0000029878348410 Exception <a 'java/lang/NoSuchMethodError'{0x0000000711ce5768}: 'void java.lang.invoke.DirectMethodHandle$Holder.invokeSpecial(java.lang.Object, java.lang.Object, java.lang.Object, java.lang.Object, java.lang.Object)'> (0x0000000711ce5768) 
thrown [s\src\hotspot\share\interpreter\linkResolver.cpp, line 759]
Event: 0.421 Thread 0x0000029878348410 Exception <a 'java/lang/NoSuchMethodError'{0x0000000712a37830}: 'void java.lang.invoke.DirectMethodHandle$Holder.invokeStaticInit(java.lang.Object, java.lang.Object)'> (0x0000000712a37830) 
thrown [s\src\hotspot\share\interpreter\linkResolver.cpp, line 759]
Event: 0.561 Thread 0x0000029878348410 Exception <a 'java/lang/NoSuchMethodError'{0x00000007120454f0}: 'java.lang.Object java.lang.invoke.DirectMethodHandle$Holder.invokeInterface(java.lang.Object, java.lang.Object, java.lang.Object)'> (0x00000007120454f0) 
thrown [s\src\hotspot\share\interpreter\linkResolver.cpp, line 759]
Event: 0.561 Thread 0x0000029878348410 Exception <a 'java/lang/IncompatibleClassChangeError'{0x0000000712048e78}: Found class java.lang.Object, but interface was expected> (0x0000000712048e78) 
thrown [s\src\hotspot\share\interpreter\linkResolver.cpp, line 826]
Event: 0.599 Thread 0x0000029878348410 Exception <a 'java/lang/NoSuchMethodError'{0x00000007121e4c00}: 'java.lang.Object java.lang.invoke.DirectMethodHandle$Holder.newInvokeSpecial(java.lang.Object, java.lang.Object, int)'> (0x00000007121e4c00) 
thrown [s\src\hotspot\share\interpreter\linkResolver.cpp, line 759]
Event: 0.613 Thread 0x0000029878515380 Exception <a 'java/lang/NoSuchMethodError'{0x0000000711f55fe8}: 'int java.lang.invoke.DirectMethodHandle$Holder.invokeStaticInit(java.lang.Object, java.lang.Object)'> (0x0000000711f55fe8) 
thrown [s\src\hotspot\share\interpreter\linkResolver.cpp, line 759]
Event: 5.866 Thread 0x0000029878348410 Exception <a 'java/lang/NoSuchMethodError'{0x00000007117bdbd0}: 'long java.lang.invoke.DirectMethodHandle$Holder.invokeStatic(java.lang.Object, java.lang.Object, java.lang.Object)'> (0x00000007117bdbd0) 
thrown [s\src\hotspot\share\interpreter\linkResolver.cpp, line 759]
Event: 5.867 Thread 0x0000029878348410 Exception <a 'java/lang/NoSuchMethodError'{0x00000007117c1378}: 'long java.lang.invoke.DirectMethodHandle$Holder.invokeStaticInit(java.lang.Object, java.lang.Object, java.lang.Object)'> (0x00000007117c1378) 
thrown [s\src\hotspot\share\interpreter\linkResolver.cpp, line 759]
Event: 5.868 Thread 0x0000029878348410 Exception <a 'java/lang/NoSuchMethodError'{0x00000007117d9290}: 'java.lang.Object java.lang.invoke.DirectMethodHandle$Holder.newInvokeSpecial(java.lang.Object, java.lang.Object, long)'> (0x00000007117d9290) 
thrown [s\src\hotspot\share\interpreter\linkResolver.cpp, line 759]
Event: 5.869 Thread 0x0000029878348410 Exception <a 'java/lang/NoSuchMethodError'{0x00000007117dce00}: 'java.lang.Object java.lang.invoke.Invokers$Holder.linkToTargetMethod(java.lang.Object, long, java.lang.Object)'> (0x00000007117dce00) 
thrown [s\src\hotspot\share\interpreter\linkResolver.cpp, line 759]
Event: 5.940 Thread 0x0000029878348410 Exception <a 'java/lang/NoSuchMethodError'{0x00000007112e41f0}: 'void java.lang.invoke.DirectMethodHandle$Holder.invokeSpecialIFC(java.lang.Object, java.lang.Object, java.lang.Object, java.lang.Object)'> (0x00000007112e41f0) 
thrown [s\src\hotspot\share\interpreter\linkResolver.cpp, line 759]
Event: 5.944 Thread 0x0000029878348410 Exception <a 'java/lang/ClassNotFoundException'{0x00000007113364c8}: com/sun/javafx/scene/control/skin/resources/controls> (0x00000007113364c8) 
thrown [s\src\hotspot\share\prims\jni.cpp, line 535]
Event: 5.945 Thread 0x0000029878348410 Exception <a 'java/lang/ClassNotFoundException'{0x00000007113442a8}: com/sun/javafx/scene/control/skin/resources/controls_fr> (0x00000007113442a8) 
thrown [s\src\hotspot\share\prims\jni.cpp, line 535]
Event: 5.946 Thread 0x0000029878348410 Exception <a 'java/lang/ClassNotFoundException'{0x0000000711351e18}: com/sun/javafx/scene/control/skin/resources/controls_fr_FR> (0x0000000711351e18) 
thrown [s\src\hotspot\share\prims\jni.cpp, line 535]
Event: 5.967 Thread 0x0000029878348410 Exception <a 'java/lang/NoSuchMethodError'{0x00000007110eea18}: 'int java.lang.invoke.DirectMethodHandle$Holder.invokeSpecial(java.lang.Object, java.lang.Object, int)'> (0x00000007110eea18) 
thrown [s\src\hotspot\share\interpreter\linkResolver.cpp, line 759]
Event: 6.991 Thread 0x0000029878348410 Implicit null exception at 0x000002985ecb66ef to 0x000002985ecb6ee4
Event: 7.011 Thread 0x0000029878515380 Exception <a 'java/lang/NoSuchMethodError'{0x00000007116a14b8}: 'java.lang.Object java.lang.invoke.DirectMethodHandle$Holder.invokeStaticInit(java.lang.Object, int)'> (0x00000007116a14b8) 
thrown [s\src\hotspot\share\interpreter\linkResolver.cpp, line 759]
Event: 16.496 Thread 0x0000029878348410 Implicit null exception at 0x000002985ed5710d to 0x000002985ed57188

VM Operations (20 events):
Event: 16.522 Executing VM operation: HandshakeAllThreads
Event: 16.522 Executing VM operation: HandshakeAllThreads done
Event: 17.522 Executing VM operation: Cleanup
Event: 17.522 Executing VM operation: Cleanup done
Event: 19.522 Executing VM operation: Cleanup
Event: 19.522 Executing VM operation: Cleanup done
Event: 20.522 Executing VM operation: Cleanup
Event: 20.522 Executing VM operation: Cleanup done
Event: 21.524 Executing VM operation: Cleanup
Event: 21.524 Executing VM operation: Cleanup done
Event: 22.524 Executing VM operation: Cleanup
Event: 22.524 Executing VM operation: Cleanup done
Event: 23.524 Executing VM operation: Cleanup
Event: 23.524 Executing VM operation: Cleanup done
Event: 24.524 Executing VM operation: Cleanup
Event: 24.524 Executing VM operation: Cleanup done
Event: 25.525 Executing VM operation: Cleanup
Event: 25.525 Executing VM operation: Cleanup done
Event: 49.533 Executing VM operation: Cleanup
Event: 49.533 Executing VM operation: Cleanup done

Memory protections (0 events):
No events

Nmethod flushes (0 events):
No events

Events (20 events):
Event: 7.002 Thread 0x0000029872b04b00 Thread added: 0x00000298783b0a20
Event: 7.289 Thread 0x000002987eaf9c90 Thread exited: 0x000002987eaf9c90
Event: 7.289 Thread 0x000002987e915d10 Thread exited: 0x000002987e915d10
Event: 7.321 Thread 0x000002987977d8e0 Thread exited: 0x000002987977d8e0
Event: 7.321 Thread 0x0000029878624e50 Thread exited: 0x0000029878624e50
Event: 8.031 Thread 0x00000298783b0a20 Thread exited: 0x00000298783b0a20
Event: 8.031 Thread 0x00000298738db950 Thread exited: 0x00000298738db950
Event: 8.839 Thread 0x0000029872b3e7d0 Thread exited: 0x0000029872b3e7d0
Event: 10.271 Thread 0x0000029872b04b00 Thread added: 0x000002987eaf9c90
Event: 10.275 Thread 0x000002987eaf9c90 Thread added: 0x000002987ee745a0
Event: 10.275 Thread 0x000002987eaf9c90 Thread added: 0x000002987932e820
Event: 10.438 Thread 0x000002987eaf9c90 Thread exited: 0x000002987eaf9c90
Event: 10.539 Thread 0x000002987932e820 Thread added: 0x000002987eaf9c90
Event: 12.479 Thread 0x000002987eaf9c90 Thread added: 0x000002987e801280
Event: 12.645 Thread 0x000002987e801280 Thread exited: 0x000002987e801280
Event: 19.771 Thread 0x000002987eaf9c90 Thread exited: 0x000002987eaf9c90
Event: 19.771 Thread 0x000002987932e820 Thread exited: 0x000002987932e820
Event: 24.330 Thread 0x000002987ee745a0 Thread added: 0x0000029878b65320
Event: 24.490 Thread 0x0000029878b65320 Thread exited: 0x0000029878b65320
Event: 29.921 Thread 0x000002987ee745a0 Thread exited: 0x000002987ee745a0


Dynamic libraries:
0x00007ff673410000 - 0x00007ff67341e000 	C:\Program Files\Eclipse Adoptium\jdk-17.0.16.8-hotspot\bin\java.exe
0x00007ffd71fc0000 - 0x00007ffd72225000 	C:\WINDOWS\SYSTEM32\ntdll.dll
0x00007ffd70400000 - 0x00007ffd704c9000 	C:\WINDOWS\System32\KERNEL32.DLL
0x00007ffd6f110000 - 0x00007ffd6f4f8000 	C:\WINDOWS\System32\KERNELBASE.dll
0x00007ffd6f850000 - 0x00007ffd6f99b000 	C:\WINDOWS\System32\ucrtbase.dll
0x00007ffd4d030000 - 0x00007ffd4d04e000 	C:\Program Files\Eclipse Adoptium\jdk-17.0.16.8-hotspot\bin\VCRUNTIME140.dll
0x00007ffd55c10000 - 0x00007ffd55c27000 	C:\Program Files\Eclipse Adoptium\jdk-17.0.16.8-hotspot\bin\jli.dll
0x00007ffd70e70000 - 0x00007ffd7103a000 	C:\WINDOWS\System32\USER32.dll
0x00007ffd5bca0000 - 0x00007ffd5bf3a000 	C:\WINDOWS\WinSxS\amd64_microsoft.windows.common-controls_6595b64144ccf1df_6.0.26100.4202_none_3e0698d4e335f517\COMCTL32.dll
0x00007ffd6fd30000 - 0x00007ffd6fd57000 	C:\WINDOWS\System32\win32u.dll
0x00007ffd70e40000 - 0x00007ffd70e6b000 	C:\WINDOWS\System32\GDI32.dll
0x00007ffd71040000 - 0x00007ffd710e9000 	C:\WINDOWS\System32\msvcrt.dll
0x00007ffd6f710000 - 0x00007ffd6f847000 	C:\WINDOWS\System32\gdi32full.dll
0x00007ffd6f5c0000 - 0x00007ffd6f663000 	C:\WINDOWS\System32\msvcp_win.dll
0x00007ffd71850000 - 0x00007ffd71880000 	C:\WINDOWS\System32\IMM32.DLL
0x00007ffd4d540000 - 0x00007ffd4d54c000 	C:\Program Files\Eclipse Adoptium\jdk-17.0.16.8-hotspot\bin\vcruntime140_1.dll
0x00007ffd3c7b0000 - 0x00007ffd3c83d000 	C:\Program Files\Eclipse Adoptium\jdk-17.0.16.8-hotspot\bin\msvcp140.dll
0x00007ffcbf490000 - 0x00007ffcc00fb000 	C:\Program Files\Eclipse Adoptium\jdk-17.0.16.8-hotspot\bin\server\jvm.dll
0x00007ffd71890000 - 0x00007ffd71943000 	C:\WINDOWS\System32\ADVAPI32.dll
0x00007ffd6fe40000 - 0x00007ffd6fee6000 	C:\WINDOWS\System32\sechost.dll
0x00007ffd71e60000 - 0x00007ffd71f75000 	C:\WINDOWS\System32\RPCRT4.dll
0x00007ffd70a70000 - 0x00007ffd70ae4000 	C:\WINDOWS\System32\WS2_32.dll
0x00007ffd6dd50000 - 0x00007ffd6ddae000 	C:\WINDOWS\SYSTEM32\POWRPROF.dll
0x00007ffd62350000 - 0x00007ffd62385000 	C:\WINDOWS\SYSTEM32\WINMM.dll
0x00007ffd68080000 - 0x00007ffd6808b000 	C:\WINDOWS\SYSTEM32\VERSION.dll
0x00007ffd6dd30000 - 0x00007ffd6dd44000 	C:\WINDOWS\SYSTEM32\UMPDC.dll
0x00007ffd6dff0000 - 0x00007ffd6e00b000 	C:\WINDOWS\SYSTEM32\kernel.appcore.dll
0x00007ffd479a0000 - 0x00007ffd479aa000 	C:\Program Files\Eclipse Adoptium\jdk-17.0.16.8-hotspot\bin\jimage.dll
0x00007ffd6ca30000 - 0x00007ffd6cc71000 	C:\WINDOWS\SYSTEM32\DBGHELP.DLL
0x00007ffd70070000 - 0x00007ffd703f5000 	C:\WINDOWS\System32\combase.dll
0x00007ffd705e0000 - 0x00007ffd706c1000 	C:\WINDOWS\System32\OLEAUT32.dll
0x00007ffd55480000 - 0x00007ffd554b9000 	C:\WINDOWS\SYSTEM32\dbgcore.DLL
0x00007ffd6f670000 - 0x00007ffd6f709000 	C:\WINDOWS\System32\bcryptPrimitives.dll
0x00007ffd3faf0000 - 0x00007ffd3fb15000 	C:\Program Files\Eclipse Adoptium\jdk-17.0.16.8-hotspot\bin\java.dll
0x00007ffcf49a0000 - 0x00007ffcf4a77000 	C:\Program Files\Eclipse Adoptium\jdk-17.0.16.8-hotspot\bin\jsvml.dll
0x00007ffd71100000 - 0x00007ffd71842000 	C:\WINDOWS\System32\SHELL32.dll
0x00007ffd6f9a0000 - 0x00007ffd6fb14000 	C:\WINDOWS\System32\wintypes.dll
0x00007ffd6cd90000 - 0x00007ffd6d5e8000 	C:\WINDOWS\SYSTEM32\windows.storage.dll
0x00007ffd706d0000 - 0x00007ffd707c1000 	C:\WINDOWS\System32\SHCORE.dll
0x00007ffd6fef0000 - 0x00007ffd6ff5a000 	C:\WINDOWS\System32\shlwapi.dll
0x00007ffd6eff0000 - 0x00007ffd6f01f000 	C:\WINDOWS\SYSTEM32\profapi.dll
0x00007ffd3e030000 - 0x00007ffd3e049000 	C:\Program Files\Eclipse Adoptium\jdk-17.0.16.8-hotspot\bin\net.dll
0x00007ffd682c0000 - 0x00007ffd683de000 	C:\WINDOWS\SYSTEM32\WINHTTP.dll
0x00007ffd6e560000 - 0x00007ffd6e5ca000 	C:\WINDOWS\system32\mswsock.dll
0x00007ffd3dce0000 - 0x00007ffd3dcf6000 	C:\Program Files\Eclipse Adoptium\jdk-17.0.16.8-hotspot\bin\nio.dll
0x00007ffd42110000 - 0x00007ffd42128000 	C:\Program Files\Eclipse Adoptium\jdk-17.0.16.8-hotspot\bin\zip.dll
0x000002984dc00000 - 0x000002984dc04000 	C:\Program Files\Eclipse Adoptium\jdk-17.0.16.8-hotspot\bin\api-ms-win-core-console-l1-1-0.dll
0x000002984dc10000 - 0x000002984dc14000 	C:\Program Files\Eclipse Adoptium\jdk-17.0.16.8-hotspot\bin\api-ms-win-core-datetime-l1-1-0.dll
0x000002984dc20000 - 0x000002984dc24000 	C:\Program Files\Eclipse Adoptium\jdk-17.0.16.8-hotspot\bin\api-ms-win-core-debug-l1-1-0.dll
0x000002984dc30000 - 0x000002984dc34000 	C:\Program Files\Eclipse Adoptium\jdk-17.0.16.8-hotspot\bin\api-ms-win-core-errorhandling-l1-1-0.dll
0x000002984dc40000 - 0x000002984dc45000 	C:\Program Files\Eclipse Adoptium\jdk-17.0.16.8-hotspot\bin\api-ms-win-core-file-l1-1-0.dll
0x000002984dc50000 - 0x000002984dc54000 	C:\Program Files\Eclipse Adoptium\jdk-17.0.16.8-hotspot\bin\api-ms-win-core-file-l1-2-0.dll
0x000002984dc60000 - 0x000002984dc64000 	C:\Program Files\Eclipse Adoptium\jdk-17.0.16.8-hotspot\bin\api-ms-win-core-file-l2-1-0.dll
0x000002984dc70000 - 0x000002984dc74000 	C:\Program Files\Eclipse Adoptium\jdk-17.0.16.8-hotspot\bin\api-ms-win-core-handle-l1-1-0.dll
0x000002984f530000 - 0x000002984f534000 	C:\Program Files\Eclipse Adoptium\jdk-17.0.16.8-hotspot\bin\api-ms-win-core-heap-l1-1-0.dll
0x000002984f540000 - 0x000002984f544000 	C:\Program Files\Eclipse Adoptium\jdk-17.0.16.8-hotspot\bin\api-ms-win-core-interlocked-l1-1-0.dll
0x000002984f550000 - 0x000002984f554000 	C:\Program Files\Eclipse Adoptium\jdk-17.0.16.8-hotspot\bin\api-ms-win-core-libraryloader-l1-1-0.dll
0x000002984f560000 - 0x000002984f564000 	C:\Program Files\Eclipse Adoptium\jdk-17.0.16.8-hotspot\bin\api-ms-win-core-localization-l1-2-0.dll
0x000002984f570000 - 0x000002984f574000 	C:\Program Files\Eclipse Adoptium\jdk-17.0.16.8-hotspot\bin\api-ms-win-core-memory-l1-1-0.dll
0x000002984f580000 - 0x000002984f584000 	C:\Program Files\Eclipse Adoptium\jdk-17.0.16.8-hotspot\bin\api-ms-win-core-namedpipe-l1-1-0.dll
0x000002984f590000 - 0x000002984f594000 	C:\Program Files\Eclipse Adoptium\jdk-17.0.16.8-hotspot\bin\api-ms-win-core-processenvironment-l1-1-0.dll
0x000002984f5a0000 - 0x000002984f5a4000 	C:\Program Files\Eclipse Adoptium\jdk-17.0.16.8-hotspot\bin\api-ms-win-core-processthreads-l1-1-0.dll
0x0000029873c30000 - 0x0000029873c34000 	C:\Program Files\Eclipse Adoptium\jdk-17.0.16.8-hotspot\bin\api-ms-win-core-processthreads-l1-1-1.dll
0x0000029873c40000 - 0x0000029873c44000 	C:\Program Files\Eclipse Adoptium\jdk-17.0.16.8-hotspot\bin\api-ms-win-core-profile-l1-1-0.dll
0x0000029873c50000 - 0x0000029873c54000 	C:\Program Files\Eclipse Adoptium\jdk-17.0.16.8-hotspot\bin\api-ms-win-core-rtlsupport-l1-1-0.dll
0x0000029873c60000 - 0x0000029873c64000 	C:\Program Files\Eclipse Adoptium\jdk-17.0.16.8-hotspot\bin\api-ms-win-core-string-l1-1-0.dll
0x0000029873c70000 - 0x0000029873c74000 	C:\Program Files\Eclipse Adoptium\jdk-17.0.16.8-hotspot\bin\api-ms-win-core-synch-l1-1-0.dll
0x0000029873c80000 - 0x0000029873c84000 	C:\Program Files\Eclipse Adoptium\jdk-17.0.16.8-hotspot\bin\api-ms-win-core-synch-l1-2-0.dll
0x0000029873c90000 - 0x0000029873c94000 	C:\Program Files\Eclipse Adoptium\jdk-17.0.16.8-hotspot\bin\api-ms-win-core-sysinfo-l1-1-0.dll
0x0000029873ca0000 - 0x0000029873ca4000 	C:\Program Files\Eclipse Adoptium\jdk-17.0.16.8-hotspot\bin\api-ms-win-core-timezone-l1-1-0.dll
0x0000029873cb0000 - 0x0000029873cb4000 	C:\Program Files\Eclipse Adoptium\jdk-17.0.16.8-hotspot\bin\api-ms-win-core-util-l1-1-0.dll
0x0000029873cc0000 - 0x0000029873cc4000 	C:\Program Files\Eclipse Adoptium\jdk-17.0.16.8-hotspot\bin\api-ms-win-crt-conio-l1-1-0.dll
0x0000029873cd0000 - 0x0000029873cd5000 	C:\Program Files\Eclipse Adoptium\jdk-17.0.16.8-hotspot\bin\api-ms-win-crt-convert-l1-1-0.dll
0x0000029873ce0000 - 0x0000029873ce4000 	C:\Program Files\Eclipse Adoptium\jdk-17.0.16.8-hotspot\bin\api-ms-win-crt-environment-l1-1-0.dll
0x0000029873cf0000 - 0x0000029873cf4000 	C:\Program Files\Eclipse Adoptium\jdk-17.0.16.8-hotspot\bin\api-ms-win-crt-filesystem-l1-1-0.dll
0x0000029873d00000 - 0x0000029873d04000 	C:\Program Files\Eclipse Adoptium\jdk-17.0.16.8-hotspot\bin\api-ms-win-crt-heap-l1-1-0.dll
0x0000029873d10000 - 0x0000029873d14000 	C:\Program Files\Eclipse Adoptium\jdk-17.0.16.8-hotspot\bin\api-ms-win-crt-locale-l1-1-0.dll
0x0000029873d20000 - 0x0000029873d26000 	C:\Program Files\Eclipse Adoptium\jdk-17.0.16.8-hotspot\bin\api-ms-win-crt-math-l1-1-0.dll
0x0000029873d30000 - 0x0000029873d36000 	C:\Program Files\Eclipse Adoptium\jdk-17.0.16.8-hotspot\bin\api-ms-win-crt-multibyte-l1-1-0.dll
0x0000029873d40000 - 0x0000029873d51000 	C:\Program Files\Eclipse Adoptium\jdk-17.0.16.8-hotspot\bin\api-ms-win-crt-private-l1-1-0.dll
0x0000029873d60000 - 0x0000029873d64000 	C:\Program Files\Eclipse Adoptium\jdk-17.0.16.8-hotspot\bin\api-ms-win-crt-process-l1-1-0.dll
0x0000029873d70000 - 0x0000029873d75000 	C:\Program Files\Eclipse Adoptium\jdk-17.0.16.8-hotspot\bin\api-ms-win-crt-runtime-l1-1-0.dll
0x0000029873d80000 - 0x0000029873d85000 	C:\Program Files\Eclipse Adoptium\jdk-17.0.16.8-hotspot\bin\api-ms-win-crt-stdio-l1-1-0.dll
0x0000029873d90000 - 0x0000029873d95000 	C:\Program Files\Eclipse Adoptium\jdk-17.0.16.8-hotspot\bin\api-ms-win-crt-string-l1-1-0.dll
0x0000029873da0000 - 0x0000029873da4000 	C:\Program Files\Eclipse Adoptium\jdk-17.0.16.8-hotspot\bin\api-ms-win-crt-time-l1-1-0.dll
0x0000029873db0000 - 0x0000029873db4000 	C:\Program Files\Eclipse Adoptium\jdk-17.0.16.8-hotspot\bin\api-ms-win-crt-utility-l1-1-0.dll
0x00007ffd55980000 - 0x00007ffd55acb000 	C:\Program Files\Eclipse Adoptium\jdk-17.0.16.8-hotspot\bin\ucrtbase.dll
0x00007ffd5c720000 - 0x00007ffd5c76e000 	C:\Windows\System32\concrt140.dll
0x00007ffd670f0000 - 0x00007ffd67113000 	C:\Users\emile\.openjfx\cache\12.0.1\prism_d3d.dll
0x00007ffd48bb0000 - 0x00007ffd48d67000 	C:\WINDOWS\system32\d3d9.dll
0x00007ffd6c2b0000 - 0x00007ffd6c2e6000 	C:\WINDOWS\SYSTEM32\dwmapi.dll
0x00007ffd6c100000 - 0x00007ffd6c14d000 	C:\WINDOWS\SYSTEM32\dxcore.dll
0x00007ffd68df0000 - 0x00007ffd68e9f000 	C:\WINDOWS\system32\uxtheme.dll
0x00007ffd48a00000 - 0x00007ffd48bad000 	C:\WINDOWS\System32\DriverStore\FileRepository\iigd_dch.inf_amd64_b53c057d22ce6f37\igdumdim64.dll
0x00007ffd70890000 - 0x00007ffd70a2e000 	C:\WINDOWS\System32\ole32.dll
0x00007ffcba7e0000 - 0x00007ffcbd883000 	C:\WINDOWS\System32\DriverStore\FileRepository\iigd_dch.inf_amd64_b53c057d22ce6f37\igd9dxva64.dll
0x00007ffd719c0000 - 0x00007ffd71e46000 	C:\WINDOWS\System32\SETUPAPI.dll
0x00007ffd6ed70000 - 0x00007ffd6edc7000 	C:\WINDOWS\SYSTEM32\cfgmgr32.dll
0x00007ffd53aa0000 - 0x00007ffd53ea9000 	C:\WINDOWS\System32\DriverStore\FileRepository\iigd_dch.inf_amd64_b53c057d22ce6f37\igdgmm64.dll
0x00007ffd6c070000 - 0x00007ffd6c0d1000 	C:\WINDOWS\SYSTEM32\directxdatabasehelper.dll
0x00007ffd59160000 - 0x00007ffd591a5000 	C:\Users\emile\.openjfx\cache\12.0.1\glass.dll
0x00007ffd6ff70000 - 0x00007ffd70066000 	C:\WINDOWS\System32\COMDLG32.dll
0x00007ffd70af0000 - 0x00007ffd70c50000 	C:\WINDOWS\System32\MSCTF.dll
0x00007ffd3ae20000 - 0x00007ffd3ae47000 	C:\WINDOWS\System32\DriverStore\FileRepository\iigd_dch.inf_amd64_b53c057d22ce6f37\igdinfo64.dll
0x00007ffd50300000 - 0x00007ffd53a94000 	C:\WINDOWS\System32\DriverStore\FileRepository\iigd_dch.inf_amd64_b53c057d22ce6f37\igc64.dll
0x00007ffd5cbe0000 - 0x00007ffd5cbf4000 	C:\Users\emile\.openjfx\cache\12.0.1\javafx_font.dll
0x00007ffd65570000 - 0x00007ffd657db000 	C:\WINDOWS\SYSTEM32\dwrite.dll
0x00007ffd707d0000 - 0x00007ffd70878000 	C:\WINDOWS\System32\clbcatq.dll
0x00007ffd688a0000 - 0x00007ffd68ad9000 	C:\WINDOWS\SYSTEM32\WindowsCodecs.dll
0x00007ffd42fc0000 - 0x00007ffd4301a000 	C:\WINDOWS\system32\dataexchange.dll
0x00007ffd5b820000 - 0x00007ffd5ba5a000 	C:\WINDOWS\system32\twinapi.appcore.dll
0x00007ffd571a0000 - 0x00007ffd571cc000 	C:\Program Files\Common Files\Microsoft Shared\Ink\rtscom.dll
0x00007ffd4f870000 - 0x00007ffd4f9c0000 	C:\WINDOWS\SYSTEM32\textinputframework.dll
0x00007ffd666e0000 - 0x00007ffd66805000 	C:\WINDOWS\SYSTEM32\CoreMessaging.dll
0x00007ffd54820000 - 0x00007ffd54b03000 	C:\WINDOWS\SYSTEM32\CoreUIComponents.dll
0x00007ffd6e830000 - 0x00007ffd6e83c000 	C:\WINDOWS\SYSTEM32\CRYPTBASE.DLL
0x00007ffd659a0000 - 0x00007ffd65fd9000 	C:\WINDOWS\SYSTEM32\d2d1.dll
0x00007ffd65300000 - 0x00007ffd65566000 	C:\WINDOWS\SYSTEM32\d3d11.dll
0x00007ffd6c150000 - 0x00007ffd6c285000 	C:\WINDOWS\SYSTEM32\dxgi.dll
0x00007ffcd5550000 - 0x00007ffcd5afc000 	C:\WINDOWS\SYSTEM32\D3D10Warp.dll

dbghelp: loaded successfully - version: 4.0.5 - missing functions: none
symbol engine: initialized successfully - sym options: 0x614 - pdb path: .;C:\Program Files\Eclipse Adoptium\jdk-17.0.16.8-hotspot\bin;C:\WINDOWS\SYSTEM32;C:\WINDOWS\WinSxS\amd64_microsoft.windows.common-controls_6595b64144ccf1df_6.0.26100.4202_none_3e0698d4e335f517;C:\Program Files\Eclipse Adoptium\jdk-17.0.16.8-hotspot\bin\server;C:\Users\emile\.openjfx\cache\12.0.1;C:\WINDOWS\System32\DriverStore\FileRepository\iigd_dch.inf_amd64_b53c057d22ce6f37;C:\Program Files\Common Files\Microsoft Shared\Ink

VM Arguments:
jvm_args: --add-modules=javafx.controls --module-path=C:\Users\emile\.gradle\caches\modules-2\files-2.1\org.openjfx\javafx-controls\12.0.1\838555460c025b8df0fbc0fa03bf3f3767698f89\javafx-controls-12.0.1-win.jar;C:\Users\emile\.gradle\caches\modules-2\files-2.1\org.openjfx\javafx-graphics\12.0.1\18a01ffdd4edb82e7da3bc99937c6a608d1eaaa6\javafx-graphics-12.0.1-win.jar;C:\Users\emile\.gradle\caches\modules-2\files-2.1\org.openjfx\javafx-base\12.0.1\6f5947b255bb26e072862b3bb0c32d54d8effe84\javafx-base-12.0.1-win.jar -Dfile.encoding=windows-1252 -Duser.country=FR -Duser.language=fr -Duser.variant 
java_command: game.Main
java_class_path (initial): C:\Users\emile\IdeaProjects\projet-aout2\build\classes\java\main;C:\Users\emile\IdeaProjects\projet-aout2\build\resources\main;C:\Users\emile\.gradle\caches\modules-2\files-2.1\org.openjfx\javafx-controls\12.0.1\838555460c025b8df0fbc0fa03bf3f3767698f89\javafx-controls-12.0.1-win.jar;C:\Users\emile\.gradle\caches\modules-2\files-2.1\org.openjfx\javafx-graphics\12.0.1\18a01ffdd4edb82e7da3bc99937c6a608d1eaaa6\javafx-graphics-12.0.1-win.jar;C:\Users\emile\.gradle\caches\modules-2\files-2.1\org.openjfx\javafx-graphics\12.0.1\19ec56a15d7dd9c49112912547425b718485d7db\javafx-graphics-12.0.1.jar;C:\Users\emile\.gradle\caches\modules-2\files-2.1\org.openjfx\javafx-base\12.0.1\6f5947b255bb26e072862b3bb0c32d54d8effe84\javafx-base-12.0.1-win.jar;C:\Users\emile\.gradle\caches\modules-2\files-2.1\org.openjfx\javafx-base\12.0.1\6abae81d00e0c6f4fde02e2666f9c0b989ff47e4\javafx-base-12.0.1.jar
Launcher Type: SUN_STANDARD

[Global flags]
     intx CICompilerCount                          = 12                                        {product} {ergonomic}
     uint ConcGCThreads                            = 3                                         {product} {ergonomic}
     uint G1ConcRefinementThreads                  = 13                                        {product} {ergonomic}
   size_t G1HeapRegionSize                         = 2097152                                   {product} {ergonomic}
    uintx GCDrainStackTargetSize                   = 64                                        {product} {ergonomic}
   size_t InitialHeapSize                          = 266338304                                 {product} {ergonomic}
   size_t MarkStackSize                            = 4194304                                   {product} {ergonomic}
   size_t MaxHeapSize                              = 4240441344                                {product} {ergonomic}
   size_t MaxNewSize                               = 2543845376                                {product} {ergonomic}
   size_t MinHeapDeltaBytes                        = 2097152                                   {product} {ergonomic}
   size_t MinHeapSize                              = 8388608                                   {product} {ergonomic}
    uintx NonNMethodCodeHeapSize                   = 7602480                                {pd product} {ergonomic}
    uintx NonProfiledCodeHeapSize                  = 122027880                              {pd product} {ergonomic}
    uintx ProfiledCodeHeapSize                     = 122027880                              {pd product} {ergonomic}
    uintx ReservedCodeCacheSize                    = 251658240                              {pd product} {ergonomic}
     bool SegmentedCodeCache                       = true                                      {product} {ergonomic}
   size_t SoftMaxHeapSize                          = 4240441344                             {manageable} {ergonomic}
     bool UseCompressedClassPointers               = true                           {product lp64_product} {ergonomic}
     bool UseCompressedOops                        = true                           {product lp64_product} {ergonomic}
     bool UseG1GC                                  = true                                      {product} {ergonomic}
     bool UseLargePagesIndividualAllocation        = false                                  {pd product} {ergonomic}

Logging:
Log output configuration:
 #0: stdout all=warning uptime,level,tags
 #1: stderr all=off uptime,level,tags

Environment Variables:
JAVA_HOME=C:\Program Files\Eclipse Adoptium\jdk-17.0.16.8-hotspot\
PATH=C:\Program Files\Eclipse Adoptium\jdk-17.0.16.8-hotspot\bin;C:\WINDOWS\system32;C:\WINDOWS;C:\WINDOWS\System32\Wbem;C:\WINDOWS\System32\WindowsPowerShell\v1.0\;C:\WINDOWS\System32\OpenSSH\;C:\Program Files\dotnet\;C:\Program Files\Git\cmd;C:\Program Files (x86)\NVIDIA Corporation\PhysX\Common;C:\Gradle\gradle-8.14.3\bin;C:\Users\emile\AppData\Local\Programs\Python\Python313\Scripts\;C:\Users\emile\AppData\Local\Programs\Python\Python313\;C:\Users\emile\AppData\Local\Microsoft\WindowsApps;C:\Users\emile\AppData\Local\Programs\Microsoft VS Code\bin;C:\Program Files\Racket;;C:\Program Files\JetBrains\PyCharm Community Edition 2024.3.4\bin;;C:\Program Files\JetBrains\IntelliJ IDEA Community Edition 2025.2\bin
USERNAME=emile
TERM=xterm
OS=Windows_NT
PROCESSOR_IDENTIFIER=Intel64 Family 6 Model 165 Stepping 2, GenuineIntel
TMP=C:\Users\emile\AppData\Local\Temp
TEMP=C:\Users\emile\AppData\Local\Temp



Periodic native trim disabled


---------------  S Y S T E M  ---------------

OS:
 Windows 11 , 64 bit Build 26100 (10.0.26100.4202)
OS uptime: 0 days 5:41 hours

CPU: total 16 (initial active 16) (8 cores per cpu, 2 threads per core) family 6 model 165 stepping 2 microcode 0xe0, cx8, cmov, fxsr, ht, mmx, 3dnowpref, sse, sse2, sse3, ssse3, sse4.1, sse4.2, popcnt, lzcnt, tsc, tscinvbit, avx, avx2, aes, erms, clmul, bmi1, bmi2, adx, fma, vzeroupper, clflush, clflushopt
Processor Information for all 16 processors :
  Max Mhz: 2208, Current Mhz: 2208, Mhz Limit: 2208

Memory: 4k page, system-wide physical 16168M (7575M free)
TotalPageFile size 17192M (AvailPageFile size 7311M)
current process WorkingSet (physical memory assigned to process): 179M, peak: 208M
current process commit charge ("private bytes"): 429M, peak: 459M

vm_info: OpenJDK 64-Bit Server VM (17.0.16+8) for windows-amd64 JRE (17.0.16+8), built on Jul 16 2025 10:37:56 by "admin" with MS VC++ 17.7 (VS2022)

END.
