#
# A fatal error has been detected by the Java Runtime Environment:
#
#  EXCEPTION_ACCESS_VIOLATION (0xc0000005) at pc=0x00007ffd5c48b806, pid=15568, tid=3556
#
# JRE version: OpenJDK Runtime Environment Temurin-17.0.16+8 (17.0.16+8) (build 17.0.16+8)
# Java VM: OpenJDK 64-Bit Server VM Temurin-17.0.16+8 (17.0.16+8, mixed mode, sharing, tiered, compressed oops, compressed class ptrs, g1 gc, windows-amd64)
# Problematic frame:
# C  [glass.dll+0x1b806]
#
# No core dump will be written. Minidumps are not enabled by default on client versions of Windows
#
# If you would like to submit a bug report, please visit:
#   https://github.com/adoptium/adoptium-support/issues
# The crash happened outside the Java Virtual Machine in native code.
# See problematic frame for where to report the bug.
#

---------------  S U M M A R Y ------------

Command Line: --add-modules=javafx.controls --module-path=C:\Users\emile\.gradle\caches\modules-2\files-2.1\org.openjfx\javafx-controls\12.0.1\838555460c025b8df0fbc0fa03bf3f3767698f89\javafx-controls-12.0.1-win.jar;C:\Users\emile\.gradle\caches\modules-2\files-2.1\org.openjfx\javafx-graphics\12.0.1\18a01ffdd4edb82e7da3bc99937c6a608d1eaaa6\javafx-graphics-12.0.1-win.jar;C:\Users\emile\.gradle\caches\modules-2\files-2.1\org.openjfx\javafx-base\12.0.1\6f5947b255bb26e072862b3bb0c32d54d8effe84\javafx-base-12.0.1-win.jar -Dfile.encoding=windows-1252 -Duser.country=FR -Duser.language=fr -Duser.variant game.Main

Host: Intel(R) Core(TM) i7-10870H CPU @ 2.20GHz, 16 cores, 15G,  Windows 11 , 64 bit Build 26100 (10.0.26100.4202)
Time: Fri Aug  8 13:52:39 2025 Paris, Madrid (heure duild 26100 (10.0.26100.4202) elapsed time: 45.961523 seconds (0d 0h 0m 45s)

---------------  T H R E A D  ---------------

Current thread (0x000001e598bf97e0):  JavaThread "JavaFX Application Thread" [_thread_in_native, id=3556, stack(0x0000006773300000,0x0000006773400000)]

Stack: [0x0000006773300000,0x0000006773400000],  sp=0x00000067733fdf50,  free space=1015k
Native frames: (J=compiled Java code, j=interpreted, Vv=VM code, C=native code)
C  [glass.dll+0x1b806]

Java frames: (J=compiled Java code, j=interpreted, Vv=VM code)
j  com.sun.glass.ui.win.WinWindow._close(J)Z+0 javafx.graphics
j  com.sun.glass.ui.Window.close()V+63 javafx.graphics
j  com.sun.glass.ui.win.WinWindow.close()V+8 javafx.graphics
j  com.sun.glass.ui.Application.terminate()V+75 javafx.graphics
j  com.sun.javafx.tk.quantum.QuantumToolkit.lambda$exit$13()Ljava/lang/Object;+5 javafx.graphics
j  com.sun.javafx.tk.quantum.QuantumToolkit$$Lambda$499+0x000001e5581ea3a8.get()Ljava/lang/Object;+0 javafx.graphics
j  com.sun.javafx.tk.quantum.QuantumToolkit.runWithRenderLock(Ljava/util/function/Supplier;)Ljava/lang/Object;+7 javafx.graphics
j  com.sun.javafx.tk.quantum.QuantumToolkit.exit()V+26 javafx.graphics
j  com.sun.javafx.application.PlatformImpl.lambda$tkExit$16()V+3 javafx.graphics
j  com.sun.javafx.application.PlatformImpl$$Lambda$498+0x000001e5581ea190.run()V+0 javafx.graphics
j  com.sun.javafx.application.PlatformImpl.lambda$runAndWait$12(Ljava/lang/Runnable;Ljava/util/concurrent/CountDownLatch;)V+1 javafx.graphics
j  com.sun.javafx.application.PlatformImpl$$Lambda$82+0x000001e55803d4a0.run()V+8 javafx.graphics
j  com.sun.javafx.application.PlatformImpl.lambda$runLater$10(Ljava/lang/Runnable;)Ljava/lang/Void;+1 javafx.graphics
j  com.sun.javafx.application.PlatformImpl$$Lambda$84+0x000001e55803e910.run()Ljava/lang/Object;+4 javafx.graphics
J 2622 c1 java.security.AccessController.doPrivileged(Ljava/security/PrivilegedAction;Ljava/security/AccessControlContext;)Ljava/lang/Object; java.base@17.0.16 (17 bytes) @ 0x000001e53b342654 [0x000001e53b342480+0x00000000000001d4]
j  com.sun.javafx.application.PlatformImpl.lambda$runLater$11(Ljava/lang/Runnable;Ljava/security/AccessControlContext;)V+7 javafx.graphics
j  com.sun.javafx.application.PlatformImpl$$Lambda$83+0x000001e55803d8c0.run()V+8 javafx.graphics
J 3095 c1 com.sun.glass.ui.InvokeLaterDispatcher$Future.run()V javafx.graphics (91 bytes) @ 0x000001e53b453714 [0x000001e53b453600+0x0000000000000114]
v  ~StubRoutines::call_stub
j  com.sun.glass.ui.win.WinApplication._runLoop(Ljava/lang/Runnable;)V+0 javafx.graphics
j  com.sun.glass.ui.win.WinApplication.lambda$runLoop$3(ILjava/lang/Runnable;)V+8 javafx.graphics
j  com.sun.glass.ui.win.WinApplication$$Lambda$72+0x000001e55802c448.run()V+12 javafx.graphics
j  java.lang.Thread.run()V+11 java.base@17.0.16
v  ~StubRoutines::call_stub

siginfo: EXCEPTION_ACCESS_VIOLATION (0xc0000005), reading address 0x0000000000000130


Registers:
RAX=0x0000000000000000, RBX=0x0000000000000000, RCX=0x0000000000000000, RDX=0x0000000000000000
RSP=0x00000067733fdf50, RBP=0x0000000000000000, RSI=0x000001e598436f80, RDI=0x00000067733fe2e0
R8 =0x00000067733fe2e0, R9 =0x0000000000000000, R10=0x00007ffd5c498c48, R11=0x0000000000000246
R12=0x0000000000000000, R13=0x0000000000000000, R14=0x0000000000000000, R15=0x0000000000000000
RIP=0x00007ffd5c48b806, EFLAGS=0x0000000000010206

XMM[0]=0x0000000000000000 0x0000000000000000
XMM[1]=0x0000000000000000 0x0000000000000000
XMM[2]=0x0000000000000000 0x0000000000000000
XMM[3]=0x0000000000000000 0x0000000000000000
XMM[4]=0x0000000000000000 0x0000000000000000
XMM[5]=0x0000000000000000 0x0000000000000000
XMM[6]=0x0000000000000000 0x0000000000000000
XMM[7]=0x0000000000000000 0x0000000000000000
XMM[8]=0x0000000000000000 0x0000000000000000
XMM[9]=0x0000000000000000 0x0000000000000000
XMM[10]=0x0000000000000000 0x0000000000000000
XMM[11]=0x0000000000000000 0x0000000000000000
XMM[12]=0x0000000000000000 0x0000000000000000
XMM[13]=0x0000000000000000 0x0000000000000000
XMM[14]=0x0000000000000000 0x0000000000000000
XMM[15]=0x0000000000000000 0x0000000000000000
  MXCSR=0x00001fa7


Register to memory mapping:

RIP=0x00007ffd5c48b806 glass.dll
RAX=0x0 is NULL
RBX=0x0 is NULL
RCX=0x0 is NULL
RDX=0x0 is NULL
RSP=0x00000067733fdf50 is pointing into the stack for thread: 0x000001e598bf97e0
RBP=0x0 is NULL
RSI=0x000001e598436f80 points into unknown readable memory: 0x00007ffd5c498c48 | 48 8c 49 5c fd 7f 00 00
RDI=0x00000067733fe2e0 is pointing into the stack for thread: 0x000001e598bf97e0
R8 =0x00000067733fe2e0 is pointing into the stack for thread: 0x000001e598bf97e0
R9 =0x0 is NULL
R10=0x00007ffd5c498c48 glass.dll
R11=0x0000000000000246 is an unknown value
R12=0x0 is NULL
R13=0x0 is NULL
R14=0x0 is NULL
R15=0x0 is NULL


Top of Stack: (sp=0x00000067733fdf50)
0x00000067733fdf50:   00000000733fe2e0 00007ffd5c4975a0
0x00000067733fdf60:   0000000000000000 00007ffd70e7df73
0x00000067733fdf70:   00000067733fe2e0 00007ffd5c48a241
0x00000067733fdf80:   0000000000007ff4 0000000000000401
0x00000067733fdf90:   000001e598436f80 0000000000000000
0x00000067733fdfa0:   00000067733fe2e0 00007ffd5c47a29d
0x00000067733fdfb0:   0000000000000401 00000067733fe2e0
0x00000067733fdfc0:   00000000733fe2e0 000000000000000b
0x00000067733fdfd0:   fffffffffffffffe 00007ffd5c4975a0
0x00000067733fdfe0:   0000000000000000 00007ffd5c471808
0x00000067733fdff0:   000001e598436f80 00000067733fe2e0
0x00000067733fe000:   0000000000000401 00000000001f04a2
0x00000067733fe010:   0000000080000022 00007ffd70e7d159
0x00000067733fe020:   0000000000000000 00000067733fe1e8
0x00000067733fe030:   0000000000000001 0000000000000401
0x00000067733fe040:   000001e598bf97e0 000001e59d0f2f00
0x00000067733fe050:   00000067733fe1a0 00007ffcbf6d600e
0x00000067733fe060:   0000000000000000 0000000000000000
0x00000067733fe070:   0000000100000000 0000006780000022
0x00000067733fe080:   0000000000000000 0000000000000000
0x00000067733fe090:   0000000000000000 0000000000000001
0x00000067733fe0a0:   0000000000000000 0000000000000000
0x00000067733fe0b0:   0000000000000070 ffffffffffffffff
0x00000067733fe0c0:   ffffffffffffffff 00007ffd70e7cf35
0x00000067733fe0d0:   00007ffd70e7d328 000001e598bf97e0
0x00000067733fe0e0:   0000000000000000 000001e5986a2ff0
0x00000067733fe0f0:   0000000000000000 0000000000000000
0x00000067733fe100:   0000000000000048 0000000000000001
0x00000067733fe110:   0000000000000000 0000000000000000
0x00000067733fe120:   0000000000000030 ffffffffffffffff
0x00000067733fe130:   ffffffffffffffff 00007ffd70e7cf35
0x00000067733fe140:   0000000000000000 000001e500000001 

Instructions: (pc=0x00007ffd5c48b806)
0x00007ffd5c48b706:   85 c0 74 08 48 8b c8 e8 ee 00 00 00 48 c7 05 e3
0x00007ffd5c48b716:   16 02 00 00 00 00 00 48 83 c4 28 c3 cc cc cc cc
0x00007ffd5c48b726:   cc cc cc cc cc cc cc cc cc cc 48 89 5c 24 08 57
0x00007ffd5c48b736:   48 83 ec 30 48 8b fa 48 8b d9 48 39 91 30 01 00
0x00007ffd5c48b746:   00 0f 84 a5 00 00 00 e8 ae 00 00 00 48 8b 93 30
0x00007ffd5c48b756:   01 00 00 48 85 d2 75 04 48 8b 53 08 48 89 54 24
0x00007ffd5c48b766:   20 4c 8b c7 48 85 ff 75 04 4c 8b 43 08 48 8d 0d
0x00007ffd5c48b776:   46 f9 00 00 4c 89 44 24 28 e8 3c 7f fe ff 48 8b
0x00007ffd5c48b786:   4c 24 20 4c 8d 44 24 20 48 8d 15 db f7 ff ff ff
0x00007ffd5c48b796:   15 d5 0f 02 00 48 8b 05 3e 13 02 00 48 85 c0 75
0x00007ffd5c48b7a6:   04 33 c9 eb 03 8b 48 40 4c 8d 44 24 20 48 8d 15
0x00007ffd5c48b7b6:   f6 f7 ff ff ff 15 b8 0f 02 00 48 89 bb 30 01 00
0x00007ffd5c48b7c6:   00 e8 d4 35 00 00 4c 8b 05 ad 16 02 00 48 8b c8
0x00007ffd5c48b7d6:   48 8b 93 c0 00 00 00 4c 8b cf e8 4b 98 fe ff e8
0x00007ffd5c48b7e6:   b6 35 00 00 48 8b c8 e8 ce 34 00 00 48 8b 5c 24
0x00007ffd5c48b7f6:   40 48 83 c4 30 5f c3 cc cc cc 40 57 48 83 ec 20
0x00007ffd5c48b806:   48 8b 81 30 01 00 00 48 8b f9 48 85 c0 75 04 48
0x00007ffd5c48b816:   8b 41 08 48 3b 05 e0 15 02 00 75 3b 48 89 5c 24
0x00007ffd5c48b826:   30 e8 74 35 00 00 4c 8b 05 3d 16 02 00 48 8b c8
0x00007ffd5c48b836:   48 8b 97 c0 00 00 00 48 8b d8 e8 eb 97 fe ff 48
0x00007ffd5c48b846:   8b cb e8 73 34 00 00 48 8b 5c 24 30 48 c7 05 a3
0x00007ffd5c48b856:   15 02 00 00 00 00 00 48 83 c4 20 5f c3 cc cc cc
0x00007ffd5c48b866:   cc cc cc cc cc cc cc cc cc cc 40 53 48 83 ec 50
0x00007ffd5c48b876:   48 8b 05 43 e9 01 00 48 33 c4 48 89 44 24 40 48
0x00007ffd5c48b886:   8b d9 48 8b 49 08 ff 15 56 0e 02 00 85 c0 0f 85
0x00007ffd5c48b896:   21 01 00 00 48 8b 4b 08 48 8d 54 24 30 ff 15 7f
0x00007ffd5c48b8a6:   0c 02 00 48 8b 4b 08 48 8d 54 24 20 ff 15 d8 0c
0x00007ffd5c48b8b6:   02 00 48 8b 4b 08 4c 8d 44 24 20 41 b9 02 00 00
0x00007ffd5c48b8c6:   00 33 d2 ff 15 c9 0c 02 00 8b 44 24 24 2b 44 24
0x00007ffd5c48b8d6:   34 44 8b 44 24 20 44 2b 44 24 30 8b 54 24 3c 2b
0x00007ffd5c48b8e6:   54 24 2c 8b 4c 24 38 2b 4c 24 28 89 83 1c 01 00
0x00007ffd5c48b8f6:   00 44 89 83 18 01 00 00 89 93 24 01 00 00 89 8b 


Stack slot to memory mapping:
stack at sp + 0 slots: 0x00000000733fe2e0 is an unknown value
stack at sp + 1 slots: 0x00007ffd5c4975a0 glass.dll
stack at sp + 2 slots: 0x0 is NULL
stack at sp + 3 slots: 0x00007ffd70e7df73 USER32.dll
stack at sp + 4 slots: 0x00000067733fe2e0 is pointing into the stack for thread: 0x000001e598bf97e0
stack at sp + 5 slots: 0x00007ffd5c48a241 glass.dll
stack at sp + 6 slots: 0x0000000000007ff4 is an unknown value
stack at sp + 7 slots: 0x0000000000000401 is an unknown value


Compiled method (c1)   46013 2622       3       java.security.AccessController::doPrivileged (17 bytes)
 total in heap  [0x000001e53b342290,0x000001e53b3429c8] = 1848
 relocation     [0x000001e53b3423f0,0x000001e53b342478] = 136
 main code      [0x000001e53b342480,0x000001e53b3427c0] = 832
 stub code      [0x000001e53b3427c0,0x000001e53b342838] = 120
 metadata       [0x000001e53b342838,0x000001e53b342850] = 24
 scopes data    [0x000001e53b342850,0x000001e53b342900] = 176
 scopes pcs     [0x000001e53b342900,0x000001e53b3429b0] = 176
 dependencies   [0x000001e53b3429b0,0x000001e53b3429b8] = 8
 nul chk table  [0x000001e53b3429b8,0x000001e53b3429c8] = 16

[Constant Pool (empty)]

[MachCode]
[Verified Entry Point]
  # {method} {0x000001e557435f30} 'doPrivileged' '(Ljava/security/PrivilegedAction;Ljava/security/AccessControlContext;)Ljava/lang/Object;' in 'java/security/AccessController'
  # parm0:    rdx:rdx   = 'java/security/PrivilegedAction'
  # parm1:    r8:r8     = 'java/security/AccessControlContext'
  #           [sp+0x80]  (sp of caller)
  0x000001e53b342480: 8984 2400 | 90ff ff55 | 4883 ec70 

  0x000001e53b34248c: ;   {metadata(method data for {method} {0x000001e557435f30} 'doPrivileged' '(Ljava/security/PrivilegedAction;Ljava/security/AccessControlContext;)Ljava/lang/Object;' in 'java/security/AccessController')}
  0x000001e53b34248c: 48be 7020 | 2b99 e501 | 0000 8bbe | cc00 0000 | 83c7 0289 | becc 0000 | 0081 e7fe | 0700 0083 
  0x000001e53b3424ac: ff00 0f84 | 3c02 0000 | 4c89 4424 | 4048 8954 

  0x000001e53b3424bc: ;   {metadata(method data for {method} {0x000001e557435f30} 'doPrivileged' '(Ljava/security/PrivilegedAction;Ljava/security/AccessControlContext;)Ljava/lang/Object;' in 'java/security/AccessController')}
  0x000001e53b3424bc: 2448 48be | 7020 2b99 | e501 0000 | 4883 8610 | 0100 0001 | 0f1f 8000 

  0x000001e53b3424d4: ;   {static_call}
  0x000001e53b3424d4: 0000 00e8 

  0x000001e53b3424d8: ; ImmutableOopMap {[64]=Oop [72]=Oop }
                      ;*invokestatic getCallerClass {reexecute=0 rethrow=0 return_oop=0}
                      ; - java.security.AccessController::doPrivileged@0 (line 397)
  0x000001e53b3424d8: 841a 7007 

  0x000001e53b3424dc: ;   {metadata(method data for {method} {0x000001e557435f30} 'doPrivileged' '(Ljava/security/PrivilegedAction;Ljava/security/AccessControlContext;)Ljava/lang/Object;' in 'java/security/AccessController')}
  0x000001e53b3424dc: 48ba 7020 | 2b99 e501 | 0000 4883 | 8220 0100 | 0001 488b | 5424 404c | 8bc0 4889 | 4424 500f 
  0x000001e53b3424fc: ;   {static_call}
  0x000001e53b3424fc: 1f40 00e8 

  0x000001e53b342500: ; ImmutableOopMap {[72]=Oop [80]=Oop }
                      ;*invokestatic checkContext {reexecute=0 rethrow=0 return_oop=0}
                      ; - java.security.AccessController::doPrivileged@6 (line 398)
  0x000001e53b342500: 9c72 8e07 | 4889 4424 

  0x000001e53b342508: ;   {metadata(method data for {method} {0x000001e557435f30} 'doPrivileged' '(Ljava/security/PrivilegedAction;Ljava/security/AccessControlContext;)Ljava/lang/Object;' in 'java/security/AccessController')}
  0x000001e53b342508: 5848 ba70 | 202b 99e5 | 0100 0048 | 8382 3001 

  0x000001e53b342518: ;   {metadata(method data for {method} {0x000001e557435450} 'executePrivileged' '(Ljava/security/PrivilegedAction;Ljava/security/AccessControlContext;Ljava/lang/Class;)Ljava/lang/Object;' in 'java/security/AccessController')}
  0x000001e53b342518: 0000 0148 | baa8 bb07 | 99e5 0100 | 008b b2cc | 0000 0083 | c602 89b2 | cc00 0000 | 81e6 feff 
  0x000001e53b342538: 1f00 83fe | 000f 84ce | 0100 0048 

  0x000001e53b342544: ;   {metadata(method data for {method} {0x000001e557435450} 'executePrivileged' '(Ljava/security/PrivilegedAction;Ljava/security/AccessControlContext;Ljava/lang/Class;)Ljava/lang/Object;' in 'java/security/AccessController')}
  0x000001e53b342544: 83f8 0048 | baa8 bb07 | 99e5 0100 | 0048 c7c6 | 1001 0000 | 0f84 0700 | 0000 48c7 | c620 0100 
  0x000001e53b342564: 0048 8b3c | 3248 8d7f | 0148 893c | 320f 841d 

  0x000001e53b342574: ;   {metadata(method data for {method} {0x000001e557435450} 'executePrivileged' '(Ljava/security/PrivilegedAction;Ljava/security/AccessControlContext;Ljava/lang/Class;)Ljava/lang/Object;' in 'java/security/AccessController')}
  0x000001e53b342574: 0000 0048 | baa8 bb07 | 99e5 0100 | 0048 8382 | 3001 0000 | 0148 8bd0 

  0x000001e53b34258c: ;   {static_call}
  0x000001e53b34258c: 6666 90e8 

  0x000001e53b342590: ; ImmutableOopMap {[72]=Oop [80]=Oop [88]=Oop }
                      ;*invokestatic ensureMaterializedForStackWalk {reexecute=0 rethrow=0 return_oop=0}
                      ; - java.security.AccessController::executePrivileged@5 (line 772)
                      ; - java.security.AccessController::doPrivileged@13 (line 399)
  0x000001e53b342590: acc9 7b07 

  0x000001e53b342594: ;   {metadata(method data for {method} {0x000001e557435450} 'executePrivileged' '(Ljava/security/PrivilegedAction;Ljava/security/AccessControlContext;Ljava/lang/Class;)Ljava/lang/Object;' in 'java/security/AccessController')}
  0x000001e53b342594: 48ba a8bb | 0799 e501 | 0000 ff82 | 4001 0000 | 488b 5424 | 4848 3b02 

  0x000001e53b3425ac: ;   {metadata(method data for {method} {0x000001e557435450} 'executePrivileged' '(Ljava/security/PrivilegedAction;Ljava/security/AccessControlContext;Ljava/lang/Class;)Ljava/lang/Object;' in 'java/security/AccessController')}
  0x000001e53b3425ac: 488b f248 | bfa8 bb07 | 99e5 0100 | 008b 7608 | 49ba 0000 | 0057 e501 | 0000 4903 | f248 3bb7 
  0x000001e53b3425cc: b001 0000 | 750d 4883 | 87b8 0100 | 0001 e966 | 0000 0048 | 3bb7 c001 | 0000 750d | 4883 87c8 
  0x000001e53b3425ec: 0100 0001 | e950 0000 | 0048 81bf | b001 0000 | 0000 0000 | 7517 4889 | b7b0 0100 | 0048 c787 
  0x000001e53b34260c: b801 0000 | 0100 0000 | e92c 0000 | 0048 81bf | c001 0000 | 0000 0000 | 7517 4889 | b7c0 0100 
  0x000001e53b34262c: 0048 c787 | c801 0000 | 0100 0000 | e908 0000 | 0048 8387 | a001 0000 | 0148 b8c0 | d61b a3e5 
  0x000001e53b34264c: ;   {virtual_call}
  0x000001e53b34264c: 0100 00e8 

  0x000001e53b342650: ; ImmutableOopMap {[80]=Oop [88]=Oop }
                      ;*invokeinterface run {reexecute=0 rethrow=0 return_oop=0}
                      ; - java.security.AccessController::executePrivileged@29 (line 776)
                      ; - java.security.AccessController::doPrivileged@13 (line 399)
  0x000001e53b342650: bcb6 1007 

  0x000001e53b342654: ;   {metadata(method data for {method} {0x000001e557435450} 'executePrivileged' '(Ljava/security/PrivilegedAction;Ljava/security/AccessControlContext;Ljava/lang/Class;)Ljava/lang/Object;' in 'java/security/AccessController')}
  0x000001e53b342654: 48be a8bb | 0799 e501 | 0000 ff86 | d801 0000 | 488b 7424 

  0x000001e53b342668: ;   {metadata(method data for {method} {0x000001e557435450} 'executePrivileged' '(Ljava/security/PrivilegedAction;Ljava/security/AccessControlContext;Ljava/lang/Class;)Ljava/lang/Object;' in 'java/security/AccessController')}
  0x000001e53b342668: 5048 bfa8 | bb07 99e5 | 0100 0048 | 8387 3802 

  0x000001e53b342678: ;   {metadata(method data for {method} {0x000001e5573dd6f8} 'reachabilityFence' '(Ljava/lang/Object;)V' in 'java/lang/ref/Reference')}
  0x000001e53b342678: 0000 0148 | bfc0 8005 | 99e5 0100 | 008b 9fcc | 0000 0083 | c302 899f | cc00 0000 | 81e3 feff 
  0x000001e53b342698: 1f00 83fb | 000f 8494 

  0x000001e53b3426a0: ;   {metadata(method data for {method} {0x000001e557435450} 'executePrivileged' '(Ljava/security/PrivilegedAction;Ljava/security/AccessControlContext;Ljava/lang/Class;)Ljava/lang/Object;' in 'java/security/AccessController')}
  0x000001e53b3426a0: 0000 0048 | bea8 bb07 | 99e5 0100 | 0048 8386 | 4802 0000 

  0x000001e53b3426b4: ;   {metadata(method data for {method} {0x000001e5573dd6f8} 'reachabilityFence' '(Ljava/lang/Object;)V' in 'java/lang/ref/Reference')}
  0x000001e53b3426b4: 0148 bec0 | 8005 99e5 | 0100 008b | becc 0000 | 0083 c702 | 89be cc00 | 0000 81e7 | feff 1f00 
  0x000001e53b3426d4: 83ff 000f | 847b 0000 | 0048 83c4 

  0x000001e53b3426e0: ;   {poll_return}
  0x000001e53b3426e0: 705d 493b | a748 0300 | 000f 878a | 0000 00c3 

  0x000001e53b3426f0: ;   {metadata({method} {0x000001e557435f30} 'doPrivileged' '(Ljava/security/PrivilegedAction;Ljava/security/AccessControlContext;)Ljava/lang/Object;' in 'java/security/AccessController')}
  0x000001e53b3426f0: 49ba 285f | 4357 e501 | 0000 4c89 | 5424 0848 | c704 24ff 

  0x000001e53b342704: ;   {runtime_call counter_overflow Runtime1 stub}
  0x000001e53b342704: ffff ffe8 

  0x000001e53b342708: ; ImmutableOopMap {rdx=Oop r8=Oop }
                      ;*synchronization entry
                      ; - java.security.AccessController::doPrivileged@-1 (line 397)
  0x000001e53b342708: 748b 0707 | e9a3 fdff 

  0x000001e53b342710: ;   {metadata({method} {0x000001e557435450} 'executePrivileged' '(Ljava/security/PrivilegedAction;Ljava/security/AccessControlContext;Ljava/lang/Class;)Ljava/lang/Object;' in 'java/security/AccessController')}
  0x000001e53b342710: ff49 ba48 | 5443 57e5 | 0100 004c | 8954 2408 | 48c7 0424 | ffff ffff 

  0x000001e53b342728: ;   {runtime_call counter_overflow Runtime1 stub}
  0x000001e53b342728: e853 8b07 

  0x000001e53b34272c: ; ImmutableOopMap {[72]=Oop [80]=Oop rax=Oop [88]=Oop }
                      ;*synchronization entry
                      ; - java.security.AccessController::executePrivileged@-1 (line 771)
                      ; - java.security.AccessController::doPrivileged@13 (line 399)
  0x000001e53b34272c: 07e9 11fe 

  0x000001e53b342730: ;   {runtime_call throw_null_pointer_exception Runtime1 stub}
  0x000001e53b342730: ffff e869 

  0x000001e53b342734: ; ImmutableOopMap {[80]=Oop rdx=Oop [88]=Oop }
                      ;*invokeinterface run {reexecute=0 rethrow=0 return_oop=0}
                      ; - java.security.AccessController::executePrivileged@29 (line 776)
                      ; - java.security.AccessController::doPrivileged@13 (line 399)
                      ;   {metadata({method} {0x000001e5573dd6f8} 'reachabilityFence' '(Ljava/lang/Object;)V' in 'java/lang/ref/Reference')}
  0x000001e53b342734: 3a07 0749 | baf0 d63d | 57e5 0100 | 004c 8954 | 2408 48c7 | 0424 ffff 

  0x000001e53b34274c: ;   {runtime_call counter_overflow Runtime1 stub}
  0x000001e53b34274c: ffff e82d 

  0x000001e53b342750: ; ImmutableOopMap {rax=Oop rsi=Oop }
                      ;*synchronization entry
                      ; - java.lang.ref.Reference::reachabilityFence@-1 (line 621)
                      ; - java.security.AccessController::executePrivileged@56 (line 781)
                      ; - java.security.AccessController::doPrivileged@13 (line 399)
  0x000001e53b342750: 8b07 07e9 | 4bff ffff 

  0x000001e53b342758: ;   {metadata({method} {0x000001e5573dd6f8} 'reachabilityFence' '(Ljava/lang/Object;)V' in 'java/lang/ref/Reference')}
  0x000001e53b342758: 49ba f0d6 | 3d57 e501 | 0000 4c89 | 5424 0848 | c704 24ff 

  0x000001e53b34276c: ;   {runtime_call counter_overflow Runtime1 stub}
  0x000001e53b34276c: ffff ffe8 

  0x000001e53b342770: ; ImmutableOopMap {rax=Oop }
                      ;*synchronization entry
                      ; - java.lang.ref.Reference::reachabilityFence@-1 (line 621)
                      ; - java.security.AccessController::executePrivileged@60 (line 782)
                      ; - java.security.AccessController::doPrivileged@13 (line 399)
  0x000001e53b342770: 0c8b 0707 | e964 ffff 

  0x000001e53b342778: ;   {internal_word}
  0x000001e53b342778: ff49 bae2 | 2634 3be5 | 0100 004d | 8997 6003 

  0x000001e53b342788: ;   {runtime_call SafepointBlob}
  0x000001e53b342788: 0000 e971 | 52fd 0690 | 9049 8b87 | d803 0000 | 49c7 87d8 | 0300 0000 | 0000 0049 | c787 e003 
  0x000001e53b3427a8: 0000 0000 | 0000 4883 

  0x000001e53b3427b0: ;   {runtime_call unwind_exception Runtime1 stub}
  0x000001e53b3427b0: c470 5de9 | c827 0707 | f4f4 f4f4 | f4f4 f4f4 
[Stub Code]
  0x000001e53b3427c0: ;   {no_reloc}
  0x000001e53b3427c0: 0f1f 4400 

  0x000001e53b3427c4: ;   {static_stub}
  0x000001e53b3427c4: 0048 bb00 | 0000 0000 

  0x000001e53b3427cc: ;   {runtime_call}
  0x000001e53b3427cc: 0000 00e9 | fbff ffff 

  0x000001e53b3427d4: ;   {static_stub}
  0x000001e53b3427d4: 9048 bb00 | 0000 0000 

  0x000001e53b3427dc: ;   {runtime_call}
  0x000001e53b3427dc: 0000 00e9 | fbff ffff 

  0x000001e53b3427e4: ;   {static_stub}
  0x000001e53b3427e4: 9048 bb00 | 0000 0000 

  0x000001e53b3427ec: ;   {runtime_call}
  0x000001e53b3427ec: 0000 00e9 | fbff ffff 

  0x000001e53b3427f4: ;   {static_stub}
  0x000001e53b3427f4: 9048 bb00 | 0000 0000 

  0x000001e53b3427fc: ;   {runtime_call}
  0x000001e53b3427fc: 0000 00e9 | fbff ffff 
[Exception Handler]
  0x000001e53b342804: ;   {runtime_call handle_exception_from_callee Runtime1 stub}
  0x000001e53b342804: e877 5707 

  0x000001e53b342808: ;   {external_word}
  0x000001e53b342808: 0748 b9a0 | e9db bffc | 7f00 0048 

  0x000001e53b342814: ;   {runtime_call}
  0x000001e53b342814: 83e4 f049 | ba10 79a4 | bffc 7f00 | 0041 ffd2 

  0x000001e53b342824: ;   {section_word}
  0x000001e53b342824: f449 ba25 | 2834 3be5 | 0100 0041 

  0x000001e53b342830: ;   {runtime_call DeoptimizationBlob}
  0x000001e53b342830: 52e9 6a44 | fd06 f4f4 
[/MachCode]


Compiled method (c1)   46022 3095   !   3       com.sun.glass.ui.InvokeLaterDispatcher$Future::run (91 bytes)
 total in heap  [0x000001e53b453410,0x000001e53b453db8] = 2472
 relocation     [0x000001e53b453570,0x000001e53b4535f0] = 128
 main code      [0x000001e53b453600,0x000001e53b453a60] = 1120
 stub code      [0x000001e53b453a60,0x000001e53b453ac8] = 104
 oops           [0x000001e53b453ac8,0x000001e53b453ad0] = 8
 metadata       [0x000001e53b453ad0,0x000001e53b453ad8] = 8
 scopes data    [0x000001e53b453ad8,0x000001e53b453b90] = 184
 scopes pcs     [0x000001e53b453b90,0x000001e53b453ca0] = 272
 dependencies   [0x000001e53b453ca0,0x000001e53b453ca8] = 8
 handler table  [0x000001e53b453ca8,0x000001e53b453d68] = 192
 nul chk table  [0x000001e53b453d68,0x000001e53b453db8] = 80

[Constant Pool (empty)]

[MachCode]
[Entry Point]
  # {method} {0x000001e59958e1d8} 'run' '()V' in 'com/sun/glass/ui/InvokeLaterDispatcher$Future'
  #           [sp+0x70]  (sp of caller)
  0x000001e53b453600: 448b 5208 | 49bb 0000 | 0057 e501 | 0000 4d03 | d34c 3bd0 

  0x000001e53b453614: ;   {runtime_call ic_miss_stub}
  0x000001e53b453614: 0f85 66da | eb06 660f | 1f44 0000 
[Verified Entry Point]
  0x000001e53b453620: 8984 2400 | 90ff ff55 | 4883 ec60 

  0x000001e53b45362c: ;   {metadata(method data for {method} {0x000001e59958e1d8} 'run' '()V' in 'com/sun/glass/ui/InvokeLaterDispatcher$Future')}
  0x000001e53b45362c: 48be c025 | cc99 e501 | 0000 8bbe | cc00 0000 | 83c7 0289 | becc 0000 | 0081 e7fe | 0700 0083 
  0x000001e53b45364c: ff00 0f84 | fe02 0000 | 8b72 1048 | c1e6 0348 | 3b06 488b 

  0x000001e53b453660: ;   {metadata(method data for {method} {0x000001e59958e1d8} 'run' '()V' in 'com/sun/glass/ui/InvokeLaterDispatcher$Future')}
  0x000001e53b453660: fe48 bbc0 | 25cc 99e5 | 0100 008b | 7f08 49ba | 0000 0057 | e501 0000 | 4903 fa48 | 3bbb 2001 
  0x000001e53b453680: 0000 750d | 4883 8328 | 0100 0001 | e966 0000 | 0048 3bbb | 3001 0000 | 750d 4883 | 8338 0100 
  0x000001e53b4536a0: 0001 e950 | 0000 0048 | 81bb 2001 | 0000 0000 | 0000 7517 | 4889 bb20 | 0100 0048 | c783 2801 
  0x000001e53b4536c0: 0000 0100 | 0000 e92c | 0000 0048 | 81bb 3001 | 0000 0000 | 0000 7517 | 4889 bb30 | 0100 0048 
  0x000001e53b4536e0: c783 3801 | 0000 0100 | 0000 e908 | 0000 0048 | 8383 1001 | 0000 0148 | 8954 2420 | 488b d666 
  0x000001e53b453700: 0f1f 4400 | 0048 b870 | 721b a3e5 

  0x000001e53b45370c: ;   {virtual_call}
  0x000001e53b45370c: 0100 00e8 

  0x000001e53b453710: ; ImmutableOopMap {[32]=Oop }
                      ;*invokeinterface run {reexecute=0 rethrow=0 return_oop=0}
                      ; - com.sun.glass.ui.InvokeLaterDispatcher$Future::run@4 (line 96)
  0x000001e53b453710: fca5 ff06 | 488b 5424 | 208b 4214 | 48c1 e003 

  0x000001e53b453720: ; implicit exception: dispatches to 0x000001e53b453978
  0x000001e53b453720: 8bb0 7801 | 0000 48c1 | e603 488d | 7c24 4048 | 8977 0848 | 8b06 4883 | c801 4889 | 07f0 480f 
  0x000001e53b453740: b13e 0f84 | 1300 0000 | 482b c448 | 81e0 07f0 | ffff 4889 | 070f 8527 | 0200 0048 | 8974 2428 
  0x000001e53b453760: c642 0c01 | 8b52 1448 | c1e2 038b | 9278 0100 | 0048 c1e2 | 0348 3b02 

  0x000001e53b453778: ;   {metadata(method data for {method} {0x000001e59958e1d8} 'run' '()V' in 'com/sun/glass/ui/InvokeLaterDispatcher$Future')}
  0x000001e53b453778: 488b fa48 | bbc0 25cc | 99e5 0100 | 0048 8383 | 4801 0000 

  0x000001e53b45378c: ;   {optimized virtual_call}
  0x000001e53b45378c: 0166 90e8 

  0x000001e53b453790: ; ImmutableOopMap {[40]=Oop [72]=Oop }
                      ;*invokevirtual notifyAll {reexecute=0 rethrow=0 return_oop=0}
                      ; - com.sun.glass.ui.InvokeLaterDispatcher$Future::run@31 (line 100)
  0x000001e53b453790: 2c94 6007 | 488d 4424 | 4048 8b10 | 4885 d20f | 840f 0000 | 0048 8b70 | 08f0 480f | b116 0f85 
  0x000001e53b4537b0: eb01 0000 

  0x000001e53b4537b4: ;   {metadata(method data for {method} {0x000001e59958e1d8} 'run' '()V' in 'com/sun/glass/ui/InvokeLaterDispatcher$Future')}
  0x000001e53b4537b4: 48b8 c025 | cc99 e501 | 0000 ff80 | 8001 0000 | e9c0 0000 | 0049 8b87 | d803 0000 | 4d33 d24d 
  0x000001e53b4537d4: 8997 d803 | 0000 4d33 | d24d 8997 | e003 0000 | 8b72 1448 | c1e6 038b | b678 0100 | 0048 c1e6 
  0x000001e53b4537f4: 0348 8d7c | 2440 4889 | 4424 3048 | 8977 0848 | 8b06 4883 | c801 4889 | 07f0 480f | b13e 0f84 
  0x000001e53b453814: 1300 0000 | 482b c448 | 81e0 07f0 | ffff 4889 | 070f 8591 | 0100 0048 | 8974 2438 | c642 0c01 
  0x000001e53b453834: 8b52 1448 | c1e2 038b | 9278 0100 | 0048 c1e2 | 0348 3b02 

  0x000001e53b453848: ;   {metadata(method data for {method} {0x000001e59958e1d8} 'run' '()V' in 'com/sun/glass/ui/InvokeLaterDispatcher$Future')}
  0x000001e53b453848: 488b fa48 | bbc0 25cc | 99e5 0100 | 0048 8383 | b001 0000 

  0x000001e53b45385c: ;   {optimized virtual_call}
  0x000001e53b45385c: 0166 90e8 

  0x000001e53b453860: ; ImmutableOopMap {[48]=Oop [56]=Oop [72]=Oop }
                      ;*invokevirtual notifyAll {reexecute=0 rethrow=0 return_oop=0}
                      ; - com.sun.glass.ui.InvokeLaterDispatcher$Future::run@71 (line 100)
  0x000001e53b453860: 1cdb eb06 | 488d 4424 | 4048 8b30 | 4885 f60f | 840f 0000 | 0048 8b78 | 08f0 480f | b137 0f85 
  0x000001e53b453880: 5501 0000 | e923 0000 

  0x000001e53b453888: ;   {metadata(method data for {method} {0x000001e59958e1d8} 'run' '()V' in 'com/sun/glass/ui/InvokeLaterDispatcher$Future')}
  0x000001e53b453888: 0048 b8c0 | 25cc 99e5 | 0100 00ff | 8098 0100 | 0048 83c4 

  0x000001e53b45389c: ;   {poll_return}
  0x000001e53b45389c: 605d 493b | a748 0300 | 000f 8741 | 0100 00c3 

  0x000001e53b4538ac: ;   {metadata(method data for {method} {0x000001e59958e1d8} 'run' '()V' in 'com/sun/glass/ui/InvokeLaterDispatcher$Future')}
  0x000001e53b4538ac: 48b8 c025 | cc99 e501 | 0000 ff80 | e801 0000 | 488b 4424 | 30e9 8b01 | 0000 498b | 87d8 0300 
  0x000001e53b4538cc: 004d 33d2 | 4d89 97d8 | 0300 004d | 33d2 4d89 | 97e0 0300 | 0048 8bf0 | 488d 4424 | 4048 8b38 
  0x000001e53b4538ec: 4885 ff0f | 840f 0000 | 0048 8b58 | 08f0 480f | b13b 0f85 | fe00 0000 | 488b c6e9 | 4501 0000 
  0x000001e53b45390c: 498b 87d8 | 0300 004d | 33d2 4d89 | 97d8 0300 | 004d 33d2 | 4d89 97e0 | 0300 0048 | 8bf0 488d 
  0x000001e53b45392c: 4424 4048 | 8b38 4885 | ff0f 840f | 0000 0048 | 8b58 08f0 | 480f b13b | 0f85 cb00 | 0000 488b 
  0x000001e53b45394c: c6e9 ff00 

  0x000001e53b453950: ;   {metadata({method} {0x000001e59958e1d8} 'run' '()V' in 'com/sun/glass/ui/InvokeLaterDispatcher$Future')}
  0x000001e53b453950: 0000 49ba | d0e1 5899 | e501 0000 | 4c89 5424 | 0848 c704 | 24ff ffff 

  0x000001e53b453968: ;   {runtime_call counter_overflow Runtime1 stub}
  0x000001e53b453968: ffe8 1279 

  0x000001e53b45396c: ; ImmutableOopMap {rdx=Oop }
                      ;*synchronization entry
                      ; - com.sun.glass.ui.InvokeLaterDispatcher$Future::run@-1 (line 96)
  0x000001e53b45396c: f606 e9e1 

  0x000001e53b453970: ;   {runtime_call throw_null_pointer_exception Runtime1 stub}
  0x000001e53b453970: fcff ffe8 

  0x000001e53b453974: ; ImmutableOopMap {rdx=Oop rsi=Oop }
                      ;*invokeinterface run {reexecute=0 rethrow=0 return_oop=0}
                      ; - com.sun.glass.ui.InvokeLaterDispatcher$Future::run@4 (line 96)
  0x000001e53b453974: 2828 f606 

  0x000001e53b453978: ;   {runtime_call throw_null_pointer_exception Runtime1 stub}
  0x000001e53b453978: e823 28f6 

  0x000001e53b45397c: ; ImmutableOopMap {rdx=Oop }
                      ;*getfield LOCK {reexecute=1 rethrow=0 return_oop=0}
                      ; - (reexecute) com.sun.glass.ui.InvokeLaterDispatcher$Future::run@13 (line 98)
                      ;   {runtime_call throw_null_pointer_exception Runtime1 stub}
  0x000001e53b45397c: 06e8 1e28 

  0x000001e53b453980: ; ImmutableOopMap {rdx=Oop rsi=Oop }
                      ;*monitorenter {reexecute=0 rethrow=0 return_oop=0}
                      ; - com.sun.glass.ui.InvokeLaterDispatcher$Future::run@18 (line 98)
  0x000001e53b453980: f606 4889 | 7424 0848 

  0x000001e53b453988: ;   {runtime_call monitorenter_nofpu Runtime1 stub}
  0x000001e53b453988: 893c 24e8 

  0x000001e53b45398c: ; ImmutableOopMap {rdx=Oop rsi=Oop [72]=Oop }
                      ;*monitorenter {reexecute=0 rethrow=0 return_oop=0}
                      ; - com.sun.glass.ui.InvokeLaterDispatcher$Future::run@18 (line 98)
  0x000001e53b45398c: f057 f606 | e9c6 fdff 

  0x000001e53b453994: ;   {runtime_call throw_null_pointer_exception Runtime1 stub}
  0x000001e53b453994: ffe8 0628 

  0x000001e53b453998: ; ImmutableOopMap {[40]=Oop [72]=Oop }
                      ;*getfield LOCK {reexecute=1 rethrow=0 return_oop=0}
                      ; - (reexecute) com.sun.glass.ui.InvokeLaterDispatcher$Future::run@28 (line 100)
                      ;   {runtime_call throw_null_pointer_exception Runtime1 stub}
  0x000001e53b453998: f606 e801 

  0x000001e53b45399c: ; ImmutableOopMap {[40]=Oop rdx=Oop [72]=Oop }
                      ;*invokevirtual notifyAll {reexecute=0 rethrow=0 return_oop=0}
                      ; - com.sun.glass.ui.InvokeLaterDispatcher$Future::run@31 (line 100)
  0x000001e53b45399c: 28f6 0648 | 8d44 2440 | 4889 0424 

  0x000001e53b4539a8: ;   {runtime_call monitorexit_nofpu Runtime1 stub}
  0x000001e53b4539a8: e8d3 5df6 | 06e9 02fe 

  0x000001e53b4539b0: ;   {runtime_call throw_null_pointer_exception Runtime1 stub}
  0x000001e53b4539b0: ffff e8e9 

  0x000001e53b4539b4: ; ImmutableOopMap {rdx=Oop rax=Oop }
                      ;*getfield LOCK {reexecute=1 rethrow=0 return_oop=0}
                      ; - (reexecute) com.sun.glass.ui.InvokeLaterDispatcher$Future::run@52 (line 98)
                      ;   {runtime_call throw_null_pointer_exception Runtime1 stub}
  0x000001e53b4539b4: 27f6 06e8 

  0x000001e53b4539b8: ; ImmutableOopMap {rdx=Oop rsi=Oop [48]=Oop }
                      ;*monitorenter {reexecute=0 rethrow=0 return_oop=0}
                      ; - com.sun.glass.ui.InvokeLaterDispatcher$Future::run@58 (line 98)
  0x000001e53b4539b8: e427 f606 | 4889 7424 | 0848 893c 

  0x000001e53b4539c4: ;   {runtime_call monitorenter_nofpu Runtime1 stub}
  0x000001e53b4539c4: 24e8 b657 

  0x000001e53b4539c8: ; ImmutableOopMap {rdx=Oop rsi=Oop [48]=Oop [72]=Oop }
                      ;*monitorenter {reexecute=0 rethrow=0 return_oop=0}
                      ; - com.sun.glass.ui.InvokeLaterDispatcher$Future::run@58 (line 98)
  0x000001e53b4539c8: f606 e95c 

  0x000001e53b4539cc: ;   {runtime_call throw_null_pointer_exception Runtime1 stub}
  0x000001e53b4539cc: feff ffe8 

  0x000001e53b4539d0: ; ImmutableOopMap {[56]=Oop [48]=Oop [72]=Oop }
                      ;*getfield LOCK {reexecute=1 rethrow=0 return_oop=0}
                      ; - (reexecute) com.sun.glass.ui.InvokeLaterDispatcher$Future::run@68 (line 100)
  0x000001e53b4539d0: cc27 f606 

  0x000001e53b4539d4: ;   {runtime_call throw_null_pointer_exception Runtime1 stub}
  0x000001e53b4539d4: e8c7 27f6 

  0x000001e53b4539d8: ; ImmutableOopMap {[56]=Oop [48]=Oop rdx=Oop [72]=Oop }
                      ;*invokevirtual notifyAll {reexecute=0 rethrow=0 return_oop=0}
                      ; - com.sun.glass.ui.InvokeLaterDispatcher$Future::run@71 (line 100)
  0x000001e53b4539d8: 0648 8d44 | 2440 4889 

  0x000001e53b4539e0: ;   {runtime_call monitorexit_nofpu Runtime1 stub}
  0x000001e53b4539e0: 0424 e899 | 5df6 06e9 | 98fe ffff 

  0x000001e53b4539ec: ;   {internal_word}
  0x000001e53b4539ec: 49ba 9e38 | 453b e501 | 0000 4d89 | 9760 0300 

  0x000001e53b4539fc: ;   {runtime_call SafepointBlob}
  0x000001e53b4539fc: 00e9 fe3f | ec06 488d | 4424 4048 

  0x000001e53b453a08: ;   {runtime_call monitorexit_nofpu Runtime1 stub}
  0x000001e53b453a08: 8904 24e8 | 705d f606 | e9ef feff | ff48 8d44 | 2440 4889 

  0x000001e53b453a1c: ;   {runtime_call monitorexit_nofpu Runtime1 stub}
  0x000001e53b453a1c: 0424 e85d | 5df6 06e9 | 22ff ffff | 488b 5424 | 20e9 97fd | ffff 9090 | 498b 87d8 | 0300 0049 
  0x000001e53b453a3c: c787 d803 | 0000 0000 | 0000 49c7 | 87e0 0300 | 0000 0000 | 0048 83c4 

  0x000001e53b453a54: ;   {runtime_call unwind_exception Runtime1 stub}
  0x000001e53b453a54: 605d e925 | 15f6 06f4 | f4f4 f4f4 
[Stub Code]
  0x000001e53b453a60: ;   {no_reloc}
  0x000001e53b453a60: 0f1f 4400 

  0x000001e53b453a64: ;   {static_stub}
  0x000001e53b453a64: 0048 bb00 | 0000 0000 

  0x000001e53b453a6c: ;   {runtime_call}
  0x000001e53b453a6c: 0000 00e9 | fbff ffff 

  0x000001e53b453a74: ;   {static_stub}
  0x000001e53b453a74: 9048 bb00 | 0000 0000 

  0x000001e53b453a7c: ;   {runtime_call}
  0x000001e53b453a7c: 0000 00e9 | fbff ffff 

  0x000001e53b453a84: ;   {static_stub}
  0x000001e53b453a84: 9048 bb00 | 0000 0000 

  0x000001e53b453a8c: ;   {runtime_call}
  0x000001e53b453a8c: 0000 00e9 | fbff ffff 
[Exception Handler]
  0x000001e53b453a94: ;   {runtime_call handle_exception_from_callee Runtime1 stub}
  0x000001e53b453a94: e8e7 44f6 

  0x000001e53b453a98: ;   {external_word}
  0x000001e53b453a98: 0648 b9a0 | e9db bffc | 7f00 0048 

  0x000001e53b453aa4: ;   {runtime_call}
  0x000001e53b453aa4: 83e4 f049 | ba10 79a4 | bffc 7f00 | 0041 ffd2 

  0x000001e53b453ab4: ;   {section_word}
  0x000001e53b453ab4: f449 bab5 | 3a45 3be5 | 0100 0041 

  0x000001e53b453ac0: ;   {runtime_call DeoptimizationBlob}
  0x000001e53b453ac0: 52e9 da31 | ec06 f4f4 
[/MachCode]


---------------  P R O C E S S  ---------------

Threads class SMR info:
_java_thread_list=0x000001e59d8c0fc0, length=19, elements={
0x000001e533318cb0, 0x000001e598014300, 0x000001e5980171f0, 0x000001e59802d840,
0x000001e59802e310, 0x000001e598030bf0, 0x000001e5980314c0, 0x000001e5980361a0,
0x000001e59803c090, 0x000001e59803c5b0, 0x000001e5569dc520, 0x000001e598988ce0,
0x000001e59854a370, 0x000001e5983cca20, 0x000001e598bf97e0, 0x000001e59d3d1c40,
0x000001e59d3d2120, 0x000001e59d97ee50, 0x000001e5a30722f0
}

Java Threads: ( => current thread )
  0x000001e533318cb0 JavaThread "main" [_thread_blocked, id=13428, stack(0x0000006771700000,0x0000006771800000)]
  0x000001e598014300 JavaThread "Reference Handler" daemon [_thread_blocked, id=10020, stack(0x0000006771e00000,0x0000006771f00000)]
  0x000001e5980171f0 JavaThread "Finalizer" daemon [_thread_blocked, id=16848, stack(0x0000006771f00000,0x0000006772000000)]
  0x000001e59802d840 JavaThread "Signal Dispatcher" daemon [_thread_blocked, id=13252, stack(0x0000006772000000,0x0000006772100000)]
  0x000001e59802e310 JavaThread "Attach Listener" daemon [_thread_blocked, id=7864, stack(0x0000006772100000,0x0000006772200000)]
  0x000001e598030bf0 JavaThread "Service Thread" daemon [_thread_blocked, id=1276, stack(0x0000006772200000,0x0000006772300000)]
  0x000001e5980314c0 JavaThread "Monitor Deflation Thread" daemon [_thread_blocked, id=17204, stack(0x0000006772300000,0x0000006772400000)]
  0x000001e5980361a0 JavaThread "C2 CompilerThread0" daemon [_thread_blocked, id=1624, stack(0x0000006772400000,0x0000006772500000)]
  0x000001e59803c090 JavaThread "C1 CompilerThread0" daemon [_thread_blocked, id=16388, stack(0x0000006772500000,0x0000006772600000)]
  0x000001e59803c5b0 JavaThread "Sweeper thread" daemon [_thread_blocked, id=11188, stack(0x0000006772600000,0x0000006772700000)]
  0x000001e5569dc520 JavaThread "Common-Cleaner" daemon [_thread_blocked, id=1328, stack(0x0000006772800000,0x0000006772900000)]
  0x000001e598988ce0 JavaThread "Notification Thread" daemon [_thread_blocked, id=12100, stack(0x0000006772f00000,0x0000006773000000)]
  0x000001e59854a370 JavaThread "QuantumRenderer-0" daemon [_thread_blocked, id=11260, stack(0x0000006773100000,0x0000006773200000)]
  0x000001e5983cca20 JavaThread "InvokeLaterDispatcher" daemon [_thread_blocked, id=17004, stack(0x0000006773200000,0x0000006773300000)]
=>0x000001e598bf97e0 JavaThread "JavaFX Application Thread" [_thread_in_native, id=3556, stack(0x0000006773300000,0x0000006773400000)]
  0x000001e59d3d1c40 JavaThread "JavaFX-Launcher" [_thread_blocked, id=7060, stack(0x0000006773800000,0x0000006773900000)]
  0x000001e59d3d2120 JavaThread "Thread-2" daemon [_thread_in_native, id=8024, stack(0x0000006773700000,0x0000006773800000)]
  0x000001e59d97ee50 JavaThread "Prism Font Disposer" daemon [_thread_blocked, id=12740, stack(0x0000006774100000,0x0000006774200000)]
  0x000001e5a30722f0 JavaThread "Cleaner-0" daemon [_thread_blocked, id=17148, stack(0x0000006774200000,0x0000006774300000)]

Other Threads:
  0x000001e59800eeb0 VMThread "VM Thread" [stack: 0x0000006771d00000,0x0000006771e00000] [id=15160]
  0x000001e5989b9d60 WatcherThread [stack: 0x0000006773000000,0x0000006773100000] [id=8048]
  0x000001e533386f80 GCTaskThread "GC Thread#0" [stack: 0x0000006771800000,0x0000006771900000] [id=11684]
  0x000001e5983fe8e0 GCTaskThread "GC Thread#1" [stack: 0x0000006773900000,0x0000006773a00000] [id=13980]
  0x000001e5983fcd60 GCTaskThread "GC Thread#2" [stack: 0x0000006773a00000,0x0000006773b00000] [id=9080]
  0x000001e5983fd2e0 GCTaskThread "GC Thread#3" [stack: 0x0000006773b00000,0x0000006773c00000] [id=4828]
  0x000001e5983fd020 GCTaskThread "GC Thread#4" [stack: 0x0000006773c00000,0x0000006773d00000] [id=11568]
  0x000001e5983fd5a0 GCTaskThread "GC Thread#5" [stack: 0x0000006773d00000,0x0000006773e00000] [id=1740]
  0x000001e5a3303a30 GCTaskThread "GC Thread#6" [stack: 0x0000006772700000,0x0000006772800000] [id=11904]
  0x000001e5a33013b0 GCTaskThread "GC Thread#7" [stack: 0x0000006772900000,0x0000006772a00000] [id=3860]
  0x000001e5a3301bf0 GCTaskThread "GC Thread#8" [stack: 0x0000006772a00000,0x0000006772b00000] [id=14000]
  0x000001e5a33008b0 GCTaskThread "GC Thread#9" [stack: 0x0000006772b00000,0x0000006772c00000] [id=4688]
  0x000001e533398980 ConcurrentGCThread "G1 Main Marker" [stack: 0x0000006771900000,0x0000006771a00000] [id=5420]
  0x000001e53339c170 ConcurrentGCThread "G1 Conc#0" [stack: 0x0000006771a00000,0x0000006771b00000] [id=3196]
  0x000001e5568a26b0 ConcurrentGCThread "G1 Refine#0" [stack: 0x0000006771b00000,0x0000006771c00000] [id=12536]
  0x000001e5568a2d90 ConcurrentGCThread "G1 Service" [stack: 0x0000006771c00000,0x0000006771d00000] [id=16108]

Threads with active compile tasks:

VM state: not at safepoint (normal execution)

VM Mutex/Monitor currently owned by a thread: None

Heap address: 0x0000000703400000, size: 4044 MB, Compressed Oops mode: Zero based, Oop shift amount: 3

CDS archive(s) mapped at: [0x000001e557000000-0x000001e557bb0000-0x000001e557bb0000), size 12255232, SharedBaseAddress: 0x000001e557000000, ArchiveRelocationMode: 1.
Compressed class space mapped at: 0x000001e558000000-0x000001e598000000, reserved size: 1073741824
Narrow klass base: 0x000001e557000000, Narrow klass shift: 0, Narrow klass range: 0x100000000

GC Precious Log:
 CPUs: 16 total, 16 available
 Memory: 16168M
 Large Page Support: Disabled
 NUMA Support: Disabled
 Compressed Oops: Enabled (Zero based)
 Heap Region Size: 2M
 Heap Min Capacity: 8M
 Heap Initial Capacity: 254M
 Heap Max Capacity: 4044M
 Pre-touch: Disabled
 Parallel Workers: 13
 Concurrent Workers: 3
 Concurrent Refinement Workers: 13
 Periodic GC: Disabled

Heap:
 garbage-first heap   total 260096K, used 24668K [0x0000000703400000, 0x0000000800000000)
  region size 2048K, 12 young (24576K), 3 survivors (6144K)
 Metaspace       used 14551K, committed 14720K, reserved 1114112K
  class space    used 1894K, committed 1984K, reserved 1048576K

Heap Regions: E=young(eden), S=young(survivor), O=old, HS=humongous(starts), HC=humongous(continues), CS=collection set, F=free, OA=open archive, CA=closed archive, TAMS=top-at-mark-start (previous, next)
|   0|0x0000000703400000, 0x0000000703600000, 0x0000000703600000|100%|HS|  |TAMS 0x0000000703400000, 0x0000000703400000| Complete 
|   1|0x0000000703600000, 0x0000000703617200, 0x0000000703800000|  4%| O|  |TAMS 0x0000000703600000, 0x0000000703600000| Untracked 
|   2|0x0000000703800000, 0x0000000703800000, 0x0000000703a00000|  0%| F|  |TAMS 0x0000000703800000, 0x0000000703800000| Untracked 
|   3|0x0000000703a00000, 0x0000000703a00000, 0x0000000703c00000|  0%| F|  |TAMS 0x0000000703a00000, 0x0000000703a00000| Untracked 
|   4|0x0000000703c00000, 0x0000000703c00000, 0x0000000703e00000|  0%| F|  |TAMS 0x0000000703c00000, 0x0000000703c00000| Untracked 
|   5|0x0000000703e00000, 0x0000000703e00000, 0x0000000704000000|  0%| F|  |TAMS 0x0000000703e00000, 0x0000000703e00000| Untracked 
|   6|0x0000000704000000, 0x0000000704000000, 0x0000000704200000|  0%| F|  |TAMS 0x0000000704000000, 0x0000000704000000| Untracked 
|   7|0x0000000704200000, 0x0000000704200000, 0x0000000704400000|  0%| F|  |TAMS 0x0000000704200000, 0x0000000704200000| Untracked 
|   8|0x0000000704400000, 0x0000000704400000, 0x0000000704600000|  0%| F|  |TAMS 0x0000000704400000, 0x0000000704400000| Untracked 
|   9|0x0000000704600000, 0x0000000704600000, 0x0000000704800000|  0%| F|  |TAMS 0x0000000704600000, 0x0000000704600000| Untracked 
|  10|0x0000000704800000, 0x0000000704800000, 0x0000000704a00000|  0%| F|  |TAMS 0x0000000704800000, 0x0000000704800000| Untracked 
|  11|0x0000000704a00000, 0x0000000704a00000, 0x0000000704c00000|  0%| F|  |TAMS 0x0000000704a00000, 0x0000000704a00000| Untracked 
|  12|0x0000000704c00000, 0x0000000704c00000, 0x0000000704e00000|  0%| F|  |TAMS 0x0000000704c00000, 0x0000000704c00000| Untracked 
|  13|0x0000000704e00000, 0x0000000704e00000, 0x0000000705000000|  0%| F|  |TAMS 0x0000000704e00000, 0x0000000704e00000| Untracked 
|  14|0x0000000705000000, 0x0000000705000000, 0x0000000705200000|  0%| F|  |TAMS 0x0000000705000000, 0x0000000705000000| Untracked 
|  15|0x0000000705200000, 0x0000000705200000, 0x0000000705400000|  0%| F|  |TAMS 0x0000000705200000, 0x0000000705200000| Untracked 
|  16|0x0000000705400000, 0x0000000705400000, 0x0000000705600000|  0%| F|  |TAMS 0x0000000705400000, 0x0000000705400000| Untracked 
|  17|0x0000000705600000, 0x0000000705600000, 0x0000000705800000|  0%| F|  |TAMS 0x0000000705600000, 0x0000000705600000| Untracked 
|  18|0x0000000705800000, 0x0000000705800000, 0x0000000705a00000|  0%| F|  |TAMS 0x0000000705800000, 0x0000000705800000| Untracked 
|  19|0x0000000705a00000, 0x0000000705a00000, 0x0000000705c00000|  0%| F|  |TAMS 0x0000000705a00000, 0x0000000705a00000| Untracked 
|  20|0x0000000705c00000, 0x0000000705c00000, 0x0000000705e00000|  0%| F|  |TAMS 0x0000000705c00000, 0x0000000705c00000| Untracked 
|  21|0x0000000705e00000, 0x0000000705e00000, 0x0000000706000000|  0%| F|  |TAMS 0x0000000705e00000, 0x0000000705e00000| Untracked 
|  22|0x0000000706000000, 0x0000000706000000, 0x0000000706200000|  0%| F|  |TAMS 0x0000000706000000, 0x0000000706000000| Untracked 
|  23|0x0000000706200000, 0x0000000706200000, 0x0000000706400000|  0%| F|  |TAMS 0x0000000706200000, 0x0000000706200000| Untracked 
|  24|0x0000000706400000, 0x0000000706400000, 0x0000000706600000|  0%| F|  |TAMS 0x0000000706400000, 0x0000000706400000| Untracked 
|  25|0x0000000706600000, 0x0000000706600000, 0x0000000706800000|  0%| F|  |TAMS 0x0000000706600000, 0x0000000706600000| Untracked 
|  26|0x0000000706800000, 0x0000000706800000, 0x0000000706a00000|  0%| F|  |TAMS 0x0000000706800000, 0x0000000706800000| Untracked 
|  27|0x0000000706a00000, 0x0000000706a00000, 0x0000000706c00000|  0%| F|  |TAMS 0x0000000706a00000, 0x0000000706a00000| Untracked 
|  28|0x0000000706c00000, 0x0000000706c00000, 0x0000000706e00000|  0%| F|  |TAMS 0x0000000706c00000, 0x0000000706c00000| Untracked 
|  29|0x0000000706e00000, 0x0000000706e00000, 0x0000000707000000|  0%| F|  |TAMS 0x0000000706e00000, 0x0000000706e00000| Untracked 
|  30|0x0000000707000000, 0x0000000707000000, 0x0000000707200000|  0%| F|  |TAMS 0x0000000707000000, 0x0000000707000000| Untracked 
|  31|0x0000000707200000, 0x0000000707200000, 0x0000000707400000|  0%| F|  |TAMS 0x0000000707200000, 0x0000000707200000| Untracked 
|  32|0x0000000707400000, 0x0000000707400000, 0x0000000707600000|  0%| F|  |TAMS 0x0000000707400000, 0x0000000707400000| Untracked 
|  33|0x0000000707600000, 0x0000000707600000, 0x0000000707800000|  0%| F|  |TAMS 0x0000000707600000, 0x0000000707600000| Untracked 
|  34|0x0000000707800000, 0x0000000707800000, 0x0000000707a00000|  0%| F|  |TAMS 0x0000000707800000, 0x0000000707800000| Untracked 
|  35|0x0000000707a00000, 0x0000000707a00000, 0x0000000707c00000|  0%| F|  |TAMS 0x0000000707a00000, 0x0000000707a00000| Untracked 
|  36|0x0000000707c00000, 0x0000000707c00000, 0x0000000707e00000|  0%| F|  |TAMS 0x0000000707c00000, 0x0000000707c00000| Untracked 
|  37|0x0000000707e00000, 0x0000000707e00000, 0x0000000708000000|  0%| F|  |TAMS 0x0000000707e00000, 0x0000000707e00000| Untracked 
|  38|0x0000000708000000, 0x0000000708000000, 0x0000000708200000|  0%| F|  |TAMS 0x0000000708000000, 0x0000000708000000| Untracked 
|  39|0x0000000708200000, 0x0000000708200000, 0x0000000708400000|  0%| F|  |TAMS 0x0000000708200000, 0x0000000708200000| Untracked 
|  40|0x0000000708400000, 0x0000000708400000, 0x0000000708600000|  0%| F|  |TAMS 0x0000000708400000, 0x0000000708400000| Untracked 
|  41|0x0000000708600000, 0x0000000708600000, 0x0000000708800000|  0%| F|  |TAMS 0x0000000708600000, 0x0000000708600000| Untracked 
|  42|0x0000000708800000, 0x0000000708800000, 0x0000000708a00000|  0%| F|  |TAMS 0x0000000708800000, 0x0000000708800000| Untracked 
|  43|0x0000000708a00000, 0x0000000708a00000, 0x0000000708c00000|  0%| F|  |TAMS 0x0000000708a00000, 0x0000000708a00000| Untracked 
|  44|0x0000000708c00000, 0x0000000708c00000, 0x0000000708e00000|  0%| F|  |TAMS 0x0000000708c00000, 0x0000000708c00000| Untracked 
|  45|0x0000000708e00000, 0x0000000708e00000, 0x0000000709000000|  0%| F|  |TAMS 0x0000000708e00000, 0x0000000708e00000| Untracked 
|  46|0x0000000709000000, 0x0000000709000000, 0x0000000709200000|  0%| F|  |TAMS 0x0000000709000000, 0x0000000709000000| Untracked 
|  47|0x0000000709200000, 0x0000000709200000, 0x0000000709400000|  0%| F|  |TAMS 0x0000000709200000, 0x0000000709200000| Untracked 
|  48|0x0000000709400000, 0x0000000709400000, 0x0000000709600000|  0%| F|  |TAMS 0x0000000709400000, 0x0000000709400000| Untracked 
|  49|0x0000000709600000, 0x0000000709600000, 0x0000000709800000|  0%| F|  |TAMS 0x0000000709600000, 0x0000000709600000| Untracked 
|  50|0x0000000709800000, 0x0000000709800000, 0x0000000709a00000|  0%| F|  |TAMS 0x0000000709800000, 0x0000000709800000| Untracked 
|  51|0x0000000709a00000, 0x0000000709a00000, 0x0000000709c00000|  0%| F|  |TAMS 0x0000000709a00000, 0x0000000709a00000| Untracked 
|  52|0x0000000709c00000, 0x0000000709c00000, 0x0000000709e00000|  0%| F|  |TAMS 0x0000000709c00000, 0x0000000709c00000| Untracked 
|  53|0x0000000709e00000, 0x0000000709e00000, 0x000000070a000000|  0%| F|  |TAMS 0x0000000709e00000, 0x0000000709e00000| Untracked 
|  54|0x000000070a000000, 0x000000070a000000, 0x000000070a200000|  0%| F|  |TAMS 0x000000070a000000, 0x000000070a000000| Untracked 
|  55|0x000000070a200000, 0x000000070a200000, 0x000000070a400000|  0%| F|  |TAMS 0x000000070a200000, 0x000000070a200000| Untracked 
|  56|0x000000070a400000, 0x000000070a400000, 0x000000070a600000|  0%| F|  |TAMS 0x000000070a400000, 0x000000070a400000| Untracked 
|  57|0x000000070a600000, 0x000000070a600000, 0x000000070a800000|  0%| F|  |TAMS 0x000000070a600000, 0x000000070a600000| Untracked 
|  58|0x000000070a800000, 0x000000070a800000, 0x000000070aa00000|  0%| F|  |TAMS 0x000000070a800000, 0x000000070a800000| Untracked 
|  59|0x000000070aa00000, 0x000000070aa00000, 0x000000070ac00000|  0%| F|  |TAMS 0x000000070aa00000, 0x000000070aa00000| Untracked 
|  60|0x000000070ac00000, 0x000000070ac00000, 0x000000070ae00000|  0%| F|  |TAMS 0x000000070ac00000, 0x000000070ac00000| Untracked 
|  61|0x000000070ae00000, 0x000000070ae00000, 0x000000070b000000|  0%| F|  |TAMS 0x000000070ae00000, 0x000000070ae00000| Untracked 
|  62|0x000000070b000000, 0x000000070b000000, 0x000000070b200000|  0%| F|  |TAMS 0x000000070b000000, 0x000000070b000000| Untracked 
|  63|0x000000070b200000, 0x000000070b200000, 0x000000070b400000|  0%| F|  |TAMS 0x000000070b200000, 0x000000070b200000| Untracked 
|  64|0x000000070b400000, 0x000000070b400000, 0x000000070b600000|  0%| F|  |TAMS 0x000000070b400000, 0x000000070b400000| Untracked 
|  65|0x000000070b600000, 0x000000070b600000, 0x000000070b800000|  0%| F|  |TAMS 0x000000070b600000, 0x000000070b600000| Untracked 
|  66|0x000000070b800000, 0x000000070b800000, 0x000000070ba00000|  0%| F|  |TAMS 0x000000070b800000, 0x000000070b800000| Untracked 
|  67|0x000000070ba00000, 0x000000070ba00000, 0x000000070bc00000|  0%| F|  |TAMS 0x000000070ba00000, 0x000000070ba00000| Untracked 
|  68|0x000000070bc00000, 0x000000070bc00000, 0x000000070be00000|  0%| F|  |TAMS 0x000000070bc00000, 0x000000070bc00000| Untracked 
|  69|0x000000070be00000, 0x000000070be00000, 0x000000070c000000|  0%| F|  |TAMS 0x000000070be00000, 0x000000070be00000| Untracked 
|  70|0x000000070c000000, 0x000000070c000000, 0x000000070c200000|  0%| F|  |TAMS 0x000000070c000000, 0x000000070c000000| Untracked 
|  71|0x000000070c200000, 0x000000070c200000, 0x000000070c400000|  0%| F|  |TAMS 0x000000070c200000, 0x000000070c200000| Untracked 
|  72|0x000000070c400000, 0x000000070c400000, 0x000000070c600000|  0%| F|  |TAMS 0x000000070c400000, 0x000000070c400000| Untracked 
|  73|0x000000070c600000, 0x000000070c600000, 0x000000070c800000|  0%| F|  |TAMS 0x000000070c600000, 0x000000070c600000| Untracked 
|  74|0x000000070c800000, 0x000000070c800000, 0x000000070ca00000|  0%| F|  |TAMS 0x000000070c800000, 0x000000070c800000| Untracked 
|  75|0x000000070ca00000, 0x000000070ca00000, 0x000000070cc00000|  0%| F|  |TAMS 0x000000070ca00000, 0x000000070ca00000| Untracked 
|  76|0x000000070cc00000, 0x000000070cc00000, 0x000000070ce00000|  0%| F|  |TAMS 0x000000070cc00000, 0x000000070cc00000| Untracked 
|  77|0x000000070ce00000, 0x000000070ce00000, 0x000000070d000000|  0%| F|  |TAMS 0x000000070ce00000, 0x000000070ce00000| Untracked 
|  78|0x000000070d000000, 0x000000070d000000, 0x000000070d200000|  0%| F|  |TAMS 0x000000070d000000, 0x000000070d000000| Untracked 
|  79|0x000000070d200000, 0x000000070d200000, 0x000000070d400000|  0%| F|  |TAMS 0x000000070d200000, 0x000000070d200000| Untracked 
|  80|0x000000070d400000, 0x000000070d400000, 0x000000070d600000|  0%| F|  |TAMS 0x000000070d400000, 0x000000070d400000| Untracked 
|  81|0x000000070d600000, 0x000000070d600000, 0x000000070d800000|  0%| F|  |TAMS 0x000000070d600000, 0x000000070d600000| Untracked 
|  82|0x000000070d800000, 0x000000070d800000, 0x000000070da00000|  0%| F|  |TAMS 0x000000070d800000, 0x000000070d800000| Untracked 
|  83|0x000000070da00000, 0x000000070da00000, 0x000000070dc00000|  0%| F|  |TAMS 0x000000070da00000, 0x000000070da00000| Untracked 
|  84|0x000000070dc00000, 0x000000070dc00000, 0x000000070de00000|  0%| F|  |TAMS 0x000000070dc00000, 0x000000070dc00000| Untracked 
|  85|0x000000070de00000, 0x000000070de00000, 0x000000070e000000|  0%| F|  |TAMS 0x000000070de00000, 0x000000070de00000| Untracked 
|  86|0x000000070e000000, 0x000000070e000000, 0x000000070e200000|  0%| F|  |TAMS 0x000000070e000000, 0x000000070e000000| Untracked 
|  87|0x000000070e200000, 0x000000070e200000, 0x000000070e400000|  0%| F|  |TAMS 0x000000070e200000, 0x000000070e200000| Untracked 
|  88|0x000000070e400000, 0x000000070e400000, 0x000000070e600000|  0%| F|  |TAMS 0x000000070e400000, 0x000000070e400000| Untracked 
|  89|0x000000070e600000, 0x000000070e600000, 0x000000070e800000|  0%| F|  |TAMS 0x000000070e600000, 0x000000070e600000| Untracked 
|  90|0x000000070e800000, 0x000000070e800000, 0x000000070ea00000|  0%| F|  |TAMS 0x000000070e800000, 0x000000070e800000| Untracked 
|  91|0x000000070ea00000, 0x000000070ea00000, 0x000000070ec00000|  0%| F|  |TAMS 0x000000070ea00000, 0x000000070ea00000| Untracked 
|  92|0x000000070ec00000, 0x000000070ec00000, 0x000000070ee00000|  0%| F|  |TAMS 0x000000070ec00000, 0x000000070ec00000| Untracked 
|  93|0x000000070ee00000, 0x000000070ee00000, 0x000000070f000000|  0%| F|  |TAMS 0x000000070ee00000, 0x000000070ee00000| Untracked 
|  94|0x000000070f000000, 0x000000070f000000, 0x000000070f200000|  0%| F|  |TAMS 0x000000070f000000, 0x000000070f000000| Untracked 
|  95|0x000000070f200000, 0x000000070f200000, 0x000000070f400000|  0%| F|  |TAMS 0x000000070f200000, 0x000000070f200000| Untracked 
|  96|0x000000070f400000, 0x000000070f400000, 0x000000070f600000|  0%| F|  |TAMS 0x000000070f400000, 0x000000070f400000| Untracked 
|  97|0x000000070f600000, 0x000000070f600000, 0x000000070f800000|  0%| F|  |TAMS 0x000000070f600000, 0x000000070f600000| Untracked 
|  98|0x000000070f800000, 0x000000070f800000, 0x000000070fa00000|  0%| F|  |TAMS 0x000000070f800000, 0x000000070f800000| Untracked 
|  99|0x000000070fa00000, 0x000000070fa00000, 0x000000070fc00000|  0%| F|  |TAMS 0x000000070fa00000, 0x000000070fa00000| Untracked 
| 100|0x000000070fc00000, 0x000000070fc00000, 0x000000070fe00000|  0%| F|  |TAMS 0x000000070fc00000, 0x000000070fc00000| Untracked 
| 101|0x000000070fe00000, 0x000000070fe00000, 0x0000000710000000|  0%| F|  |TAMS 0x000000070fe00000, 0x000000070fe00000| Untracked 
| 102|0x0000000710000000, 0x0000000710000000, 0x0000000710200000|  0%| F|  |TAMS 0x0000000710000000, 0x0000000710000000| Untracked 
| 103|0x0000000710200000, 0x0000000710400000, 0x0000000710400000|100%| S|CS|TAMS 0x0000000710200000, 0x0000000710200000| Complete 
| 104|0x0000000710400000, 0x0000000710600000, 0x0000000710600000|100%| S|CS|TAMS 0x0000000710400000, 0x0000000710400000| Complete 
| 105|0x0000000710600000, 0x0000000710800000, 0x0000000710800000|100%| S|CS|TAMS 0x0000000710600000, 0x0000000710600000| Complete 
| 106|0x0000000710800000, 0x0000000710800000, 0x0000000710a00000|  0%| F|  |TAMS 0x0000000710800000, 0x0000000710800000| Untracked 
| 107|0x0000000710a00000, 0x0000000710a00000, 0x0000000710c00000|  0%| F|  |TAMS 0x0000000710a00000, 0x0000000710a00000| Untracked 
| 108|0x0000000710c00000, 0x0000000710c00000, 0x0000000710e00000|  0%| F|  |TAMS 0x0000000710c00000, 0x0000000710c00000| Untracked 
| 109|0x0000000710e00000, 0x0000000710e00000, 0x0000000711000000|  0%| F|  |TAMS 0x0000000710e00000, 0x0000000710e00000| Untracked 
| 110|0x0000000711000000, 0x0000000711000000, 0x0000000711200000|  0%| F|  |TAMS 0x0000000711000000, 0x0000000711000000| Untracked 
| 111|0x0000000711200000, 0x0000000711200000, 0x0000000711400000|  0%| F|  |TAMS 0x0000000711200000, 0x0000000711200000| Untracked 
| 112|0x0000000711400000, 0x0000000711400000, 0x0000000711600000|  0%| F|  |TAMS 0x0000000711400000, 0x0000000711400000| Untracked 
| 113|0x0000000711600000, 0x0000000711600000, 0x0000000711800000|  0%| F|  |TAMS 0x0000000711600000, 0x0000000711600000| Untracked 
| 114|0x0000000711800000, 0x0000000711800000, 0x0000000711a00000|  0%| F|  |TAMS 0x0000000711800000, 0x0000000711800000| Untracked 
| 115|0x0000000711a00000, 0x0000000711a00000, 0x0000000711c00000|  0%| F|  |TAMS 0x0000000711a00000, 0x0000000711a00000| Untracked 
| 116|0x0000000711c00000, 0x0000000711c00000, 0x0000000711e00000|  0%| F|  |TAMS 0x0000000711c00000, 0x0000000711c00000| Untracked 
| 117|0x0000000711e00000, 0x0000000711e00000, 0x0000000712000000|  0%| F|  |TAMS 0x0000000711e00000, 0x0000000711e00000| Untracked 
| 118|0x0000000712000000, 0x0000000712200000, 0x0000000712200000|100%| E|  |TAMS 0x0000000712000000, 0x0000000712000000| Complete 
| 119|0x0000000712200000, 0x0000000712400000, 0x0000000712400000|100%| E|CS|TAMS 0x0000000712200000, 0x0000000712200000| Complete 
| 120|0x0000000712400000, 0x0000000712600000, 0x0000000712600000|100%| E|CS|TAMS 0x0000000712400000, 0x0000000712400000| Complete 
| 121|0x0000000712600000, 0x0000000712800000, 0x0000000712800000|100%| E|CS|TAMS 0x0000000712600000, 0x0000000712600000| Complete 
| 122|0x0000000712800000, 0x0000000712a00000, 0x0000000712a00000|100%| E|CS|TAMS 0x0000000712800000, 0x0000000712800000| Complete 
| 123|0x0000000712a00000, 0x0000000712c00000, 0x0000000712c00000|100%| E|CS|TAMS 0x0000000712a00000, 0x0000000712a00000| Complete 
| 124|0x0000000712c00000, 0x0000000712e00000, 0x0000000712e00000|100%| E|CS|TAMS 0x0000000712c00000, 0x0000000712c00000| Complete 
| 125|0x0000000712e00000, 0x0000000713000000, 0x0000000713000000|100%| E|CS|TAMS 0x0000000712e00000, 0x0000000712e00000| Complete 
| 126|0x0000000713000000, 0x0000000713200000, 0x0000000713200000|100%| E|CS|TAMS 0x0000000713000000, 0x0000000713000000| Complete 

Card table byte_map: [0x000001e54aef0000,0x000001e54b6e0000] _byte_map_base: 0x000001e5476d6000

Marking Bits (Prev, Next): (CMBitMap*) 0x000001e5333874b0, (CMBitMap*) 0x000001e5333874f0
 Prev Bits: [0x000001e54bed0000, 0x000001e54fe00000)
 Next Bits: [0x000001e54fe00000, 0x000001e553d30000)

Polling page: 0x000001e532a30000

Metaspace:

Usage:
  Non-class:     12.36 MB used.
      Class:      1.85 MB used.
       Both:     14.21 MB used.

Virtual space:
  Non-class space:       64.00 MB reserved,      12.44 MB ( 19%) committed,  1 nodes.
      Class space:        1.00 GB reserved,       1.94 MB ( <1%) committed,  1 nodes.
             Both:        1.06 GB reserved,      14.38 MB (  1%) committed. 

Chunk freelists:
   Non-Class:  2.50 MB
       Class:  14.07 MB
        Both:  16.57 MB

MaxMetaspaceSize: unlimited
CompressedClassSpaceSize: 1.00 GB
Initial GC threshold: 21.00 MB
Current GC threshold: 21.00 MB
CDS: on
MetaspaceReclaimPolicy: balanced
 - commit_granule_bytes: 65536.
 - commit_granule_words: 8192.
 - virtual_space_node_default_size: 8388608.
 - enlarge_chunks_in_place: 1.
 - new_chunks_are_fully_committed: 0.
 - uncommit_free_chunks: 1.
 - use_allocation_guard: 0.
 - handle_deallocations: 1.


Internal statistics:

num_allocs_failed_limit: 0.
num_arena_births: 192.
num_arena_deaths: 0.
num_vsnodes_births: 2.
num_vsnodes_deaths: 0.
num_space_committed: 230.
num_space_uncommitted: 0.
num_chunks_returned_to_freelist: 0.
num_chunks_taken_from_freelist: 674.
num_chunk_merges: 0.
num_chunk_splits: 486.
num_chunks_enlarged: 398.
num_inconsistent_stats: 0.

CodeHeap 'non-profiled nmethods': size=119168Kb used=2243Kb max_used=2243Kb free=116924Kb
 bounds [0x000001e542a10000, 0x000001e542c80000, 0x000001e549e70000]
CodeHeap 'profiled nmethods': size=119104Kb used=9058Kb max_used=9058Kb free=110046Kb
 bounds [0x000001e53ae70000, 0x000001e53b750000, 0x000001e5422c0000]
CodeHeap 'non-nmethods': size=7488Kb used=1410Kb max_used=3205Kb free=6077Kb
 bounds [0x000001e5422c0000, 0x000001e5425f0000, 0x000001e542a10000]
 total_blobs=5190 nmethods=4426 adapters=676
 compilation: enabled
              stopped_count=0, restarted_count=0
 full_count=0

Compilation events (20 events):
Event: 45.931 Thread 0x000001e59803c090 nmethod 4417 0x000001e53b745310 code [0x000001e53b7454c0, 0x000001e53b745748]
Event: 45.931 Thread 0x000001e59803c090 4421       3       java.lang.invoke.DirectMethodHandle::shouldBeInitialized (127 bytes)
Event: 45.932 Thread 0x000001e59803c090 nmethod 4421 0x000001e53b745810 code [0x000001e53b745aa0, 0x000001e53b746438]
Event: 45.932 Thread 0x000001e59803c090 4418       3       java.util.HashMap$ValueIterator::<init> (11 bytes)
Event: 45.932 Thread 0x000001e59803c090 nmethod 4418 0x000001e53b746710 code [0x000001e53b7468c0, 0x000001e53b746a48]
Event: 45.932 Thread 0x000001e59803c090 4419       3       java.util.concurrent.CountDownLatch::countDown (10 bytes)
Event: 45.933 Thread 0x000001e59803c090 nmethod 4419 0x000001e53b746b10 code [0x000001e53b746ce0, 0x000001e53b746f38]
Event: 45.933 Thread 0x000001e59803c090 4420       3       java.util.concurrent.CountDownLatch$Sync::tryReleaseShared (37 bytes)
Event: 45.933 Thread 0x000001e59803c090 nmethod 4420 0x000001e53b747090 code [0x000001e53b747260, 0x000001e53b747528]
Event: 45.936 Thread 0x000001e59803c090 4422       3       java.util.stream.ReferencePipeline::map (26 bytes)
Event: 45.936 Thread 0x000001e59803c090 nmethod 4422 0x000001e53b747610 code [0x000001e53b747800, 0x000001e53b747d38]
Event: 45.942 Thread 0x000001e5980361a0 4423       4       javafx.collections.ObservableListBase::beginChange (8 bytes)
Event: 45.943 Thread 0x000001e5980361a0 nmethod 4423 0x000001e542c3e310 code [0x000001e542c3e4a0, 0x000001e542c3e538]
Event: 45.943 Thread 0x000001e5980361a0 4424       4       javafx.collections.ObservableListBase::endChange (8 bytes)
Event: 45.943 Thread 0x000001e5980361a0 nmethod 4424 0x000001e542c3e610 code [0x000001e542c3e7a0, 0x000001e542c3e868]
Event: 45.943 Thread 0x000001e5980361a0 4425       4       javafx.collections.ListChangeBuilder::commit (516 bytes)
Event: 45.947 Thread 0x000001e59803c090 4426       3       jdk.internal.misc.VM::isModuleSystemInited (13 bytes)
Event: 45.947 Thread 0x000001e59803c090 nmethod 4426 0x000001e53b747f90 code [0x000001e53b748140, 0x000001e53b7482f8]
Event: 45.947 Thread 0x000001e59803c090 4429       3       java.lang.String::valueOf (15 bytes)
Event: 45.947 Thread 0x000001e59803c090 nmethod 4429 0x000001e53b748390 code [0x000001e53b748540, 0x000001e53b748748]

GC Heap History (4 events):
Event: 0.402 GC heap before
{Heap before GC invocations=0 (full 0):
 garbage-first heap   total 260096K, used 22528K [0x0000000703400000, 0x0000000800000000)
  region size 2048K, 11 young (22528K), 0 survivors (0K)
 Metaspace       used 4857K, committed 5056K, reserved 1114112K
  class space    used 618K, committed 768K, reserved 1048576K
}
Event: 0.404 GC heap after
{Heap after GC invocations=1 (full 0):
 garbage-first heap   total 260096K, used 2810K [0x0000000703400000, 0x0000000800000000)
  region size 2048K, 2 young (4096K), 2 survivors (4096K)
 Metaspace       used 4857K, committed 5056K, reserved 1114112K
  class space    used 618K, committed 768K, reserved 1048576K
}
Event: 17.758 GC heap before
{Heap before GC invocations=1 (full 0):
 garbage-first heap   total 260096K, used 43770K [0x0000000703400000, 0x0000000800000000)
  region size 2048K, 21 young (43008K), 2 survivors (4096K)
 Metaspace       used 13828K, committed 14016K, reserved 1114112K
  class space    used 1885K, committed 1984K, reserved 1048576K
}
Event: 17.762 GC heap after
{Heap after GC invocations=2 (full 0):
 garbage-first heap   total 260096K, used 8284K [0x0000000703400000, 0x0000000800000000)
  region size 2048K, 3 young (6144K), 3 survivors (6144K)
 Metaspace       used 13828K, committed 14016K, reserved 1114112K
  class space    used 1885K, committed 1984K, reserved 1048576K
}

Dll operation events (20 events):
Event: 0.212 Loaded shared library C:\Program Files\Eclipse Adoptium\jdk-17.0.16.8-hotspot\bin\api-ms-win-crt-filesystem-l1-1-0.dll
Event: 0.213 Loaded shared library C:\Program Files\Eclipse Adoptium\jdk-17.0.16.8-hotspot\bin\api-ms-win-crt-heap-l1-1-0.dll
Event: 0.214 Loaded shared library C:\Program Files\Eclipse Adoptium\jdk-17.0.16.8-hotspot\bin\api-ms-win-crt-locale-l1-1-0.dll
Event: 0.215 Loaded shared library C:\Program Files\Eclipse Adoptium\jdk-17.0.16.8-hotspot\bin\api-ms-win-crt-math-l1-1-0.dll
Event: 0.217 Loaded shared library C:\Program Files\Eclipse Adoptium\jdk-17.0.16.8-hotspot\bin\api-ms-win-crt-multibyte-l1-1-0.dll
Event: 0.218 Loaded shared library C:\Program Files\Eclipse Adoptium\jdk-17.0.16.8-hotspot\bin\api-ms-win-crt-private-l1-1-0.dll
Event: 0.219 Loaded shared library C:\Program Files\Eclipse Adoptium\jdk-17.0.16.8-hotspot\bin\api-ms-win-crt-process-l1-1-0.dll
Event: 0.220 Loaded shared library C:\Program Files\Eclipse Adoptium\jdk-17.0.16.8-hotspot\bin\api-ms-win-crt-runtime-l1-1-0.dll
Event: 0.222 Loaded shared library C:\Program Files\Eclipse Adoptium\jdk-17.0.16.8-hotspot\bin\api-ms-win-crt-stdio-l1-1-0.dll
Event: 0.223 Loaded shared library C:\Program Files\Eclipse Adoptium\jdk-17.0.16.8-hotspot\bin\api-ms-win-crt-string-l1-1-0.dll
Event: 0.224 Loaded shared library C:\Program Files\Eclipse Adoptium\jdk-17.0.16.8-hotspot\bin\api-ms-win-crt-time-l1-1-0.dll
Event: 0.226 Loaded shared library C:\Program Files\Eclipse Adoptium\jdk-17.0.16.8-hotspot\bin\api-ms-win-crt-utility-l1-1-0.dll
Event: 0.227 Loaded shared library C:\Program Files\Eclipse Adoptium\jdk-17.0.16.8-hotspot\bin\ucrtbase.dll
Event: 0.228 Loaded shared library C:\Program Files\Eclipse Adoptium\jdk-17.0.16.8-hotspot\bin\vcruntime140.dll
Event: 0.229 Loaded shared library C:\Program Files\Eclipse Adoptium\jdk-17.0.16.8-hotspot\bin\msvcp140.dll
Event: 0.230 Loaded shared library C:\Windows\System32\concrt140.dll
Event: 0.279 Loaded shared library C:\Users\emile\.openjfx\cache\12.0.1\prism_d3d.dll
Event: 0.314 Loaded shared library C:\Users\emile\.openjfx\cache\12.0.1\glass.dll
Event: 0.421 Loaded shared library C:\Users\emile\.openjfx\cache\12.0.1\javafx_font.dll
Event: 0.483 Loaded shared library C:\Program Files\Eclipse Adoptium\jdk-17.0.16.8-hotspot\bin\jimage.dll

Deoptimization events (20 events):
Event: 34.252 Thread 0x000001e598bf97e0 Uncommon trap: trap_request=0xffffffd6 fr.pc=0x000001e542c05444 relative=0x00000000000003e4
Event: 34.252 Thread 0x000001e598bf97e0 Uncommon trap: reason=array_check action=maybe_recompile pc=0x000001e542c05444 method=javafx.css.CompoundSelector.applies(Ljavafx/css/Styleable;[Ljava/util/Set;I)Z @ 128 c2
Event: 34.252 Thread 0x000001e598bf97e0 DEOPT PACKING pc=0x000001e542c05444 sp=0x00000067733fb730
Event: 34.252 Thread 0x000001e598bf97e0 DEOPT UNPACKING pc=0x000001e5423169a3 sp=0x00000067733fb6b8 mode 2
Event: 34.252 Thread 0x000001e598bf97e0 Uncommon trap: trap_request=0xffffffd6 fr.pc=0x000001e542c05444 relative=0x00000000000003e4
Event: 34.252 Thread 0x000001e598bf97e0 Uncommon trap: reason=array_check action=maybe_recompile pc=0x000001e542c05444 method=javafx.css.CompoundSelector.applies(Ljavafx/css/Styleable;[Ljava/util/Set;I)Z @ 128 c2
Event: 34.252 Thread 0x000001e598bf97e0 DEOPT PACKING pc=0x000001e542c05444 sp=0x00000067733fb730
Event: 34.252 Thread 0x000001e598bf97e0 DEOPT UNPACKING pc=0x000001e5423169a3 sp=0x00000067733fb6b8 mode 2
Event: 45.018 Thread 0x000001e598bf97e0 Uncommon trap: trap_request=0xffffff6e fr.pc=0x000001e542c3a33c relative=0x000000000000021c
Event: 45.018 Thread 0x000001e598bf97e0 Uncommon trap: reason=loop_limit_check action=maybe_recompile pc=0x000001e542c3a33c method=javafx.scene.Parent.pickChildrenNode(Lcom/sun/javafx/geom/PickRay;Lcom/sun/javafx/scene/input/PickResultChooser;)Z @ 17 c2
Event: 45.018 Thread 0x000001e598bf97e0 DEOPT PACKING pc=0x000001e542c3a33c sp=0x00000067733fb9f0
Event: 45.018 Thread 0x000001e598bf97e0 DEOPT UNPACKING pc=0x000001e5423169a3 sp=0x00000067733fb7a0 mode 2
Event: 45.933 Thread 0x000001e598bf97e0 Uncommon trap: trap_request=0xffffff45 fr.pc=0x000001e542c185b8 relative=0x0000000000000118
Event: 45.933 Thread 0x000001e598bf97e0 Uncommon trap: reason=unstable_if action=reinterpret pc=0x000001e542c185b8 method=java.util.Collections.unmodifiableList(Ljava/util/List;)Ljava/util/List; @ 24 c2
Event: 45.933 Thread 0x000001e598bf97e0 DEOPT PACKING pc=0x000001e542c185b8 sp=0x00000067733fe3b0
Event: 45.933 Thread 0x000001e598bf97e0 DEOPT UNPACKING pc=0x000001e5423169a3 sp=0x00000067733fe370 mode 2
Event: 45.945 Thread 0x000001e598bf97e0 Uncommon trap: trap_request=0xffffff45 fr.pc=0x000001e542bf2704 relative=0x00000000000009c4
Event: 45.945 Thread 0x000001e598bf97e0 Uncommon trap: reason=unstable_if action=reinterpret pc=0x000001e542bf2704 method=com.sun.glass.ui.Timer.resume()V @ 6 c2
Event: 45.945 Thread 0x000001e598bf97e0 DEOPT PACKING pc=0x000001e542bf2704 sp=0x00000067733fb310
Event: 45.945 Thread 0x000001e598bf97e0 DEOPT UNPACKING pc=0x000001e5423169a3 sp=0x00000067733fb080 mode 2

Classes loaded (20 events):
Event: 5.463 Loading class java/lang/FdLibm
Event: 5.463 Loading class java/lang/FdLibm done
Event: 6.269 Loading class java/util/stream/MatchOps$MatchKind
Event: 6.269 Loading class java/util/stream/MatchOps$MatchKind done
Event: 6.269 Loading class java/util/stream/MatchOps
Event: 6.269 Loading class java/util/stream/MatchOps done
Event: 6.269 Loading class java/util/stream/MatchOps$MatchOp
Event: 6.269 Loading class java/util/stream/MatchOps$MatchOp done
Event: 6.269 Loading class java/util/stream/MatchOps$BooleanTerminalSink
Event: 6.269 Loading class java/util/stream/MatchOps$BooleanTerminalSink done
Event: 6.269 Loading class java/util/stream/MatchOps$1MatchSink
Event: 6.269 Loading class java/util/stream/MatchOps$1MatchSink done
Event: 7.160 Loading class jdk/internal/misc/ScopedMemoryAccess$Scope
Event: 7.160 Loading class jdk/internal/misc/ScopedMemoryAccess$Scope done
Event: 45.933 Loading class java/util/LinkedList$ListItr
Event: 45.933 Loading class java/util/LinkedList$ListItr done
Event: 45.947 Loading class java/lang/Throwable$WrappedPrintStream
Event: 45.947 Loading class java/lang/Throwable$PrintStreamOrWriter
Event: 45.947 Loading class java/lang/Throwable$PrintStreamOrWriter done
Event: 45.947 Loading class java/lang/Throwable$WrappedPrintStream done

Classes unloaded (0 events):
No events

Classes redefined (0 events):
No events

Internal exceptions (20 events):
Event: 0.524 Thread 0x000001e598bf97e0 Implicit null exception at 0x000001e542a73fcf to 0x000001e542a7472c
Event: 0.524 Thread 0x000001e598bf97e0 Implicit null exception at 0x000001e542a7224f to 0x000001e542a72968
Event: 0.524 Thread 0x000001e598bf97e0 Implicit null exception at 0x000001e542a2dbaf to 0x000001e542a2dc29
Event: 0.600 Thread 0x000001e598bf97e0 Exception <a 'java/lang/NoSuchMethodError'{0x00000007120c4db0}: 'java.lang.Object java.lang.invoke.DirectMethodHandle$Holder.invokeInterface(java.lang.Object, java.lang.Object, java.lang.Object)'> (0x00000007120c4db0) 
thrown [s\src\hotspot\share\interpreter\linkResolver.cpp, line 759]
Event: 0.600 Thread 0x000001e598bf97e0 Exception <a 'java/lang/IncompatibleClassChangeError'{0x00000007120c8738}: Found class java.lang.Object, but interface was expected> (0x00000007120c8738) 
thrown [s\src\hotspot\share\interpreter\linkResolver.cpp, line 826]
Event: 0.637 Thread 0x000001e598bf97e0 Exception <a 'java/lang/NoSuchMethodError'{0x0000000711e67558}: 'java.lang.Object java.lang.invoke.DirectMethodHandle$Holder.newInvokeSpecial(java.lang.Object, java.lang.Object, int)'> (0x0000000711e67558) 
thrown [s\src\hotspot\share\interpreter\linkResolver.cpp, line 759]
Event: 0.650 Thread 0x000001e59854a370 Exception <a 'java/lang/NoSuchMethodError'{0x0000000711fd2868}: 'int java.lang.invoke.DirectMethodHandle$Holder.invokeStaticInit(java.lang.Object, java.lang.Object)'> (0x0000000711fd2868) 
thrown [s\src\hotspot\share\interpreter\linkResolver.cpp, line 759]
Event: 3.208 Thread 0x000001e598bf97e0 Exception <a 'java/lang/NoSuchMethodError'{0x000000071143c0d0}: 'long java.lang.invoke.DirectMethodHandle$Holder.invokeStatic(java.lang.Object, java.lang.Object, java.lang.Object)'> (0x000000071143c0d0) 
thrown [s\src\hotspot\share\interpreter\linkResolver.cpp, line 759]
Event: 3.208 Thread 0x000001e598bf97e0 Exception <a 'java/lang/NoSuchMethodError'{0x000000071143f878}: 'long java.lang.invoke.DirectMethodHandle$Holder.invokeStaticInit(java.lang.Object, java.lang.Object, java.lang.Object)'> (0x000000071143f878) 
thrown [s\src\hotspot\share\interpreter\linkResolver.cpp, line 759]
Event: 3.209 Thread 0x000001e598bf97e0 Exception <a 'java/lang/NoSuchMethodError'{0x0000000711457400}: 'java.lang.Object java.lang.invoke.DirectMethodHandle$Holder.newInvokeSpecial(java.lang.Object, java.lang.Object, long)'> (0x0000000711457400) 
thrown [s\src\hotspot\share\interpreter\linkResolver.cpp, line 759]
Event: 3.209 Thread 0x000001e598bf97e0 Exception <a 'java/lang/NoSuchMethodError'{0x000000071145af70}: 'java.lang.Object java.lang.invoke.Invokers$Holder.linkToTargetMethod(java.lang.Object, long, java.lang.Object)'> (0x000000071145af70) 
thrown [s\src\hotspot\share\interpreter\linkResolver.cpp, line 759]
Event: 3.311 Thread 0x000001e598bf97e0 Exception <a 'java/lang/NoSuchMethodError'{0x0000000711365f90}: 'void java.lang.invoke.DirectMethodHandle$Holder.invokeSpecialIFC(java.lang.Object, java.lang.Object, java.lang.Object, java.lang.Object)'> (0x0000000711365f90) 
thrown [s\src\hotspot\share\interpreter\linkResolver.cpp, line 759]
Event: 3.314 Thread 0x000001e598bf97e0 Exception <a 'java/lang/ClassNotFoundException'{0x00000007113b8298}: com/sun/javafx/scene/control/skin/resources/controls> (0x00000007113b8298) 
thrown [s\src\hotspot\share\prims\jni.cpp, line 535]
Event: 3.315 Thread 0x000001e598bf97e0 Exception <a 'java/lang/ClassNotFoundException'{0x00000007113c6078}: com/sun/javafx/scene/control/skin/resources/controls_fr> (0x00000007113c6078) 
thrown [s\src\hotspot\share\prims\jni.cpp, line 535]
Event: 3.315 Thread 0x000001e598bf97e0 Exception <a 'java/lang/ClassNotFoundException'{0x00000007113d3be8}: com/sun/javafx/scene/control/skin/resources/controls_fr_FR> (0x00000007113d3be8) 
thrown [s\src\hotspot\share\prims\jni.cpp, line 535]
Event: 3.334 Thread 0x000001e598bf97e0 Exception <a 'java/lang/NoSuchMethodError'{0x00000007111b3d68}: 'int java.lang.invoke.DirectMethodHandle$Holder.invokeSpecial(java.lang.Object, java.lang.Object, int)'> (0x00000007111b3d68) 
thrown [s\src\hotspot\share\interpreter\linkResolver.cpp, line 759]
Event: 4.970 Thread 0x000001e598bf97e0 Implicit null exception at 0x000001e542ac94ef to 0x000001e542ac9ce4
Event: 21.554 Thread 0x000001e598bf97e0 Exception <a 'java/lang/NoSuchMethodError'{0x0000000712b48078}: 'java.lang.Object java.lang.invoke.DirectMethodHandle$Holder.newInvokeSpecial(java.lang.Object, java.lang.Object, int, int, int, int, int, java.lang.Object)'> (0x0000000712b48078) 
thrown [s\src\hotspot\share\interpreter\linkResolver.cpp, line 759]
Event: 21.555 Thread 0x000001e598bf97e0 Exception <a 'java/lang/NoSuchMethodError'{0x0000000712b5b058}: 'java.lang.Object java.lang.invoke.DirectMethodHandle$Holder.newInvokeSpecial(java.lang.Object, java.lang.Object, java.lang.Object, int, int, int, int, int)'> (0x0000000712b5b058) 
thrown [s\src\hotspot\share\interpreter\linkResolver.cpp, line 759]
Event: 21.556 Thread 0x000001e598bf97e0 Exception <a 'java/lang/NoSuchMethodError'{0x0000000712b628b8}: 'java.lang.Object java.lang.invoke.Invokers$Holder.linkToTargetMethod(java.lang.Object, java.lang.Object, int, int, int, int, int, java.lang.Object)'> (0x0000000712b628b8) 
thrown [s\src\hotspot\share\interpreter\linkResolver.cpp, line 759]

VM Operations (20 events):
Event: 34.165 Executing VM operation: HandshakeAllThreads
Event: 34.165 Executing VM operation: HandshakeAllThreads done
Event: 35.165 Executing VM operation: Cleanup
Event: 35.165 Executing VM operation: Cleanup done
Event: 36.165 Executing VM operation: Cleanup
Event: 36.165 Executing VM operation: Cleanup done
Event: 38.165 Executing VM operation: Cleanup
Event: 38.165 Executing VM operation: Cleanup done
Event: 40.166 Executing VM operation: Cleanup
Event: 40.166 Executing VM operation: Cleanup done
Event: 41.167 Executing VM operation: Cleanup
Event: 41.167 Executing VM operation: Cleanup done
Event: 42.167 Executing VM operation: Cleanup
Event: 42.167 Executing VM operation: Cleanup done
Event: 43.167 Executing VM operation: Cleanup
Event: 43.167 Executing VM operation: Cleanup done
Event: 44.167 Executing VM operation: Cleanup
Event: 44.167 Executing VM operation: Cleanup done
Event: 45.168 Executing VM operation: Cleanup
Event: 45.168 Executing VM operation: Cleanup done

Memory protections (0 events):
No events

Nmethod flushes (0 events):
No events

Events (20 events):
Event: 23.078 Thread 0x000001e59803c090 Thread added: 0x000001e5980e63b0
Event: 23.207 Thread 0x000001e5980e63b0 Thread exited: 0x000001e5980e63b0
Event: 23.527 Thread 0x000001e59803c090 Thread added: 0x000001e5980e63b0
Event: 23.912 Thread 0x000001e5980361a0 Thread added: 0x000001e5a32a6910
Event: 23.912 Thread 0x000001e5980361a0 Thread added: 0x000001e5a344ba50
Event: 24.036 Thread 0x000001e5a344ba50 Thread exited: 0x000001e5a344ba50
Event: 24.039 Thread 0x000001e5a32a6910 Thread exited: 0x000001e5a32a6910
Event: 26.249 Thread 0x000001e5980e63b0 Thread exited: 0x000001e5980e63b0
Event: 34.255 Thread 0x000001e59803c090 Thread added: 0x000001e5980e63b0
Event: 34.259 Thread 0x000001e59803c090 Thread added: 0x000001e5a3782820
Event: 34.259 Thread 0x000001e59803c090 Thread added: 0x000001e5a8ef28e0
Event: 34.259 Thread 0x000001e59803c090 Thread added: 0x000001e59db02b20
Event: 34.647 Thread 0x000001e5980e63b0 Thread exited: 0x000001e5980e63b0
Event: 36.503 Thread 0x000001e59db02b20 Thread exited: 0x000001e59db02b20
Event: 37.057 Thread 0x000001e5a8ef28e0 Thread exited: 0x000001e5a8ef28e0
Event: 37.526 Thread 0x000001e5a3782820 Thread added: 0x000001e5980e63b0
Event: 37.527 Thread 0x000001e5a3782820 Thread added: 0x000001e598a25a20
Event: 38.055 Thread 0x000001e598a25a20 Thread exited: 0x000001e598a25a20
Event: 38.055 Thread 0x000001e5980e63b0 Thread exited: 0x000001e5980e63b0
Event: 44.794 Thread 0x000001e5a3782820 Thread exited: 0x000001e5a3782820


Dynamic libraries:
0x00007ff673410000 - 0x00007ff67341e000 	C:\Program Files\Eclipse Adoptium\jdk-17.0.16.8-hotspot\bin\java.exe
0x00007ffd71fc0000 - 0x00007ffd72225000 	C:\WINDOWS\SYSTEM32\ntdll.dll
0x00007ffd70400000 - 0x00007ffd704c9000 	C:\WINDOWS\System32\KERNEL32.DLL
0x00007ffd6f110000 - 0x00007ffd6f4f8000 	C:\WINDOWS\System32\KERNELBASE.dll
0x00007ffd6f850000 - 0x00007ffd6f99b000 	C:\WINDOWS\System32\ucrtbase.dll
0x00007ffd55c10000 - 0x00007ffd55c27000 	C:\Program Files\Eclipse Adoptium\jdk-17.0.16.8-hotspot\bin\jli.dll
0x00007ffd4d030000 - 0x00007ffd4d04e000 	C:\Program Files\Eclipse Adoptium\jdk-17.0.16.8-hotspot\bin\VCRUNTIME140.dll
0x00007ffd70e70000 - 0x00007ffd7103a000 	C:\WINDOWS\System32\USER32.dll
0x00007ffd6fd30000 - 0x00007ffd6fd57000 	C:\WINDOWS\System32\win32u.dll
0x00007ffd5bca0000 - 0x00007ffd5bf3a000 	C:\WINDOWS\WinSxS\amd64_microsoft.windows.common-controls_6595b64144ccf1df_6.0.26100.4202_none_3e0698d4e335f517\COMCTL32.dll
0x00007ffd70e40000 - 0x00007ffd70e6b000 	C:\WINDOWS\System32\GDI32.dll
0x00007ffd71040000 - 0x00007ffd710e9000 	C:\WINDOWS\System32\msvcrt.dll
0x00007ffd6f710000 - 0x00007ffd6f847000 	C:\WINDOWS\System32\gdi32full.dll
0x00007ffd6f5c0000 - 0x00007ffd6f663000 	C:\WINDOWS\System32\msvcp_win.dll
0x00007ffd71850000 - 0x00007ffd71880000 	C:\WINDOWS\System32\IMM32.DLL
0x00007ffd4d540000 - 0x00007ffd4d54c000 	C:\Program Files\Eclipse Adoptium\jdk-17.0.16.8-hotspot\bin\vcruntime140_1.dll
0x00007ffd3c7b0000 - 0x00007ffd3c83d000 	C:\Program Files\Eclipse Adoptium\jdk-17.0.16.8-hotspot\bin\msvcp140.dll
0x00007ffcbf490000 - 0x00007ffcc00fb000 	C:\Program Files\Eclipse Adoptium\jdk-17.0.16.8-hotspot\bin\server\jvm.dll
0x00007ffd71890000 - 0x00007ffd71943000 	C:\WINDOWS\System32\ADVAPI32.dll
0x00007ffd6fe40000 - 0x00007ffd6fee6000 	C:\WINDOWS\System32\sechost.dll
0x00007ffd71e60000 - 0x00007ffd71f75000 	C:\WINDOWS\System32\RPCRT4.dll
0x00007ffd70a70000 - 0x00007ffd70ae4000 	C:\WINDOWS\System32\WS2_32.dll
0x00007ffd6dd50000 - 0x00007ffd6ddae000 	C:\WINDOWS\SYSTEM32\POWRPROF.dll
0x00007ffd62350000 - 0x00007ffd62385000 	C:\WINDOWS\SYSTEM32\WINMM.dll
0x00007ffd68080000 - 0x00007ffd6808b000 	C:\WINDOWS\SYSTEM32\VERSION.dll
0x00007ffd6dd30000 - 0x00007ffd6dd44000 	C:\WINDOWS\SYSTEM32\UMPDC.dll
0x00007ffd6dff0000 - 0x00007ffd6e00b000 	C:\WINDOWS\SYSTEM32\kernel.appcore.dll
0x00007ffd479a0000 - 0x00007ffd479aa000 	C:\Program Files\Eclipse Adoptium\jdk-17.0.16.8-hotspot\bin\jimage.dll
0x00007ffd6ca30000 - 0x00007ffd6cc71000 	C:\WINDOWS\SYSTEM32\DBGHELP.DLL
0x00007ffd70070000 - 0x00007ffd703f5000 	C:\WINDOWS\System32\combase.dll
0x00007ffd705e0000 - 0x00007ffd706c1000 	C:\WINDOWS\System32\OLEAUT32.dll
0x00007ffd55480000 - 0x00007ffd554b9000 	C:\WINDOWS\SYSTEM32\dbgcore.DLL
0x00007ffd6f670000 - 0x00007ffd6f709000 	C:\WINDOWS\System32\bcryptPrimitives.dll
0x00007ffd3faf0000 - 0x00007ffd3fb15000 	C:\Program Files\Eclipse Adoptium\jdk-17.0.16.8-hotspot\bin\java.dll
0x00007ffcf49a0000 - 0x00007ffcf4a77000 	C:\Program Files\Eclipse Adoptium\jdk-17.0.16.8-hotspot\bin\jsvml.dll
0x00007ffd71100000 - 0x00007ffd71842000 	C:\WINDOWS\System32\SHELL32.dll
0x00007ffd6f9a0000 - 0x00007ffd6fb14000 	C:\WINDOWS\System32\wintypes.dll
0x00007ffd6cd90000 - 0x00007ffd6d5e8000 	C:\WINDOWS\SYSTEM32\windows.storage.dll
0x00007ffd706d0000 - 0x00007ffd707c1000 	C:\WINDOWS\System32\SHCORE.dll
0x00007ffd6fef0000 - 0x00007ffd6ff5a000 	C:\WINDOWS\System32\shlwapi.dll
0x00007ffd6eff0000 - 0x00007ffd6f01f000 	C:\WINDOWS\SYSTEM32\profapi.dll
0x00007ffd3e030000 - 0x00007ffd3e049000 	C:\Program Files\Eclipse Adoptium\jdk-17.0.16.8-hotspot\bin\net.dll
0x00007ffd682c0000 - 0x00007ffd683de000 	C:\WINDOWS\SYSTEM32\WINHTTP.dll
0x00007ffd6e560000 - 0x00007ffd6e5ca000 	C:\WINDOWS\system32\mswsock.dll
0x00007ffd3dce0000 - 0x00007ffd3dcf6000 	C:\Program Files\Eclipse Adoptium\jdk-17.0.16.8-hotspot\bin\nio.dll
0x00007ffd42110000 - 0x00007ffd42128000 	C:\Program Files\Eclipse Adoptium\jdk-17.0.16.8-hotspot\bin\zip.dll
0x000001e532a70000 - 0x000001e532a74000 	C:\Program Files\Eclipse Adoptium\jdk-17.0.16.8-hotspot\bin\api-ms-win-core-console-l1-1-0.dll
0x000001e532a80000 - 0x000001e532a84000 	C:\Program Files\Eclipse Adoptium\jdk-17.0.16.8-hotspot\bin\api-ms-win-core-datetime-l1-1-0.dll
0x000001e532a90000 - 0x000001e532a94000 	C:\Program Files\Eclipse Adoptium\jdk-17.0.16.8-hotspot\bin\api-ms-win-core-debug-l1-1-0.dll
0x000001e532aa0000 - 0x000001e532aa4000 	C:\Program Files\Eclipse Adoptium\jdk-17.0.16.8-hotspot\bin\api-ms-win-core-errorhandling-l1-1-0.dll
0x000001e532ab0000 - 0x000001e532ab5000 	C:\Program Files\Eclipse Adoptium\jdk-17.0.16.8-hotspot\bin\api-ms-win-core-file-l1-1-0.dll
0x000001e556e50000 - 0x000001e556e54000 	C:\Program Files\Eclipse Adoptium\jdk-17.0.16.8-hotspot\bin\api-ms-win-core-file-l1-2-0.dll
0x000001e556e60000 - 0x000001e556e64000 	C:\Program Files\Eclipse Adoptium\jdk-17.0.16.8-hotspot\bin\api-ms-win-core-file-l2-1-0.dll
0x000001e556e70000 - 0x000001e556e74000 	C:\Program Files\Eclipse Adoptium\jdk-17.0.16.8-hotspot\bin\api-ms-win-core-handle-l1-1-0.dll
0x000001e556e80000 - 0x000001e556e84000 	C:\Program Files\Eclipse Adoptium\jdk-17.0.16.8-hotspot\bin\api-ms-win-core-heap-l1-1-0.dll
0x000001e556e90000 - 0x000001e556e94000 	C:\Program Files\Eclipse Adoptium\jdk-17.0.16.8-hotspot\bin\api-ms-win-core-interlocked-l1-1-0.dll
0x000001e556ea0000 - 0x000001e556ea4000 	C:\Program Files\Eclipse Adoptium\jdk-17.0.16.8-hotspot\bin\api-ms-win-core-libraryloader-l1-1-0.dll
0x000001e556eb0000 - 0x000001e556eb4000 	C:\Program Files\Eclipse Adoptium\jdk-17.0.16.8-hotspot\bin\api-ms-win-core-localization-l1-2-0.dll
0x000001e556ec0000 - 0x000001e556ec4000 	C:\Program Files\Eclipse Adoptium\jdk-17.0.16.8-hotspot\bin\api-ms-win-core-memory-l1-1-0.dll
0x000001e556ed0000 - 0x000001e556ed4000 	C:\Program Files\Eclipse Adoptium\jdk-17.0.16.8-hotspot\bin\api-ms-win-core-namedpipe-l1-1-0.dll
0x000001e556ee0000 - 0x000001e556ee4000 	C:\Program Files\Eclipse Adoptium\jdk-17.0.16.8-hotspot\bin\api-ms-win-core-processenvironment-l1-1-0.dll
0x000001e556ef0000 - 0x000001e556ef4000 	C:\Program Files\Eclipse Adoptium\jdk-17.0.16.8-hotspot\bin\api-ms-win-core-processthreads-l1-1-0.dll
0x000001e556f00000 - 0x000001e556f04000 	C:\Program Files\Eclipse Adoptium\jdk-17.0.16.8-hotspot\bin\api-ms-win-core-processthreads-l1-1-1.dll
0x000001e556f10000 - 0x000001e556f14000 	C:\Program Files\Eclipse Adoptium\jdk-17.0.16.8-hotspot\bin\api-ms-win-core-profile-l1-1-0.dll
0x000001e556f20000 - 0x000001e556f24000 	C:\Program Files\Eclipse Adoptium\jdk-17.0.16.8-hotspot\bin\api-ms-win-core-rtlsupport-l1-1-0.dll
0x000001e556f30000 - 0x000001e556f34000 	C:\Program Files\Eclipse Adoptium\jdk-17.0.16.8-hotspot\bin\api-ms-win-core-string-l1-1-0.dll
0x000001e556f40000 - 0x000001e556f44000 	C:\Program Files\Eclipse Adoptium\jdk-17.0.16.8-hotspot\bin\api-ms-win-core-synch-l1-1-0.dll
0x000001e556f50000 - 0x000001e556f54000 	C:\Program Files\Eclipse Adoptium\jdk-17.0.16.8-hotspot\bin\api-ms-win-core-synch-l1-2-0.dll
0x000001e556f60000 - 0x000001e556f64000 	C:\Program Files\Eclipse Adoptium\jdk-17.0.16.8-hotspot\bin\api-ms-win-core-sysinfo-l1-1-0.dll
0x000001e556f70000 - 0x000001e556f74000 	C:\Program Files\Eclipse Adoptium\jdk-17.0.16.8-hotspot\bin\api-ms-win-core-timezone-l1-1-0.dll
0x000001e556f80000 - 0x000001e556f84000 	C:\Program Files\Eclipse Adoptium\jdk-17.0.16.8-hotspot\bin\api-ms-win-core-util-l1-1-0.dll
0x000001e556f90000 - 0x000001e556f94000 	C:\Program Files\Eclipse Adoptium\jdk-17.0.16.8-hotspot\bin\api-ms-win-crt-conio-l1-1-0.dll
0x000001e556fa0000 - 0x000001e556fa5000 	C:\Program Files\Eclipse Adoptium\jdk-17.0.16.8-hotspot\bin\api-ms-win-crt-convert-l1-1-0.dll
0x000001e556fb0000 - 0x000001e556fb4000 	C:\Program Files\Eclipse Adoptium\jdk-17.0.16.8-hotspot\bin\api-ms-win-crt-environment-l1-1-0.dll
0x000001e556fc0000 - 0x000001e556fc4000 	C:\Program Files\Eclipse Adoptium\jdk-17.0.16.8-hotspot\bin\api-ms-win-crt-filesystem-l1-1-0.dll
0x000001e556fd0000 - 0x000001e556fd4000 	C:\Program Files\Eclipse Adoptium\jdk-17.0.16.8-hotspot\bin\api-ms-win-crt-heap-l1-1-0.dll
0x000001e556fe0000 - 0x000001e556fe4000 	C:\Program Files\Eclipse Adoptium\jdk-17.0.16.8-hotspot\bin\api-ms-win-crt-locale-l1-1-0.dll
0x000001e556ff0000 - 0x000001e556ff6000 	C:\Program Files\Eclipse Adoptium\jdk-17.0.16.8-hotspot\bin\api-ms-win-crt-math-l1-1-0.dll
0x000001e598c00000 - 0x000001e598c06000 	C:\Program Files\Eclipse Adoptium\jdk-17.0.16.8-hotspot\bin\api-ms-win-crt-multibyte-l1-1-0.dll
0x000001e598c10000 - 0x000001e598c21000 	C:\Program Files\Eclipse Adoptium\jdk-17.0.16.8-hotspot\bin\api-ms-win-crt-private-l1-1-0.dll
0x000001e598c30000 - 0x000001e598c34000 	C:\Program Files\Eclipse Adoptium\jdk-17.0.16.8-hotspot\bin\api-ms-win-crt-process-l1-1-0.dll
0x000001e598c40000 - 0x000001e598c45000 	C:\Program Files\Eclipse Adoptium\jdk-17.0.16.8-hotspot\bin\api-ms-win-crt-runtime-l1-1-0.dll
0x000001e598c50000 - 0x000001e598c55000 	C:\Program Files\Eclipse Adoptium\jdk-17.0.16.8-hotspot\bin\api-ms-win-crt-stdio-l1-1-0.dll
0x000001e598c60000 - 0x000001e598c65000 	C:\Program Files\Eclipse Adoptium\jdk-17.0.16.8-hotspot\bin\api-ms-win-crt-string-l1-1-0.dll
0x000001e598c70000 - 0x000001e598c74000 	C:\Program Files\Eclipse Adoptium\jdk-17.0.16.8-hotspot\bin\api-ms-win-crt-time-l1-1-0.dll
0x000001e598c80000 - 0x000001e598c84000 	C:\Program Files\Eclipse Adoptium\jdk-17.0.16.8-hotspot\bin\api-ms-win-crt-utility-l1-1-0.dll
0x00007ffd55830000 - 0x00007ffd5597b000 	C:\Program Files\Eclipse Adoptium\jdk-17.0.16.8-hotspot\bin\ucrtbase.dll
0x00007ffd5c4c0000 - 0x00007ffd5c50e000 	C:\Windows\System32\concrt140.dll
0x00007ffd5cb70000 - 0x00007ffd5cb93000 	C:\Users\emile\.openjfx\cache\12.0.1\prism_d3d.dll
0x00007ffd48ca0000 - 0x00007ffd48e57000 	C:\WINDOWS\system32\d3d9.dll
0x00007ffd6c2b0000 - 0x00007ffd6c2e6000 	C:\WINDOWS\SYSTEM32\dwmapi.dll
0x00007ffd6c100000 - 0x00007ffd6c14d000 	C:\WINDOWS\SYSTEM32\dxcore.dll
0x00007ffd68df0000 - 0x00007ffd68e9f000 	C:\WINDOWS\system32\uxtheme.dll
0x00007ffd48af0000 - 0x00007ffd48c9d000 	C:\WINDOWS\System32\DriverStore\FileRepository\iigd_dch.inf_amd64_b53c057d22ce6f37\igdumdim64.dll
0x00007ffd70890000 - 0x00007ffd70a2e000 	C:\WINDOWS\System32\ole32.dll
0x00007ffcba7e0000 - 0x00007ffcbd883000 	C:\WINDOWS\System32\DriverStore\FileRepository\iigd_dch.inf_amd64_b53c057d22ce6f37\igd9dxva64.dll
0x00007ffd719c0000 - 0x00007ffd71e46000 	C:\WINDOWS\System32\SETUPAPI.dll
0x00007ffd6ed70000 - 0x00007ffd6edc7000 	C:\WINDOWS\SYSTEM32\cfgmgr32.dll
0x00007ffd53aa0000 - 0x00007ffd53ea9000 	C:\WINDOWS\System32\DriverStore\FileRepository\iigd_dch.inf_amd64_b53c057d22ce6f37\igdgmm64.dll
0x00007ffd6c070000 - 0x00007ffd6c0d1000 	C:\WINDOWS\SYSTEM32\directxdatabasehelper.dll
0x00007ffd5c470000 - 0x00007ffd5c4b5000 	C:\Users\emile\.openjfx\cache\12.0.1\glass.dll
0x00007ffd6ff70000 - 0x00007ffd70066000 	C:\WINDOWS\System32\COMDLG32.dll
0x00007ffd70af0000 - 0x00007ffd70c50000 	C:\WINDOWS\System32\MSCTF.dll
0x00007ffd3ae20000 - 0x00007ffd3ae47000 	C:\WINDOWS\System32\DriverStore\FileRepository\iigd_dch.inf_amd64_b53c057d22ce6f37\igdinfo64.dll
0x00007ffd50300000 - 0x00007ffd53a94000 	C:\WINDOWS\System32\DriverStore\FileRepository\iigd_dch.inf_amd64_b53c057d22ce6f37\igc64.dll
0x00007ffd5e300000 - 0x00007ffd5e314000 	C:\Users\emile\.openjfx\cache\12.0.1\javafx_font.dll
0x00007ffd65570000 - 0x00007ffd657db000 	C:\WINDOWS\SYSTEM32\dwrite.dll
0x00007ffd707d0000 - 0x00007ffd70878000 	C:\WINDOWS\System32\clbcatq.dll
0x00007ffd688a0000 - 0x00007ffd68ad9000 	C:\WINDOWS\SYSTEM32\WindowsCodecs.dll
0x00007ffd42fc0000 - 0x00007ffd4301a000 	C:\WINDOWS\system32\dataexchange.dll
0x00007ffd5b820000 - 0x00007ffd5ba5a000 	C:\WINDOWS\system32\twinapi.appcore.dll
0x00007ffd5c440000 - 0x00007ffd5c46c000 	C:\Program Files\Common Files\Microsoft Shared\Ink\rtscom.dll
0x00007ffd4f870000 - 0x00007ffd4f9c0000 	C:\WINDOWS\SYSTEM32\textinputframework.dll
0x00007ffd666e0000 - 0x00007ffd66805000 	C:\WINDOWS\SYSTEM32\CoreMessaging.dll
0x00007ffd54820000 - 0x00007ffd54b03000 	C:\WINDOWS\SYSTEM32\CoreUIComponents.dll
0x00007ffd6e830000 - 0x00007ffd6e83c000 	C:\WINDOWS\SYSTEM32\CRYPTBASE.DLL
0x00007ffd659a0000 - 0x00007ffd65fd9000 	C:\WINDOWS\SYSTEM32\d2d1.dll
0x00007ffd65300000 - 0x00007ffd65566000 	C:\WINDOWS\SYSTEM32\d3d11.dll
0x00007ffd6c150000 - 0x00007ffd6c285000 	C:\WINDOWS\SYSTEM32\dxgi.dll
0x00007ffcd5550000 - 0x00007ffcd5afc000 	C:\WINDOWS\SYSTEM32\D3D10Warp.dll

dbghelp: loaded successfully - version: 4.0.5 - missing functions: none
symbol engine: initialized successfully - sym options: 0x614 - pdb path: .;C:\Program Files\Eclipse Adoptium\jdk-17.0.16.8-hotspot\bin;C:\WINDOWS\SYSTEM32;C:\WINDOWS\WinSxS\amd64_microsoft.windows.common-controls_6595b64144ccf1df_6.0.26100.4202_none_3e0698d4e335f517;C:\Program Files\Eclipse Adoptium\jdk-17.0.16.8-hotspot\bin\server;C:\Users\emile\.openjfx\cache\12.0.1;C:\WINDOWS\System32\DriverStore\FileRepository\iigd_dch.inf_amd64_b53c057d22ce6f37;C:\Program Files\Common Files\Microsoft Shared\Ink

VM Arguments:
jvm_args: --add-modules=javafx.controls --module-path=C:\Users\emile\.gradle\caches\modules-2\files-2.1\org.openjfx\javafx-controls\12.0.1\838555460c025b8df0fbc0fa03bf3f3767698f89\javafx-controls-12.0.1-win.jar;C:\Users\emile\.gradle\caches\modules-2\files-2.1\org.openjfx\javafx-graphics\12.0.1\18a01ffdd4edb82e7da3bc99937c6a608d1eaaa6\javafx-graphics-12.0.1-win.jar;C:\Users\emile\.gradle\caches\modules-2\files-2.1\org.openjfx\javafx-base\12.0.1\6f5947b255bb26e072862b3bb0c32d54d8effe84\javafx-base-12.0.1-win.jar -Dfile.encoding=windows-1252 -Duser.country=FR -Duser.language=fr -Duser.variant 
java_command: game.Main
java_class_path (initial): C:\Users\emile\IdeaProjects\projet-aout2\build\classes\java\main;C:\Users\emile\IdeaProjects\projet-aout2\build\resources\main;C:\Users\emile\.gradle\caches\modules-2\files-2.1\org.openjfx\javafx-controls\12.0.1\838555460c025b8df0fbc0fa03bf3f3767698f89\javafx-controls-12.0.1-win.jar;C:\Users\emile\.gradle\caches\modules-2\files-2.1\org.openjfx\javafx-graphics\12.0.1\18a01ffdd4edb82e7da3bc99937c6a608d1eaaa6\javafx-graphics-12.0.1-win.jar;C:\Users\emile\.gradle\caches\modules-2\files-2.1\org.openjfx\javafx-graphics\12.0.1\19ec56a15d7dd9c49112912547425b718485d7db\javafx-graphics-12.0.1.jar;C:\Users\emile\.gradle\caches\modules-2\files-2.1\org.openjfx\javafx-base\12.0.1\6f5947b255bb26e072862b3bb0c32d54d8effe84\javafx-base-12.0.1-win.jar;C:\Users\emile\.gradle\caches\modules-2\files-2.1\org.openjfx\javafx-base\12.0.1\6abae81d00e0c6f4fde02e2666f9c0b989ff47e4\javafx-base-12.0.1.jar
Launcher Type: SUN_STANDARD

[Global flags]
     intx CICompilerCount                          = 12                                        {product} {ergonomic}
     uint ConcGCThreads                            = 3                                         {product} {ergonomic}
     uint G1ConcRefinementThreads                  = 13                                        {product} {ergonomic}
   size_t G1HeapRegionSize                         = 2097152                                   {product} {ergonomic}
    uintx GCDrainStackTargetSize                   = 64                                        {product} {ergonomic}
   size_t InitialHeapSize                          = 266338304                                 {product} {ergonomic}
   size_t MarkStackSize                            = 4194304                                   {product} {ergonomic}
   size_t MaxHeapSize                              = 4240441344                                {product} {ergonomic}
   size_t MaxNewSize                               = 2543845376                                {product} {ergonomic}
   size_t MinHeapDeltaBytes                        = 2097152                                   {product} {ergonomic}
   size_t MinHeapSize                              = 8388608                                   {product} {ergonomic}
    uintx NonNMethodCodeHeapSize                   = 7602480                                {pd product} {ergonomic}
    uintx NonProfiledCodeHeapSize                  = 122027880                              {pd product} {ergonomic}
    uintx ProfiledCodeHeapSize                     = 122027880                              {pd product} {ergonomic}
    uintx ReservedCodeCacheSize                    = 251658240                              {pd product} {ergonomic}
     bool SegmentedCodeCache                       = true                                      {product} {ergonomic}
   size_t SoftMaxHeapSize                          = 4240441344                             {manageable} {ergonomic}
     bool UseCompressedClassPointers               = true                           {product lp64_product} {ergonomic}
     bool UseCompressedOops                        = true                           {product lp64_product} {ergonomic}
     bool UseG1GC                                  = true                                      {product} {ergonomic}
     bool UseLargePagesIndividualAllocation        = false                                  {pd product} {ergonomic}

Logging:
Log output configuration:
 #0: stdout all=warning uptime,level,tags
 #1: stderr all=off uptime,level,tags

Environment Variables:
JAVA_HOME=C:\Program Files\Eclipse Adoptium\jdk-17.0.16.8-hotspot\
PATH=C:\Program Files\Eclipse Adoptium\jdk-17.0.16.8-hotspot\bin;C:\WINDOWS\system32;C:\WINDOWS;C:\WINDOWS\System32\Wbem;C:\WINDOWS\System32\WindowsPowerShell\v1.0\;C:\WINDOWS\System32\OpenSSH\;C:\Program Files\dotnet\;C:\Program Files\Git\cmd;C:\Program Files (x86)\NVIDIA Corporation\PhysX\Common;C:\Gradle\gradle-8.14.3\bin;C:\Users\emile\AppData\Local\Programs\Python\Python313\Scripts\;C:\Users\emile\AppData\Local\Programs\Python\Python313\;C:\Users\emile\AppData\Local\Microsoft\WindowsApps;C:\Users\emile\AppData\Local\Programs\Microsoft VS Code\bin;C:\Program Files\Racket;;C:\Program Files\JetBrains\PyCharm Community Edition 2024.3.4\bin;;C:\Program Files\JetBrains\IntelliJ IDEA Community Edition 2025.2\bin
USERNAME=emile
TERM=xterm
OS=Windows_NT
PROCESSOR_IDENTIFIER=Intel64 Family 6 Model 165 Stepping 2, GenuineIntel
TMP=C:\Users\emile\AppData\Local\Temp
TEMP=C:\Users\emile\AppData\Local\Temp



Periodic native trim disabled


---------------  S Y S T E M  ---------------

OS:
 Windows 11 , 64 bit Build 26100 (10.0.26100.4202)
OS uptime: 0 days 2:38 hours

CPU: total 16 (initial active 16) (8 cores per cpu, 2 threads per core) family 6 model 165 stepping 2 microcode 0xe0, cx8, cmov, fxsr, ht, mmx, 3dnowpref, sse, sse2, sse3, ssse3, sse4.1, sse4.2, popcnt, lzcnt, tsc, tscinvbit, avx, avx2, aes, erms, clmul, bmi1, bmi2, adx, fma, vzeroupper, clflush, clflushopt
Processor Information for all 16 processors :
  Max Mhz: 2208, Current Mhz: 2208, Mhz Limit: 2208

Memory: 4k page, system-wide physical 16168M (7996M free)
TotalPageFile size 17192M (AvailPageFile size 7581M)
current process WorkingSet (physical memory assigned to process): 182M, peak: 236M
current process commit charge ("private bytes"): 432M, peak: 489M

vm_info: OpenJDK 64-Bit Server VM (17.0.16+8) for windows-amd64 JRE (17.0.16+8), built on Jul 16 2025 10:37:56 by "admin" with MS VC++ 17.7 (VS2022)

END.
