#
# A fatal error has been detected by the Java Runtime Environment:
#
#  EXCEPTION_ACCESS_VIOLATION (0xc0000005) at pc=0x00007ffd55a0b806, pid=9120, tid=12228
#
# JRE version: OpenJDK Runtime Environment Temurin-17.0.16+8 (17.0.16+8) (build 17.0.16+8)
# Java VM: OpenJDK 64-Bit Server VM Temurin-17.0.16+8 (17.0.16+8, mixed mode, sharing, tiered, compressed oops, compressed class ptrs, g1 gc, windows-amd64)
# Problematic frame:
# C  [glass.dll+0x1b806]
#
# No core dump will be written. Minidumps are not enabled by default on client versions of Windows
#
# If you would like to submit a bug report, please visit:
#   https://github.com/adoptium/adoptium-support/issues
# The crash happened outside the Java Virtual Machine in native code.
# See problematic frame for where to report the bug.
#

---------------  S U M M A R Y ------------

Command Line: --add-modules=javafx.controls --module-path=C:\Users\emile\.gradle\caches\modules-2\files-2.1\org.openjfx\javafx-controls\12.0.1\838555460c025b8df0fbc0fa03bf3f3767698f89\javafx-controls-12.0.1-win.jar;C:\Users\emile\.gradle\caches\modules-2\files-2.1\org.openjfx\javafx-graphics\12.0.1\18a01ffdd4edb82e7da3bc99937c6a608d1eaaa6\javafx-graphics-12.0.1-win.jar;C:\Users\emile\.gradle\caches\modules-2\files-2.1\org.openjfx\javafx-base\12.0.1\6f5947b255bb26e072862b3bb0c32d54d8effe84\javafx-base-12.0.1-win.jar -Dfile.encoding=windows-1252 -Duser.country=FR -Duser.language=fr -Duser.variant game.Main

Host: Intel(R) Core(TM) i7-10870H CPU @ 2.20GHz, 16 cores, 15G,  Windows 11 , 64 bit Build 26100 (10.0.26100.4202)
Time: Fri Aug  8 17:00:37 2025 Paris, Madrid (heure duild 26100 (10.0.26100.4202) elapsed time: 20.123280 seconds (0d 0h 0m 20s)

---------------  T H R E A D  ---------------

Current thread (0x0000018ecce256c0):  JavaThread "JavaFX Application Thread" [_thread_in_native, id=12228, stack(0x0000001c58a00000,0x0000001c58b00000)]

Stack: [0x0000001c58a00000,0x0000001c58b00000],  sp=0x0000001c58afdf60,  free space=1015k
Native frames: (J=compiled Java code, j=interpreted, Vv=VM code, C=native code)
C  [glass.dll+0x1b806]

Java frames: (J=compiled Java code, j=interpreted, Vv=VM code)
j  com.sun.glass.ui.win.WinWindow._close(J)Z+0 javafx.graphics
j  com.sun.glass.ui.Window.close()V+63 javafx.graphics
j  com.sun.glass.ui.win.WinWindow.close()V+8 javafx.graphics
j  com.sun.glass.ui.Application.terminate()V+75 javafx.graphics
j  com.sun.javafx.tk.quantum.QuantumToolkit.lambda$exit$13()Ljava/lang/Object;+5 javafx.graphics
j  com.sun.javafx.tk.quantum.QuantumToolkit$$Lambda$498+0x0000018ece1eb950.get()Ljava/lang/Object;+0 javafx.graphics
j  com.sun.javafx.tk.quantum.QuantumToolkit.runWithRenderLock(Ljava/util/function/Supplier;)Ljava/lang/Object;+7 javafx.graphics
j  com.sun.javafx.tk.quantum.QuantumToolkit.exit()V+26 javafx.graphics
j  com.sun.javafx.application.PlatformImpl.lambda$tkExit$16()V+3 javafx.graphics
j  com.sun.javafx.application.PlatformImpl$$Lambda$497+0x0000018ece1eb738.run()V+0 javafx.graphics
j  com.sun.javafx.application.PlatformImpl.lambda$runAndWait$12(Ljava/lang/Runnable;Ljava/util/concurrent/CountDownLatch;)V+1 javafx.graphics
j  com.sun.javafx.application.PlatformImpl$$Lambda$82+0x0000018ece03d970.run()V+8 javafx.graphics
j  com.sun.javafx.application.PlatformImpl.lambda$runLater$10(Ljava/lang/Runnable;)Ljava/lang/Void;+1 javafx.graphics
j  com.sun.javafx.application.PlatformImpl$$Lambda$84+0x0000018ece03ede0.run()Ljava/lang/Object;+4 javafx.graphics
J 2719 c1 java.security.AccessController.doPrivileged(Ljava/security/PrivilegedAction;Ljava/security/AccessControlContext;)Ljava/lang/Object; java.base@17.0.16 (17 bytes) @ 0x0000018eb013abd4 [0x0000018eb013aa00+0x00000000000001d4]
j  com.sun.javafx.application.PlatformImpl.lambda$runLater$11(Ljava/lang/Runnable;Ljava/security/AccessControlContext;)V+7 javafx.graphics
j  com.sun.javafx.application.PlatformImpl$$Lambda$83+0x0000018ece03dd90.run()V+8 javafx.graphics
J 3033 c1 com.sun.glass.ui.InvokeLaterDispatcher$Future.run()V javafx.graphics (91 bytes) @ 0x0000018eb01e1194 [0x0000018eb01e1080+0x0000000000000114]
v  ~StubRoutines::call_stub
j  com.sun.glass.ui.win.WinApplication._runLoop(Ljava/lang/Runnable;)V+0 javafx.graphics
j  com.sun.glass.ui.win.WinApplication.lambda$runLoop$3(ILjava/lang/Runnable;)V+8 javafx.graphics
j  com.sun.glass.ui.win.WinApplication$$Lambda$72+0x0000018ece02c870.run()V+12 javafx.graphics
j  java.lang.Thread.run()V+11 java.base@17.0.16
v  ~StubRoutines::call_stub

siginfo: EXCEPTION_ACCESS_VIOLATION (0xc0000005), reading address 0x0000000000000130


Registers:
RAX=0x0000000000000000, RBX=0x0000000000000000, RCX=0x0000000000000000, RDX=0x0000000000000000
RSP=0x0000001c58afdf60, RBP=0x0000000000000000, RSI=0x0000018eccce72b0, RDI=0x0000001c58afe2f0
R8 =0x0000001c58afe2f0, R9 =0x0000000000000000, R10=0x00007ffd55a18c48, R11=0x0000000000000246
R12=0x0000000000000000, R13=0x0000000000000000, R14=0x0000000000000000, R15=0x0000000000000000
RIP=0x00007ffd55a0b806, EFLAGS=0x0000000000010206

XMM[0]=0x0000000000000000 0x0000000000000000
XMM[1]=0x0000000000000000 0x0000000000000000
XMM[2]=0x0000000000000000 0x0000000000000000
XMM[3]=0x0000000000000000 0x0000000000000000
XMM[4]=0x0000000000000000 0x0000000000000000
XMM[5]=0x0000000000000000 0x0000000000000000
XMM[6]=0x0000000000000000 0x0000000000000000
XMM[7]=0x0000000000000000 0x0000000000000000
XMM[8]=0x0000000000000000 0x0000000000000000
XMM[9]=0x0000000000000000 0x0000000000000000
XMM[10]=0x0000000000000000 0x0000000000000000
XMM[11]=0x0000000000000000 0x0000000000000000
XMM[12]=0x0000000000000000 0x0000000000000000
XMM[13]=0x0000000000000000 0x0000000000000000
XMM[14]=0x0000000000000000 0x0000000000000000
XMM[15]=0x0000000000000000 0x0000000000000000
  MXCSR=0x00001fa7


Register to memory mapping:

RIP=0x00007ffd55a0b806 glass.dll
RAX=0x0 is NULL
RBX=0x0 is NULL
RCX=0x0 is NULL
RDX=0x0 is NULL
RSP=0x0000001c58afdf60 is pointing into the stack for thread: 0x0000018ecce256c0
RBP=0x0 is NULL
RSI=0x0000018eccce72b0 points into unknown readable memory: 0x00007ffd55a18c48 | 48 8c a1 55 fd 7f 00 00
RDI=0x0000001c58afe2f0 is pointing into the stack for thread: 0x0000018ecce256c0
R8 =0x0000001c58afe2f0 is pointing into the stack for thread: 0x0000018ecce256c0
R9 =0x0 is NULL
R10=0x00007ffd55a18c48 glass.dll
R11=0x0000000000000246 is an unknown value
R12=0x0 is NULL
R13=0x0 is NULL
R14=0x0 is NULL
R15=0x0 is NULL


Top of Stack: (sp=0x0000001c58afdf60)
0x0000001c58afdf60:   0000000058afe2f0 00007ffd55a175a0
0x0000001c58afdf70:   0000000000000000 00007ffd70e7df73
0x0000001c58afdf80:   0000001c58afe2f0 00007ffd55a0a241
0x0000001c58afdf90:   0000000000007ff4 0000000000000401
0x0000001c58afdfa0:   0000018eccce72b0 0000000000000000
0x0000001c58afdfb0:   0000001c58afe2f0 00007ffd559fa29d
0x0000001c58afdfc0:   0000000000000401 0000001c58afe2f0
0x0000001c58afdfd0:   0000000058afe2f0 000000000000000b
0x0000001c58afdfe0:   fffffffffffffffe 00007ffd55a175a0
0x0000001c58afdff0:   0000000000000000 00007ffd559f1808
0x0000001c58afe000:   0000018eccce72b0 0000001c58afe2f0
0x0000001c58afe010:   0000000000000401 00000000002300e8
0x0000001c58afe020:   0000000080000022 00007ffd70e7d159
0x0000001c58afe030:   0000000000000000 0000001c58afe1f8
0x0000001c58afe040:   0000000000000001 0000000000000401
0x0000001c58afe050:   0000018ecc829dc0 0000018ecc829dc8
0x0000001c58afe060:   0000018ecd485d00 00007ffc00000004
0x0000001c58afe070:   0000000000000000 0000000000000000
0x0000001c58afe080:   0000000100000000 0000018f80000022
0x0000001c58afe090:   0000018e00000000 0000000000000000
0x0000001c58afe0a0:   0000000000000000 00007ffcbfae75c8
0x0000001c58afe0b0:   0000018ecc829dc8 0000018ecce256c0
0x0000001c58afe0c0:   0000018ecc5ae630 0000000000000001
0x0000001c58afe0d0:   0000018f0e4ec301 0000018ecce256c0
0x0000001c58afe0e0:   00007ffcbfda8c98 0000005000000000
0x0000001c58afe0f0:   000000000000002b 0000000000000000
0x0000001c58afe100:   0000000000000000 0000000000000000
0x0000001c58afe110:   0000000000000048 0000000000000001
0x0000001c58afe120:   0000000000000000 0000000000000000
0x0000001c58afe130:   0000000000000030 ffffffffffffffff
0x0000001c58afe140:   ffffffffffffffff 00007ffd70e7cf35
0x0000001c58afe150:   0000000000000000 00007f0065736f6c 

Instructions: (pc=0x00007ffd55a0b806)
0x00007ffd55a0b706:   85 c0 74 08 48 8b c8 e8 ee 00 00 00 48 c7 05 e3
0x00007ffd55a0b716:   16 02 00 00 00 00 00 48 83 c4 28 c3 cc cc cc cc
0x00007ffd55a0b726:   cc cc cc cc cc cc cc cc cc cc 48 89 5c 24 08 57
0x00007ffd55a0b736:   48 83 ec 30 48 8b fa 48 8b d9 48 39 91 30 01 00
0x00007ffd55a0b746:   00 0f 84 a5 00 00 00 e8 ae 00 00 00 48 8b 93 30
0x00007ffd55a0b756:   01 00 00 48 85 d2 75 04 48 8b 53 08 48 89 54 24
0x00007ffd55a0b766:   20 4c 8b c7 48 85 ff 75 04 4c 8b 43 08 48 8d 0d
0x00007ffd55a0b776:   46 f9 00 00 4c 89 44 24 28 e8 3c 7f fe ff 48 8b
0x00007ffd55a0b786:   4c 24 20 4c 8d 44 24 20 48 8d 15 db f7 ff ff ff
0x00007ffd55a0b796:   15 d5 0f 02 00 48 8b 05 3e 13 02 00 48 85 c0 75
0x00007ffd55a0b7a6:   04 33 c9 eb 03 8b 48 40 4c 8d 44 24 20 48 8d 15
0x00007ffd55a0b7b6:   f6 f7 ff ff ff 15 b8 0f 02 00 48 89 bb 30 01 00
0x00007ffd55a0b7c6:   00 e8 d4 35 00 00 4c 8b 05 ad 16 02 00 48 8b c8
0x00007ffd55a0b7d6:   48 8b 93 c0 00 00 00 4c 8b cf e8 4b 98 fe ff e8
0x00007ffd55a0b7e6:   b6 35 00 00 48 8b c8 e8 ce 34 00 00 48 8b 5c 24
0x00007ffd55a0b7f6:   40 48 83 c4 30 5f c3 cc cc cc 40 57 48 83 ec 20
0x00007ffd55a0b806:   48 8b 81 30 01 00 00 48 8b f9 48 85 c0 75 04 48
0x00007ffd55a0b816:   8b 41 08 48 3b 05 e0 15 02 00 75 3b 48 89 5c 24
0x00007ffd55a0b826:   30 e8 74 35 00 00 4c 8b 05 3d 16 02 00 48 8b c8
0x00007ffd55a0b836:   48 8b 97 c0 00 00 00 48 8b d8 e8 eb 97 fe ff 48
0x00007ffd55a0b846:   8b cb e8 73 34 00 00 48 8b 5c 24 30 48 c7 05 a3
0x00007ffd55a0b856:   15 02 00 00 00 00 00 48 83 c4 20 5f c3 cc cc cc
0x00007ffd55a0b866:   cc cc cc cc cc cc cc cc cc cc 40 53 48 83 ec 50
0x00007ffd55a0b876:   48 8b 05 43 e9 01 00 48 33 c4 48 89 44 24 40 48
0x00007ffd55a0b886:   8b d9 48 8b 49 08 ff 15 56 0e 02 00 85 c0 0f 85
0x00007ffd55a0b896:   21 01 00 00 48 8b 4b 08 48 8d 54 24 30 ff 15 7f
0x00007ffd55a0b8a6:   0c 02 00 48 8b 4b 08 48 8d 54 24 20 ff 15 d8 0c
0x00007ffd55a0b8b6:   02 00 48 8b 4b 08 4c 8d 44 24 20 41 b9 02 00 00
0x00007ffd55a0b8c6:   00 33 d2 ff 15 c9 0c 02 00 8b 44 24 24 2b 44 24
0x00007ffd55a0b8d6:   34 44 8b 44 24 20 44 2b 44 24 30 8b 54 24 3c 2b
0x00007ffd55a0b8e6:   54 24 2c 8b 4c 24 38 2b 4c 24 28 89 83 1c 01 00
0x00007ffd55a0b8f6:   00 44 89 83 18 01 00 00 89 93 24 01 00 00 89 8b 


Stack slot to memory mapping:
stack at sp + 0 slots: 0x0000000058afe2f0 is an unknown value
stack at sp + 1 slots: 0x00007ffd55a175a0 glass.dll
stack at sp + 2 slots: 0x0 is NULL
stack at sp + 3 slots: 0x00007ffd70e7df73 USER32.dll
stack at sp + 4 slots: 0x0000001c58afe2f0 is pointing into the stack for thread: 0x0000018ecce256c0
stack at sp + 5 slots: 0x00007ffd55a0a241 glass.dll
stack at sp + 6 slots: 0x0000000000007ff4 is an unknown value
stack at sp + 7 slots: 0x0000000000000401 is an unknown value


Compiled method (c1)   20170 2719       3       java.security.AccessController::doPrivileged (17 bytes)
 total in heap  [0x0000018eb013a810,0x0000018eb013af48] = 1848
 relocation     [0x0000018eb013a970,0x0000018eb013a9f8] = 136
 main code      [0x0000018eb013aa00,0x0000018eb013ad40] = 832
 stub code      [0x0000018eb013ad40,0x0000018eb013adb8] = 120
 metadata       [0x0000018eb013adb8,0x0000018eb013add0] = 24
 scopes data    [0x0000018eb013add0,0x0000018eb013ae80] = 176
 scopes pcs     [0x0000018eb013ae80,0x0000018eb013af30] = 176
 dependencies   [0x0000018eb013af30,0x0000018eb013af38] = 8
 nul chk table  [0x0000018eb013af38,0x0000018eb013af48] = 16

[Constant Pool (empty)]

[MachCode]
[Verified Entry Point]
  # {method} {0x0000018ecd435f30} 'doPrivileged' '(Ljava/security/PrivilegedAction;Ljava/security/AccessControlContext;)Ljava/lang/Object;' in 'java/security/AccessController'
  # parm0:    rdx:rdx   = 'java/security/PrivilegedAction'
  # parm1:    r8:r8     = 'java/security/AccessControlContext'
  #           [sp+0x80]  (sp of caller)
  0x0000018eb013aa00: 8984 2400 | 90ff ff55 | 4883 ec70 

  0x0000018eb013aa0c: ;   {metadata(method data for {method} {0x0000018ecd435f30} 'doPrivileged' '(Ljava/security/PrivilegedAction;Ljava/security/AccessControlContext;)Ljava/lang/Object;' in 'java/security/AccessController')}
  0x0000018eb013aa0c: 48be 9857 | 2b0e 8f01 | 0000 8bbe | cc00 0000 | 83c7 0289 | becc 0000 | 0081 e7fe | 0700 0083 
  0x0000018eb013aa2c: ff00 0f84 | 3c02 0000 | 4c89 4424 | 4048 8954 

  0x0000018eb013aa3c: ;   {metadata(method data for {method} {0x0000018ecd435f30} 'doPrivileged' '(Ljava/security/PrivilegedAction;Ljava/security/AccessControlContext;)Ljava/lang/Object;' in 'java/security/AccessController')}
  0x0000018eb013aa3c: 2448 48be | 9857 2b0e | 8f01 0000 | 4883 8610 | 0100 0001 | 0f1f 8000 

  0x0000018eb013aa54: ;   {static_call}
  0x0000018eb013aa54: 0000 00e8 

  0x0000018eb013aa58: ; ImmutableOopMap {[64]=Oop [72]=Oop }
                      ;*invokestatic getCallerClass {reexecute=0 rethrow=0 return_oop=0}
                      ; - java.security.AccessController::doPrivileged@0 (line 397)
  0x0000018eb013aa58: 0495 6b07 

  0x0000018eb013aa5c: ;   {metadata(method data for {method} {0x0000018ecd435f30} 'doPrivileged' '(Ljava/security/PrivilegedAction;Ljava/security/AccessControlContext;)Ljava/lang/Object;' in 'java/security/AccessController')}
  0x0000018eb013aa5c: 48ba 9857 | 2b0e 8f01 | 0000 4883 | 8220 0100 | 0001 488b | 5424 404c | 8bc0 4889 | 4424 500f 
  0x0000018eb013aa7c: ;   {static_call}
  0x0000018eb013aa7c: 1f40 00e8 

  0x0000018eb013aa80: ; ImmutableOopMap {[72]=Oop [80]=Oop }
                      ;*invokestatic checkContext {reexecute=0 rethrow=0 return_oop=0}
                      ; - java.security.AccessController::doPrivileged@6 (line 398)
  0x0000018eb013aa80: 1cc5 ffff | 4889 4424 

  0x0000018eb013aa88: ;   {metadata(method data for {method} {0x0000018ecd435f30} 'doPrivileged' '(Ljava/security/PrivilegedAction;Ljava/security/AccessControlContext;)Ljava/lang/Object;' in 'java/security/AccessController')}
  0x0000018eb013aa88: 5848 ba98 | 572b 0e8f | 0100 0048 | 8382 3001 

  0x0000018eb013aa98: ;   {metadata(method data for {method} {0x0000018ecd435450} 'executePrivileged' '(Ljava/security/PrivilegedAction;Ljava/security/AccessControlContext;Ljava/lang/Class;)Ljava/lang/Object;' in 'java/security/AccessController')}
  0x0000018eb013aa98: 0000 0148 | baa8 bb07 | 0e8f 0100 | 008b b2cc | 0000 0083 | c602 89b2 | cc00 0000 | 81e6 feff 
  0x0000018eb013aab8: 1f00 83fe | 000f 84ce | 0100 0048 

  0x0000018eb013aac4: ;   {metadata(method data for {method} {0x0000018ecd435450} 'executePrivileged' '(Ljava/security/PrivilegedAction;Ljava/security/AccessControlContext;Ljava/lang/Class;)Ljava/lang/Object;' in 'java/security/AccessController')}
  0x0000018eb013aac4: 83f8 0048 | baa8 bb07 | 0e8f 0100 | 0048 c7c6 | 1001 0000 | 0f84 0700 | 0000 48c7 | c620 0100 
  0x0000018eb013aae4: 0048 8b3c | 3248 8d7f | 0148 893c | 320f 841d 

  0x0000018eb013aaf4: ;   {metadata(method data for {method} {0x0000018ecd435450} 'executePrivileged' '(Ljava/security/PrivilegedAction;Ljava/security/AccessControlContext;Ljava/lang/Class;)Ljava/lang/Object;' in 'java/security/AccessController')}
  0x0000018eb013aaf4: 0000 0048 | baa8 bb07 | 0e8f 0100 | 0048 8382 | 3001 0000 | 0148 8bd0 

  0x0000018eb013ab0c: ;   {static_call}
  0x0000018eb013ab0c: 6666 90e8 

  0x0000018eb013ab10: ; ImmutableOopMap {[72]=Oop [80]=Oop [88]=Oop }
                      ;*invokestatic ensureMaterializedForStackWalk {reexecute=0 rethrow=0 return_oop=0}
                      ; - java.security.AccessController::executePrivileged@5 (line 772)
                      ; - java.security.AccessController::doPrivileged@13 (line 399)
  0x0000018eb013ab10: 2c6a 7907 

  0x0000018eb013ab14: ;   {metadata(method data for {method} {0x0000018ecd435450} 'executePrivileged' '(Ljava/security/PrivilegedAction;Ljava/security/AccessControlContext;Ljava/lang/Class;)Ljava/lang/Object;' in 'java/security/AccessController')}
  0x0000018eb013ab14: 48ba a8bb | 070e 8f01 | 0000 ff82 | 4001 0000 | 488b 5424 | 4848 3b02 

  0x0000018eb013ab2c: ;   {metadata(method data for {method} {0x0000018ecd435450} 'executePrivileged' '(Ljava/security/PrivilegedAction;Ljava/security/AccessControlContext;Ljava/lang/Class;)Ljava/lang/Object;' in 'java/security/AccessController')}
  0x0000018eb013ab2c: 488b f248 | bfa8 bb07 | 0e8f 0100 | 008b 7608 | 49ba 0000 | 00cd 8e01 | 0000 4903 | f248 3bb7 
  0x0000018eb013ab4c: b001 0000 | 750d 4883 | 87b8 0100 | 0001 e966 | 0000 0048 | 3bb7 c001 | 0000 750d | 4883 87c8 
  0x0000018eb013ab6c: 0100 0001 | e950 0000 | 0048 81bf | b001 0000 | 0000 0000 | 7517 4889 | b7b0 0100 | 0048 c787 
  0x0000018eb013ab8c: b801 0000 | 0100 0000 | e92c 0000 | 0048 81bf | c001 0000 | 0000 0000 | 7517 4889 | b7c0 0100 
  0x0000018eb013abac: 0048 c787 | c801 0000 | 0100 0000 | e908 0000 | 0048 8387 | a001 0000 | 0148 b870 | a762 128f 
  0x0000018eb013abcc: ;   {virtual_call}
  0x0000018eb013abcc: 0100 00e8 

  0x0000018eb013abd0: ; ImmutableOopMap {[80]=Oop [88]=Oop }
                      ;*invokeinterface run {reexecute=0 rethrow=0 return_oop=0}
                      ; - java.security.AccessController::executePrivileged@29 (line 776)
                      ; - java.security.AccessController::doPrivileged@13 (line 399)
  0x0000018eb013abd0: bc63 0307 

  0x0000018eb013abd4: ;   {metadata(method data for {method} {0x0000018ecd435450} 'executePrivileged' '(Ljava/security/PrivilegedAction;Ljava/security/AccessControlContext;Ljava/lang/Class;)Ljava/lang/Object;' in 'java/security/AccessController')}
  0x0000018eb013abd4: 48be a8bb | 070e 8f01 | 0000 ff86 | d801 0000 | 488b 7424 

  0x0000018eb013abe8: ;   {metadata(method data for {method} {0x0000018ecd435450} 'executePrivileged' '(Ljava/security/PrivilegedAction;Ljava/security/AccessControlContext;Ljava/lang/Class;)Ljava/lang/Object;' in 'java/security/AccessController')}
  0x0000018eb013abe8: 5048 bfa8 | bb07 0e8f | 0100 0048 | 8387 3802 

  0x0000018eb013abf8: ;   {metadata(method data for {method} {0x0000018ecd3dd6f8} 'reachabilityFence' '(Ljava/lang/Object;)V' in 'java/lang/ref/Reference')}
  0x0000018eb013abf8: 0000 0148 | bfc0 8005 | 0e8f 0100 | 008b 9fcc | 0000 0083 | c302 899f | cc00 0000 | 81e3 feff 
  0x0000018eb013ac18: 1f00 83fb | 000f 8494 

  0x0000018eb013ac20: ;   {metadata(method data for {method} {0x0000018ecd435450} 'executePrivileged' '(Ljava/security/PrivilegedAction;Ljava/security/AccessControlContext;Ljava/lang/Class;)Ljava/lang/Object;' in 'java/security/AccessController')}
  0x0000018eb013ac20: 0000 0048 | bea8 bb07 | 0e8f 0100 | 0048 8386 | 4802 0000 

  0x0000018eb013ac34: ;   {metadata(method data for {method} {0x0000018ecd3dd6f8} 'reachabilityFence' '(Ljava/lang/Object;)V' in 'java/lang/ref/Reference')}
  0x0000018eb013ac34: 0148 bec0 | 8005 0e8f | 0100 008b | becc 0000 | 0083 c702 | 89be cc00 | 0000 81e7 | feff 1f00 
  0x0000018eb013ac54: 83ff 000f | 847b 0000 | 0048 83c4 

  0x0000018eb013ac60: ;   {poll_return}
  0x0000018eb013ac60: 705d 493b | a748 0300 | 000f 878a | 0000 00c3 

  0x0000018eb013ac70: ;   {metadata({method} {0x0000018ecd435f30} 'doPrivileged' '(Ljava/security/PrivilegedAction;Ljava/security/AccessControlContext;)Ljava/lang/Object;' in 'java/security/AccessController')}
  0x0000018eb013ac70: 49ba 285f | 43cd 8e01 | 0000 4c89 | 5424 0848 | c704 24ff 

  0x0000018eb013ac84: ;   {runtime_call counter_overflow Runtime1 stub}
  0x0000018eb013ac84: ffff ffe8 

  0x0000018eb013ac88: ; ImmutableOopMap {rdx=Oop r8=Oop }
                      ;*synchronization entry
                      ; - java.security.AccessController::doPrivileged@-1 (line 397)
  0x0000018eb013ac88: f40b 0307 | e9a3 fdff 

  0x0000018eb013ac90: ;   {metadata({method} {0x0000018ecd435450} 'executePrivileged' '(Ljava/security/PrivilegedAction;Ljava/security/AccessControlContext;Ljava/lang/Class;)Ljava/lang/Object;' in 'java/security/AccessController')}
  0x0000018eb013ac90: ff49 ba48 | 5443 cd8e | 0100 004c | 8954 2408 | 48c7 0424 | ffff ffff 

  0x0000018eb013aca8: ;   {runtime_call counter_overflow Runtime1 stub}
  0x0000018eb013aca8: e8d3 0b03 

  0x0000018eb013acac: ; ImmutableOopMap {[72]=Oop [80]=Oop rax=Oop [88]=Oop }
                      ;*synchronization entry
                      ; - java.security.AccessController::executePrivileged@-1 (line 771)
                      ; - java.security.AccessController::doPrivileged@13 (line 399)
  0x0000018eb013acac: 07e9 11fe 

  0x0000018eb013acb0: ;   {runtime_call throw_null_pointer_exception Runtime1 stub}
  0x0000018eb013acb0: ffff e8e9 

  0x0000018eb013acb4: ; ImmutableOopMap {[80]=Oop rdx=Oop [88]=Oop }
                      ;*invokeinterface run {reexecute=0 rethrow=0 return_oop=0}
                      ; - java.security.AccessController::executePrivileged@29 (line 776)
                      ; - java.security.AccessController::doPrivileged@13 (line 399)
                      ;   {metadata({method} {0x0000018ecd3dd6f8} 'reachabilityFence' '(Ljava/lang/Object;)V' in 'java/lang/ref/Reference')}
  0x0000018eb013acb4: ba02 0749 | baf0 d63d | cd8e 0100 | 004c 8954 | 2408 48c7 | 0424 ffff 

  0x0000018eb013accc: ;   {runtime_call counter_overflow Runtime1 stub}
  0x0000018eb013accc: ffff e8ad 

  0x0000018eb013acd0: ; ImmutableOopMap {rax=Oop rsi=Oop }
                      ;*synchronization entry
                      ; - java.lang.ref.Reference::reachabilityFence@-1 (line 621)
                      ; - java.security.AccessController::executePrivileged@56 (line 781)
                      ; - java.security.AccessController::doPrivileged@13 (line 399)
  0x0000018eb013acd0: 0b03 07e9 | 4bff ffff 

  0x0000018eb013acd8: ;   {metadata({method} {0x0000018ecd3dd6f8} 'reachabilityFence' '(Ljava/lang/Object;)V' in 'java/lang/ref/Reference')}
  0x0000018eb013acd8: 49ba f0d6 | 3dcd 8e01 | 0000 4c89 | 5424 0848 | c704 24ff 

  0x0000018eb013acec: ;   {runtime_call counter_overflow Runtime1 stub}
  0x0000018eb013acec: ffff ffe8 

  0x0000018eb013acf0: ; ImmutableOopMap {rax=Oop }
                      ;*synchronization entry
                      ; - java.lang.ref.Reference::reachabilityFence@-1 (line 621)
                      ; - java.security.AccessController::executePrivileged@60 (line 782)
                      ; - java.security.AccessController::doPrivileged@13 (line 399)
  0x0000018eb013acf0: 8c0b 0307 | e964 ffff 

  0x0000018eb013acf8: ;   {internal_word}
  0x0000018eb013acf8: ff49 ba62 | ac13 b08e | 0100 004d | 8997 6003 

  0x0000018eb013ad08: ;   {runtime_call SafepointBlob}
  0x0000018eb013ad08: 0000 e9f1 | ccf8 0690 | 9049 8b87 | d803 0000 | 49c7 87d8 | 0300 0000 | 0000 0049 | c787 e003 
  0x0000018eb013ad28: 0000 0000 | 0000 4883 

  0x0000018eb013ad30: ;   {runtime_call unwind_exception Runtime1 stub}
  0x0000018eb013ad30: c470 5de9 | 48ae 0207 | f4f4 f4f4 | f4f4 f4f4 
[Stub Code]
  0x0000018eb013ad40: ;   {no_reloc}
  0x0000018eb013ad40: 0f1f 4400 

  0x0000018eb013ad44: ;   {static_stub}
  0x0000018eb013ad44: 0048 bb00 | 0000 0000 

  0x0000018eb013ad4c: ;   {runtime_call}
  0x0000018eb013ad4c: 0000 00e9 | fbff ffff 

  0x0000018eb013ad54: ;   {static_stub}
  0x0000018eb013ad54: 9048 bb00 | 0000 0000 

  0x0000018eb013ad5c: ;   {runtime_call}
  0x0000018eb013ad5c: 0000 00e9 | fbff ffff 

  0x0000018eb013ad64: ;   {static_stub}
  0x0000018eb013ad64: 9048 bb00 | 0000 0000 

  0x0000018eb013ad6c: ;   {runtime_call}
  0x0000018eb013ad6c: 0000 00e9 | fbff ffff 

  0x0000018eb013ad74: ;   {static_stub}
  0x0000018eb013ad74: 9048 bb00 | 0000 0000 

  0x0000018eb013ad7c: ;   {runtime_call}
  0x0000018eb013ad7c: 0000 00e9 | fbff ffff 
[Exception Handler]
  0x0000018eb013ad84: ;   {runtime_call handle_exception_from_callee Runtime1 stub}
  0x0000018eb013ad84: e8f7 d702 

  0x0000018eb013ad88: ;   {external_word}
  0x0000018eb013ad88: 0748 b9a0 | e9db bffc | 7f00 0048 

  0x0000018eb013ad94: ;   {runtime_call}
  0x0000018eb013ad94: 83e4 f049 | ba10 79a4 | bffc 7f00 | 0041 ffd2 

  0x0000018eb013ada4: ;   {section_word}
  0x0000018eb013ada4: f449 baa5 | ad13 b08e | 0100 0041 

  0x0000018eb013adb0: ;   {runtime_call DeoptimizationBlob}
  0x0000018eb013adb0: 52e9 eabe | f806 f4f4 
[/MachCode]


Compiled method (c1)   20177 3033   !   3       com.sun.glass.ui.InvokeLaterDispatcher$Future::run (91 bytes)
 total in heap  [0x0000018eb01e0e90,0x0000018eb01e1838] = 2472
 relocation     [0x0000018eb01e0ff0,0x0000018eb01e1070] = 128
 main code      [0x0000018eb01e1080,0x0000018eb01e14e0] = 1120
 stub code      [0x0000018eb01e14e0,0x0000018eb01e1548] = 104
 oops           [0x0000018eb01e1548,0x0000018eb01e1550] = 8
 metadata       [0x0000018eb01e1550,0x0000018eb01e1558] = 8
 scopes data    [0x0000018eb01e1558,0x0000018eb01e1610] = 184
 scopes pcs     [0x0000018eb01e1610,0x0000018eb01e1720] = 272
 dependencies   [0x0000018eb01e1720,0x0000018eb01e1728] = 8
 handler table  [0x0000018eb01e1728,0x0000018eb01e17e8] = 192
 nul chk table  [0x0000018eb01e17e8,0x0000018eb01e1838] = 80

[Constant Pool (empty)]

[MachCode]
[Entry Point]
  # {method} {0x0000018f0e58ddb8} 'run' '()V' in 'com/sun/glass/ui/InvokeLaterDispatcher$Future'
  #           [sp+0x70]  (sp of caller)
  0x0000018eb01e1080: 448b 5208 | 49bb 0000 | 00cd 8e01 | 0000 4d03 | d34c 3bd0 

  0x0000018eb01e1094: ;   {runtime_call ic_miss_stub}
  0x0000018eb01e1094: 0f85 e6ff | ed06 660f | 1f44 0000 
[Verified Entry Point]
  0x0000018eb01e10a0: 8984 2400 | 90ff ff55 | 4883 ec60 

  0x0000018eb01e10ac: ;   {metadata(method data for {method} {0x0000018f0e58ddb8} 'run' '()V' in 'com/sun/glass/ui/InvokeLaterDispatcher$Future')}
  0x0000018eb01e10ac: 48be c0b1 | cb0e 8f01 | 0000 8bbe | cc00 0000 | 83c7 0289 | becc 0000 | 0081 e7fe | 0700 0083 
  0x0000018eb01e10cc: ff00 0f84 | fe02 0000 | 8b72 1048 | c1e6 0348 | 3b06 488b 

  0x0000018eb01e10e0: ;   {metadata(method data for {method} {0x0000018f0e58ddb8} 'run' '()V' in 'com/sun/glass/ui/InvokeLaterDispatcher$Future')}
  0x0000018eb01e10e0: fe48 bbc0 | b1cb 0e8f | 0100 008b | 7f08 49ba | 0000 00cd | 8e01 0000 | 4903 fa48 | 3bbb 2001 
  0x0000018eb01e1100: 0000 750d | 4883 8328 | 0100 0001 | e966 0000 | 0048 3bbb | 3001 0000 | 750d 4883 | 8338 0100 
  0x0000018eb01e1120: 0001 e950 | 0000 0048 | 81bb 2001 | 0000 0000 | 0000 7517 | 4889 bb20 | 0100 0048 | c783 2801 
  0x0000018eb01e1140: 0000 0100 | 0000 e92c | 0000 0048 | 81bb 3001 | 0000 0000 | 0000 7517 | 4889 bb30 | 0100 0048 
  0x0000018eb01e1160: c783 3801 | 0000 0100 | 0000 e908 | 0000 0048 | 8383 1001 | 0000 0148 | 8954 2420 | 488b d666 
  0x0000018eb01e1180: 0f1f 4400 | 0048 b8f0 | b762 128f 

  0x0000018eb01e118c: ;   {virtual_call}
  0x0000018eb01e118c: 0100 00e8 

  0x0000018eb01e1190: ; ImmutableOopMap {[32]=Oop }
                      ;*invokeinterface run {reexecute=0 rethrow=0 return_oop=0}
                      ; - com.sun.glass.ui.InvokeLaterDispatcher$Future::run@4 (line 96)
  0x0000018eb01e1190: fcfd f806 | 488b 5424 | 208b 4214 | 48c1 e003 

  0x0000018eb01e11a0: ; implicit exception: dispatches to 0x0000018eb01e13f8
  0x0000018eb01e11a0: 8bb0 7801 | 0000 48c1 | e603 488d | 7c24 4048 | 8977 0848 | 8b06 4883 | c801 4889 | 07f0 480f 
  0x0000018eb01e11c0: b13e 0f84 | 1300 0000 | 482b c448 | 81e0 07f0 | ffff 4889 | 070f 8527 | 0200 0048 | 8974 2428 
  0x0000018eb01e11e0: c642 0c01 | 8b52 1448 | c1e2 038b | 9278 0100 | 0048 c1e2 | 0348 3b02 

  0x0000018eb01e11f8: ;   {metadata(method data for {method} {0x0000018f0e58ddb8} 'run' '()V' in 'com/sun/glass/ui/InvokeLaterDispatcher$Future')}
  0x0000018eb01e11f8: 488b fa48 | bbc0 b1cb | 0e8f 0100 | 0048 8383 | 4801 0000 

  0x0000018eb01e120c: ;   {optimized virtual_call}
  0x0000018eb01e120c: 0166 90e8 

  0x0000018eb01e1210: ; ImmutableOopMap {[40]=Oop [72]=Oop }
                      ;*invokevirtual notifyAll {reexecute=0 rethrow=0 return_oop=0}
                      ; - com.sun.glass.ui.InvokeLaterDispatcher$Future::run@31 (line 100)
  0x0000018eb01e1210: 2c42 6307 | 488d 4424 | 4048 8b10 | 4885 d20f | 840f 0000 | 0048 8b70 | 08f0 480f | b116 0f85 
  0x0000018eb01e1230: eb01 0000 

  0x0000018eb01e1234: ;   {metadata(method data for {method} {0x0000018f0e58ddb8} 'run' '()V' in 'com/sun/glass/ui/InvokeLaterDispatcher$Future')}
  0x0000018eb01e1234: 48b8 c0b1 | cb0e 8f01 | 0000 ff80 | 8001 0000 | e9c0 0000 | 0049 8b87 | d803 0000 | 4d33 d24d 
  0x0000018eb01e1254: 8997 d803 | 0000 4d33 | d24d 8997 | e003 0000 | 8b72 1448 | c1e6 038b | b678 0100 | 0048 c1e6 
  0x0000018eb01e1274: 0348 8d7c | 2440 4889 | 4424 3048 | 8977 0848 | 8b06 4883 | c801 4889 | 07f0 480f | b13e 0f84 
  0x0000018eb01e1294: 1300 0000 | 482b c448 | 81e0 07f0 | ffff 4889 | 070f 8591 | 0100 0048 | 8974 2438 | c642 0c01 
  0x0000018eb01e12b4: 8b52 1448 | c1e2 038b | 9278 0100 | 0048 c1e2 | 0348 3b02 

  0x0000018eb01e12c8: ;   {metadata(method data for {method} {0x0000018f0e58ddb8} 'run' '()V' in 'com/sun/glass/ui/InvokeLaterDispatcher$Future')}
  0x0000018eb01e12c8: 488b fa48 | bbc0 b1cb | 0e8f 0100 | 0048 8383 | b001 0000 

  0x0000018eb01e12dc: ;   {optimized virtual_call}
  0x0000018eb01e12dc: 0166 90e8 

  0x0000018eb01e12e0: ; ImmutableOopMap {[48]=Oop [56]=Oop [72]=Oop }
                      ;*invokevirtual notifyAll {reexecute=0 rethrow=0 return_oop=0}
                      ; - com.sun.glass.ui.InvokeLaterDispatcher$Future::run@71 (line 100)
  0x0000018eb01e12e0: 9c00 ee06 | 488d 4424 | 4048 8b30 | 4885 f60f | 840f 0000 | 0048 8b78 | 08f0 480f | b137 0f85 
  0x0000018eb01e1300: 5501 0000 | e923 0000 

  0x0000018eb01e1308: ;   {metadata(method data for {method} {0x0000018f0e58ddb8} 'run' '()V' in 'com/sun/glass/ui/InvokeLaterDispatcher$Future')}
  0x0000018eb01e1308: 0048 b8c0 | b1cb 0e8f | 0100 00ff | 8098 0100 | 0048 83c4 

  0x0000018eb01e131c: ;   {poll_return}
  0x0000018eb01e131c: 605d 493b | a748 0300 | 000f 8741 | 0100 00c3 

  0x0000018eb01e132c: ;   {metadata(method data for {method} {0x0000018f0e58ddb8} 'run' '()V' in 'com/sun/glass/ui/InvokeLaterDispatcher$Future')}
  0x0000018eb01e132c: 48b8 c0b1 | cb0e 8f01 | 0000 ff80 | e801 0000 | 488b 4424 | 30e9 8b01 | 0000 498b | 87d8 0300 
  0x0000018eb01e134c: 004d 33d2 | 4d89 97d8 | 0300 004d | 33d2 4d89 | 97e0 0300 | 0048 8bf0 | 488d 4424 | 4048 8b38 
  0x0000018eb01e136c: 4885 ff0f | 840f 0000 | 0048 8b58 | 08f0 480f | b13b 0f85 | fe00 0000 | 488b c6e9 | 4501 0000 
  0x0000018eb01e138c: 498b 87d8 | 0300 004d | 33d2 4d89 | 97d8 0300 | 004d 33d2 | 4d89 97e0 | 0300 0048 | 8bf0 488d 
  0x0000018eb01e13ac: 4424 4048 | 8b38 4885 | ff0f 840f | 0000 0048 | 8b58 08f0 | 480f b13b | 0f85 cb00 | 0000 488b 
  0x0000018eb01e13cc: c6e9 ff00 

  0x0000018eb01e13d0: ;   {metadata({method} {0x0000018f0e58ddb8} 'run' '()V' in 'com/sun/glass/ui/InvokeLaterDispatcher$Future')}
  0x0000018eb01e13d0: 0000 49ba | b0dd 580e | 8f01 0000 | 4c89 5424 | 0848 c704 | 24ff ffff 

  0x0000018eb01e13e8: ;   {runtime_call counter_overflow Runtime1 stub}
  0x0000018eb01e13e8: ffe8 92a4 

  0x0000018eb01e13ec: ; ImmutableOopMap {rdx=Oop }
                      ;*synchronization entry
                      ; - com.sun.glass.ui.InvokeLaterDispatcher$Future::run@-1 (line 96)
  0x0000018eb01e13ec: f806 e9e1 

  0x0000018eb01e13f0: ;   {runtime_call throw_null_pointer_exception Runtime1 stub}
  0x0000018eb01e13f0: fcff ffe8 

  0x0000018eb01e13f4: ; ImmutableOopMap {rdx=Oop rsi=Oop }
                      ;*invokeinterface run {reexecute=0 rethrow=0 return_oop=0}
                      ; - com.sun.glass.ui.InvokeLaterDispatcher$Future::run@4 (line 96)
  0x0000018eb01e13f4: a853 f806 

  0x0000018eb01e13f8: ;   {runtime_call throw_null_pointer_exception Runtime1 stub}
  0x0000018eb01e13f8: e8a3 53f8 

  0x0000018eb01e13fc: ; ImmutableOopMap {rdx=Oop }
                      ;*getfield LOCK {reexecute=1 rethrow=0 return_oop=0}
                      ; - (reexecute) com.sun.glass.ui.InvokeLaterDispatcher$Future::run@13 (line 98)
                      ;   {runtime_call throw_null_pointer_exception Runtime1 stub}
  0x0000018eb01e13fc: 06e8 9e53 

  0x0000018eb01e1400: ; ImmutableOopMap {rdx=Oop rsi=Oop }
                      ;*monitorenter {reexecute=0 rethrow=0 return_oop=0}
                      ; - com.sun.glass.ui.InvokeLaterDispatcher$Future::run@18 (line 98)
  0x0000018eb01e1400: f806 4889 | 7424 0848 

  0x0000018eb01e1408: ;   {runtime_call monitorenter_nofpu Runtime1 stub}
  0x0000018eb01e1408: 893c 24e8 

  0x0000018eb01e140c: ; ImmutableOopMap {rdx=Oop rsi=Oop [72]=Oop }
                      ;*monitorenter {reexecute=0 rethrow=0 return_oop=0}
                      ; - com.sun.glass.ui.InvokeLaterDispatcher$Future::run@18 (line 98)
  0x0000018eb01e140c: 7083 f806 | e9c6 fdff 

  0x0000018eb01e1414: ;   {runtime_call throw_null_pointer_exception Runtime1 stub}
  0x0000018eb01e1414: ffe8 8653 

  0x0000018eb01e1418: ; ImmutableOopMap {[40]=Oop [72]=Oop }
                      ;*getfield LOCK {reexecute=1 rethrow=0 return_oop=0}
                      ; - (reexecute) com.sun.glass.ui.InvokeLaterDispatcher$Future::run@28 (line 100)
                      ;   {runtime_call throw_null_pointer_exception Runtime1 stub}
  0x0000018eb01e1418: f806 e881 

  0x0000018eb01e141c: ; ImmutableOopMap {[40]=Oop rdx=Oop [72]=Oop }
                      ;*invokevirtual notifyAll {reexecute=0 rethrow=0 return_oop=0}
                      ; - com.sun.glass.ui.InvokeLaterDispatcher$Future::run@31 (line 100)
  0x0000018eb01e141c: 53f8 0648 | 8d44 2440 | 4889 0424 

  0x0000018eb01e1428: ;   {runtime_call monitorexit_nofpu Runtime1 stub}
  0x0000018eb01e1428: e853 89f8 | 06e9 02fe 

  0x0000018eb01e1430: ;   {runtime_call throw_null_pointer_exception Runtime1 stub}
  0x0000018eb01e1430: ffff e869 

  0x0000018eb01e1434: ; ImmutableOopMap {rdx=Oop rax=Oop }
                      ;*getfield LOCK {reexecute=1 rethrow=0 return_oop=0}
                      ; - (reexecute) com.sun.glass.ui.InvokeLaterDispatcher$Future::run@52 (line 98)
                      ;   {runtime_call throw_null_pointer_exception Runtime1 stub}
  0x0000018eb01e1434: 53f8 06e8 

  0x0000018eb01e1438: ; ImmutableOopMap {rdx=Oop rsi=Oop [48]=Oop }
                      ;*monitorenter {reexecute=0 rethrow=0 return_oop=0}
                      ; - com.sun.glass.ui.InvokeLaterDispatcher$Future::run@58 (line 98)
  0x0000018eb01e1438: 6453 f806 | 4889 7424 | 0848 893c 

  0x0000018eb01e1444: ;   {runtime_call monitorenter_nofpu Runtime1 stub}
  0x0000018eb01e1444: 24e8 3683 

  0x0000018eb01e1448: ; ImmutableOopMap {rdx=Oop rsi=Oop [48]=Oop [72]=Oop }
                      ;*monitorenter {reexecute=0 rethrow=0 return_oop=0}
                      ; - com.sun.glass.ui.InvokeLaterDispatcher$Future::run@58 (line 98)
  0x0000018eb01e1448: f806 e95c 

  0x0000018eb01e144c: ;   {runtime_call throw_null_pointer_exception Runtime1 stub}
  0x0000018eb01e144c: feff ffe8 

  0x0000018eb01e1450: ; ImmutableOopMap {[56]=Oop [48]=Oop [72]=Oop }
                      ;*getfield LOCK {reexecute=1 rethrow=0 return_oop=0}
                      ; - (reexecute) com.sun.glass.ui.InvokeLaterDispatcher$Future::run@68 (line 100)
  0x0000018eb01e1450: 4c53 f806 

  0x0000018eb01e1454: ;   {runtime_call throw_null_pointer_exception Runtime1 stub}
  0x0000018eb01e1454: e847 53f8 

  0x0000018eb01e1458: ; ImmutableOopMap {[56]=Oop [48]=Oop rdx=Oop [72]=Oop }
                      ;*invokevirtual notifyAll {reexecute=0 rethrow=0 return_oop=0}
                      ; - com.sun.glass.ui.InvokeLaterDispatcher$Future::run@71 (line 100)
  0x0000018eb01e1458: 0648 8d44 | 2440 4889 

  0x0000018eb01e1460: ;   {runtime_call monitorexit_nofpu Runtime1 stub}
  0x0000018eb01e1460: 0424 e819 | 89f8 06e9 | 98fe ffff 

  0x0000018eb01e146c: ;   {internal_word}
  0x0000018eb01e146c: 49ba 1e13 | 1eb0 8e01 | 0000 4d89 | 9760 0300 

  0x0000018eb01e147c: ;   {runtime_call SafepointBlob}
  0x0000018eb01e147c: 00e9 7e65 | ee06 488d | 4424 4048 

  0x0000018eb01e1488: ;   {runtime_call monitorexit_nofpu Runtime1 stub}
  0x0000018eb01e1488: 8904 24e8 | f088 f806 | e9ef feff | ff48 8d44 | 2440 4889 

  0x0000018eb01e149c: ;   {runtime_call monitorexit_nofpu Runtime1 stub}
  0x0000018eb01e149c: 0424 e8dd | 88f8 06e9 | 22ff ffff | 488b 5424 | 20e9 97fd | ffff 9090 | 498b 87d8 | 0300 0049 
  0x0000018eb01e14bc: c787 d803 | 0000 0000 | 0000 49c7 | 87e0 0300 | 0000 0000 | 0048 83c4 

  0x0000018eb01e14d4: ;   {runtime_call unwind_exception Runtime1 stub}
  0x0000018eb01e14d4: 605d e9a5 | 46f8 06f4 | f4f4 f4f4 
[Stub Code]
  0x0000018eb01e14e0: ;   {no_reloc}
  0x0000018eb01e14e0: 0f1f 4400 

  0x0000018eb01e14e4: ;   {static_stub}
  0x0000018eb01e14e4: 0048 bb00 | 0000 0000 

  0x0000018eb01e14ec: ;   {runtime_call}
  0x0000018eb01e14ec: 0000 00e9 | fbff ffff 

  0x0000018eb01e14f4: ;   {static_stub}
  0x0000018eb01e14f4: 9048 bb00 | 0000 0000 

  0x0000018eb01e14fc: ;   {runtime_call}
  0x0000018eb01e14fc: 0000 00e9 | fbff ffff 

  0x0000018eb01e1504: ;   {static_stub}
  0x0000018eb01e1504: 9048 bb00 | 0000 0000 

  0x0000018eb01e150c: ;   {runtime_call}
  0x0000018eb01e150c: 0000 00e9 | fbff ffff 
[Exception Handler]
  0x0000018eb01e1514: ;   {runtime_call handle_exception_from_callee Runtime1 stub}
  0x0000018eb01e1514: e867 70f8 

  0x0000018eb01e1518: ;   {external_word}
  0x0000018eb01e1518: 0648 b9a0 | e9db bffc | 7f00 0048 

  0x0000018eb01e1524: ;   {runtime_call}
  0x0000018eb01e1524: 83e4 f049 | ba10 79a4 | bffc 7f00 | 0041 ffd2 

  0x0000018eb01e1534: ;   {section_word}
  0x0000018eb01e1534: f449 ba35 | 151e b08e | 0100 0041 

  0x0000018eb01e1540: ;   {runtime_call DeoptimizationBlob}
  0x0000018eb01e1540: 52e9 5a57 | ee06 f4f4 
[/MachCode]


---------------  P R O C E S S  ---------------

Threads class SMR info:
_java_thread_list=0x0000018eccfcfbd0, length=21, elements={
0x0000018ea80aa9a0, 0x0000018ecc2f6560, 0x0000018ecc2f7120, 0x0000018ecc310030,
0x0000018ecc310bf0, 0x0000018ecc3115b0, 0x0000018ecc311f70, 0x0000018ecc313c70,
0x0000018ecc315590, 0x0000018ecc316eb0, 0x0000018ecc189e90, 0x0000018eccbcb980,
0x0000018ecc8314a0, 0x0000018ecceafe60, 0x0000018ecce256c0, 0x0000018f12578f90,
0x0000018f123b39c0, 0x0000018f12fce510, 0x0000018f18736b70, 0x0000018f1281af90,
0x0000018f186d7d80
}

Java Threads: ( => current thread )
  0x0000018ea80aa9a0 JavaThread "main" [_thread_blocked, id=4864, stack(0x0000001c56e00000,0x0000001c56f00000)]
  0x0000018ecc2f6560 JavaThread "Reference Handler" daemon [_thread_blocked, id=8876, stack(0x0000001c57500000,0x0000001c57600000)]
  0x0000018ecc2f7120 JavaThread "Finalizer" daemon [_thread_blocked, id=11044, stack(0x0000001c57600000,0x0000001c57700000)]
  0x0000018ecc310030 JavaThread "Signal Dispatcher" daemon [_thread_blocked, id=6328, stack(0x0000001c57700000,0x0000001c57800000)]
  0x0000018ecc310bf0 JavaThread "Attach Listener" daemon [_thread_blocked, id=1192, stack(0x0000001c57800000,0x0000001c57900000)]
  0x0000018ecc3115b0 JavaThread "Service Thread" daemon [_thread_blocked, id=15688, stack(0x0000001c57900000,0x0000001c57a00000)]
  0x0000018ecc311f70 JavaThread "Monitor Deflation Thread" daemon [_thread_blocked, id=13200, stack(0x0000001c57a00000,0x0000001c57b00000)]
  0x0000018ecc313c70 JavaThread "C2 CompilerThread0" daemon [_thread_blocked, id=5196, stack(0x0000001c57b00000,0x0000001c57c00000)]
  0x0000018ecc315590 JavaThread "C1 CompilerThread0" daemon [_thread_blocked, id=16472, stack(0x0000001c57c00000,0x0000001c57d00000)]
  0x0000018ecc316eb0 JavaThread "Sweeper thread" daemon [_thread_blocked, id=10828, stack(0x0000001c57d00000,0x0000001c57e00000)]
  0x0000018ecc189e90 JavaThread "Common-Cleaner" daemon [_thread_blocked, id=8724, stack(0x0000001c57f00000,0x0000001c58000000)]
  0x0000018eccbcb980 JavaThread "Notification Thread" daemon [_thread_blocked, id=14112, stack(0x0000001c58600000,0x0000001c58700000)]
  0x0000018ecc8314a0 JavaThread "QuantumRenderer-0" daemon [_thread_blocked, id=9596, stack(0x0000001c58800000,0x0000001c58900000)]
  0x0000018ecceafe60 JavaThread "InvokeLaterDispatcher" daemon [_thread_blocked, id=4284, stack(0x0000001c58900000,0x0000001c58a00000)]
=>0x0000018ecce256c0 JavaThread "JavaFX Application Thread" [_thread_in_native, id=12228, stack(0x0000001c58a00000,0x0000001c58b00000)]
  0x0000018f12578f90 JavaThread "JavaFX-Launcher" [_thread_blocked, id=18336, stack(0x0000001c58f00000,0x0000001c59000000)]
  0x0000018f123b39c0 JavaThread "Thread-2" daemon [_thread_in_native, id=3620, stack(0x0000001c58e00000,0x0000001c58f00000)]
  0x0000018f12fce510 JavaThread "Prism Font Disposer" daemon [_thread_blocked, id=15612, stack(0x0000001c59800000,0x0000001c59900000)]
  0x0000018f18736b70 JavaThread "Cleaner-0" daemon [_thread_blocked, id=6204, stack(0x0000001c59900000,0x0000001c59a00000)]
  0x0000018f1281af90 JavaThread "C1 CompilerThread1" daemon [_thread_blocked, id=16332, stack(0x0000001c59a00000,0x0000001c59b00000)]
  0x0000018f186d7d80 JavaThread "C1 CompilerThread2" daemon [_thread_blocked, id=8064, stack(0x0000001c59b00000,0x0000001c59c00000)]

Other Threads:
  0x0000018ecc2ef010 VMThread "VM Thread" [stack: 0x0000001c57400000,0x0000001c57500000] [id=4136]
  0x0000018eccaba1f0 WatcherThread [stack: 0x0000001c58700000,0x0000001c58800000] [id=17752]
  0x0000018ea8117c00 GCTaskThread "GC Thread#0" [stack: 0x0000001c56f00000,0x0000001c57000000] [id=3116]
  0x0000018f123926e0 GCTaskThread "GC Thread#1" [stack: 0x0000001c59000000,0x0000001c59100000] [id=6800]
  0x0000018f123929a0 GCTaskThread "GC Thread#2" [stack: 0x0000001c59100000,0x0000001c59200000] [id=16412]
  0x0000018ecce1b290 GCTaskThread "GC Thread#3" [stack: 0x0000001c59200000,0x0000001c59300000] [id=17812]
  0x0000018ecce1b550 GCTaskThread "GC Thread#4" [stack: 0x0000001c59300000,0x0000001c59400000] [id=17784]
  0x0000018ecce1b810 GCTaskThread "GC Thread#5" [stack: 0x0000001c59400000,0x0000001c59500000] [id=4244]
  0x0000018f12b65000 GCTaskThread "GC Thread#6" [stack: 0x0000001c57e00000,0x0000001c57f00000] [id=13816]
  0x0000018f12b652c0 GCTaskThread "GC Thread#7" [stack: 0x0000001c58000000,0x0000001c58100000] [id=14676]
  0x0000018f12b65580 GCTaskThread "GC Thread#8" [stack: 0x0000001c58100000,0x0000001c58200000] [id=11204]
  0x0000018f12b63cc0 GCTaskThread "GC Thread#9" [stack: 0x0000001c58200000,0x0000001c58300000] [id=7840]
  0x0000018ea81294e0 ConcurrentGCThread "G1 Main Marker" [stack: 0x0000001c57000000,0x0000001c57100000] [id=18232]
  0x0000018ea812a6a0 ConcurrentGCThread "G1 Conc#0" [stack: 0x0000001c57100000,0x0000001c57200000] [id=12008]
  0x0000018ea815ebe0 ConcurrentGCThread "G1 Refine#0" [stack: 0x0000001c57200000,0x0000001c57300000] [id=16860]
  0x0000018ecc04e780 ConcurrentGCThread "G1 Service" [stack: 0x0000001c57300000,0x0000001c57400000] [id=15460]

Threads with active compile tasks:

VM state: not at safepoint (normal execution)

VM Mutex/Monitor currently owned by a thread: None

Heap address: 0x0000000703400000, size: 4044 MB, Compressed Oops mode: Zero based, Oop shift amount: 3

CDS archive(s) mapped at: [0x0000018ecd000000-0x0000018ecdbb0000-0x0000018ecdbb0000), size 12255232, SharedBaseAddress: 0x0000018ecd000000, ArchiveRelocationMode: 1.
Compressed class space mapped at: 0x0000018ece000000-0x0000018f0e000000, reserved size: 1073741824
Narrow klass base: 0x0000018ecd000000, Narrow klass shift: 0, Narrow klass range: 0x100000000

GC Precious Log:
 CPUs: 16 total, 16 available
 Memory: 16168M
 Large Page Support: Disabled
 NUMA Support: Disabled
 Compressed Oops: Enabled (Zero based)
 Heap Region Size: 2M
 Heap Min Capacity: 8M
 Heap Initial Capacity: 254M
 Heap Max Capacity: 4044M
 Pre-touch: Disabled
 Parallel Workers: 13
 Concurrent Workers: 3
 Concurrent Refinement Workers: 13
 Periodic GC: Disabled

Heap:
 garbage-first heap   total 260096K, used 12319K [0x0000000703400000, 0x0000000800000000)
  region size 2048K, 6 young (12288K), 3 survivors (6144K)
 Metaspace       used 13962K, committed 14144K, reserved 1114112K
  class space    used 1896K, committed 1984K, reserved 1048576K

Heap Regions: E=young(eden), S=young(survivor), O=old, HS=humongous(starts), HC=humongous(continues), CS=collection set, F=free, OA=open archive, CA=closed archive, TAMS=top-at-mark-start (previous, next)
|   0|0x0000000703400000, 0x0000000703600000, 0x0000000703600000|100%|HS|  |TAMS 0x0000000703400000, 0x0000000703400000| Complete 
|   1|0x0000000703600000, 0x0000000703607e00, 0x0000000703800000|  1%| O|  |TAMS 0x0000000703600000, 0x0000000703600000| Untracked 
|   2|0x0000000703800000, 0x0000000703800000, 0x0000000703a00000|  0%| F|  |TAMS 0x0000000703800000, 0x0000000703800000| Untracked 
|   3|0x0000000703a00000, 0x0000000703a00000, 0x0000000703c00000|  0%| F|  |TAMS 0x0000000703a00000, 0x0000000703a00000| Untracked 
|   4|0x0000000703c00000, 0x0000000703c00000, 0x0000000703e00000|  0%| F|  |TAMS 0x0000000703c00000, 0x0000000703c00000| Untracked 
|   5|0x0000000703e00000, 0x0000000703e00000, 0x0000000704000000|  0%| F|  |TAMS 0x0000000703e00000, 0x0000000703e00000| Untracked 
|   6|0x0000000704000000, 0x0000000704000000, 0x0000000704200000|  0%| F|  |TAMS 0x0000000704000000, 0x0000000704000000| Untracked 
|   7|0x0000000704200000, 0x0000000704200000, 0x0000000704400000|  0%| F|  |TAMS 0x0000000704200000, 0x0000000704200000| Untracked 
|   8|0x0000000704400000, 0x0000000704400000, 0x0000000704600000|  0%| F|  |TAMS 0x0000000704400000, 0x0000000704400000| Untracked 
|   9|0x0000000704600000, 0x0000000704600000, 0x0000000704800000|  0%| F|  |TAMS 0x0000000704600000, 0x0000000704600000| Untracked 
|  10|0x0000000704800000, 0x0000000704800000, 0x0000000704a00000|  0%| F|  |TAMS 0x0000000704800000, 0x0000000704800000| Untracked 
|  11|0x0000000704a00000, 0x0000000704a00000, 0x0000000704c00000|  0%| F|  |TAMS 0x0000000704a00000, 0x0000000704a00000| Untracked 
|  12|0x0000000704c00000, 0x0000000704c00000, 0x0000000704e00000|  0%| F|  |TAMS 0x0000000704c00000, 0x0000000704c00000| Untracked 
|  13|0x0000000704e00000, 0x0000000704e00000, 0x0000000705000000|  0%| F|  |TAMS 0x0000000704e00000, 0x0000000704e00000| Untracked 
|  14|0x0000000705000000, 0x0000000705000000, 0x0000000705200000|  0%| F|  |TAMS 0x0000000705000000, 0x0000000705000000| Untracked 
|  15|0x0000000705200000, 0x0000000705200000, 0x0000000705400000|  0%| F|  |TAMS 0x0000000705200000, 0x0000000705200000| Untracked 
|  16|0x0000000705400000, 0x0000000705400000, 0x0000000705600000|  0%| F|  |TAMS 0x0000000705400000, 0x0000000705400000| Untracked 
|  17|0x0000000705600000, 0x0000000705600000, 0x0000000705800000|  0%| F|  |TAMS 0x0000000705600000, 0x0000000705600000| Untracked 
|  18|0x0000000705800000, 0x0000000705800000, 0x0000000705a00000|  0%| F|  |TAMS 0x0000000705800000, 0x0000000705800000| Untracked 
|  19|0x0000000705a00000, 0x0000000705a00000, 0x0000000705c00000|  0%| F|  |TAMS 0x0000000705a00000, 0x0000000705a00000| Untracked 
|  20|0x0000000705c00000, 0x0000000705c00000, 0x0000000705e00000|  0%| F|  |TAMS 0x0000000705c00000, 0x0000000705c00000| Untracked 
|  21|0x0000000705e00000, 0x0000000705e00000, 0x0000000706000000|  0%| F|  |TAMS 0x0000000705e00000, 0x0000000705e00000| Untracked 
|  22|0x0000000706000000, 0x0000000706000000, 0x0000000706200000|  0%| F|  |TAMS 0x0000000706000000, 0x0000000706000000| Untracked 
|  23|0x0000000706200000, 0x0000000706200000, 0x0000000706400000|  0%| F|  |TAMS 0x0000000706200000, 0x0000000706200000| Untracked 
|  24|0x0000000706400000, 0x0000000706400000, 0x0000000706600000|  0%| F|  |TAMS 0x0000000706400000, 0x0000000706400000| Untracked 
|  25|0x0000000706600000, 0x0000000706600000, 0x0000000706800000|  0%| F|  |TAMS 0x0000000706600000, 0x0000000706600000| Untracked 
|  26|0x0000000706800000, 0x0000000706800000, 0x0000000706a00000|  0%| F|  |TAMS 0x0000000706800000, 0x0000000706800000| Untracked 
|  27|0x0000000706a00000, 0x0000000706a00000, 0x0000000706c00000|  0%| F|  |TAMS 0x0000000706a00000, 0x0000000706a00000| Untracked 
|  28|0x0000000706c00000, 0x0000000706c00000, 0x0000000706e00000|  0%| F|  |TAMS 0x0000000706c00000, 0x0000000706c00000| Untracked 
|  29|0x0000000706e00000, 0x0000000706e00000, 0x0000000707000000|  0%| F|  |TAMS 0x0000000706e00000, 0x0000000706e00000| Untracked 
|  30|0x0000000707000000, 0x0000000707000000, 0x0000000707200000|  0%| F|  |TAMS 0x0000000707000000, 0x0000000707000000| Untracked 
|  31|0x0000000707200000, 0x0000000707200000, 0x0000000707400000|  0%| F|  |TAMS 0x0000000707200000, 0x0000000707200000| Untracked 
|  32|0x0000000707400000, 0x0000000707400000, 0x0000000707600000|  0%| F|  |TAMS 0x0000000707400000, 0x0000000707400000| Untracked 
|  33|0x0000000707600000, 0x0000000707600000, 0x0000000707800000|  0%| F|  |TAMS 0x0000000707600000, 0x0000000707600000| Untracked 
|  34|0x0000000707800000, 0x0000000707800000, 0x0000000707a00000|  0%| F|  |TAMS 0x0000000707800000, 0x0000000707800000| Untracked 
|  35|0x0000000707a00000, 0x0000000707a00000, 0x0000000707c00000|  0%| F|  |TAMS 0x0000000707a00000, 0x0000000707a00000| Untracked 
|  36|0x0000000707c00000, 0x0000000707c00000, 0x0000000707e00000|  0%| F|  |TAMS 0x0000000707c00000, 0x0000000707c00000| Untracked 
|  37|0x0000000707e00000, 0x0000000707e00000, 0x0000000708000000|  0%| F|  |TAMS 0x0000000707e00000, 0x0000000707e00000| Untracked 
|  38|0x0000000708000000, 0x0000000708000000, 0x0000000708200000|  0%| F|  |TAMS 0x0000000708000000, 0x0000000708000000| Untracked 
|  39|0x0000000708200000, 0x0000000708200000, 0x0000000708400000|  0%| F|  |TAMS 0x0000000708200000, 0x0000000708200000| Untracked 
|  40|0x0000000708400000, 0x0000000708400000, 0x0000000708600000|  0%| F|  |TAMS 0x0000000708400000, 0x0000000708400000| Untracked 
|  41|0x0000000708600000, 0x0000000708600000, 0x0000000708800000|  0%| F|  |TAMS 0x0000000708600000, 0x0000000708600000| Untracked 
|  42|0x0000000708800000, 0x0000000708800000, 0x0000000708a00000|  0%| F|  |TAMS 0x0000000708800000, 0x0000000708800000| Untracked 
|  43|0x0000000708a00000, 0x0000000708a00000, 0x0000000708c00000|  0%| F|  |TAMS 0x0000000708a00000, 0x0000000708a00000| Untracked 
|  44|0x0000000708c00000, 0x0000000708c00000, 0x0000000708e00000|  0%| F|  |TAMS 0x0000000708c00000, 0x0000000708c00000| Untracked 
|  45|0x0000000708e00000, 0x0000000708e00000, 0x0000000709000000|  0%| F|  |TAMS 0x0000000708e00000, 0x0000000708e00000| Untracked 
|  46|0x0000000709000000, 0x0000000709000000, 0x0000000709200000|  0%| F|  |TAMS 0x0000000709000000, 0x0000000709000000| Untracked 
|  47|0x0000000709200000, 0x0000000709200000, 0x0000000709400000|  0%| F|  |TAMS 0x0000000709200000, 0x0000000709200000| Untracked 
|  48|0x0000000709400000, 0x0000000709400000, 0x0000000709600000|  0%| F|  |TAMS 0x0000000709400000, 0x0000000709400000| Untracked 
|  49|0x0000000709600000, 0x0000000709600000, 0x0000000709800000|  0%| F|  |TAMS 0x0000000709600000, 0x0000000709600000| Untracked 
|  50|0x0000000709800000, 0x0000000709800000, 0x0000000709a00000|  0%| F|  |TAMS 0x0000000709800000, 0x0000000709800000| Untracked 
|  51|0x0000000709a00000, 0x0000000709a00000, 0x0000000709c00000|  0%| F|  |TAMS 0x0000000709a00000, 0x0000000709a00000| Untracked 
|  52|0x0000000709c00000, 0x0000000709c00000, 0x0000000709e00000|  0%| F|  |TAMS 0x0000000709c00000, 0x0000000709c00000| Untracked 
|  53|0x0000000709e00000, 0x0000000709e00000, 0x000000070a000000|  0%| F|  |TAMS 0x0000000709e00000, 0x0000000709e00000| Untracked 
|  54|0x000000070a000000, 0x000000070a000000, 0x000000070a200000|  0%| F|  |TAMS 0x000000070a000000, 0x000000070a000000| Untracked 
|  55|0x000000070a200000, 0x000000070a200000, 0x000000070a400000|  0%| F|  |TAMS 0x000000070a200000, 0x000000070a200000| Untracked 
|  56|0x000000070a400000, 0x000000070a400000, 0x000000070a600000|  0%| F|  |TAMS 0x000000070a400000, 0x000000070a400000| Untracked 
|  57|0x000000070a600000, 0x000000070a600000, 0x000000070a800000|  0%| F|  |TAMS 0x000000070a600000, 0x000000070a600000| Untracked 
|  58|0x000000070a800000, 0x000000070a800000, 0x000000070aa00000|  0%| F|  |TAMS 0x000000070a800000, 0x000000070a800000| Untracked 
|  59|0x000000070aa00000, 0x000000070aa00000, 0x000000070ac00000|  0%| F|  |TAMS 0x000000070aa00000, 0x000000070aa00000| Untracked 
|  60|0x000000070ac00000, 0x000000070ac00000, 0x000000070ae00000|  0%| F|  |TAMS 0x000000070ac00000, 0x000000070ac00000| Untracked 
|  61|0x000000070ae00000, 0x000000070ae00000, 0x000000070b000000|  0%| F|  |TAMS 0x000000070ae00000, 0x000000070ae00000| Untracked 
|  62|0x000000070b000000, 0x000000070b000000, 0x000000070b200000|  0%| F|  |TAMS 0x000000070b000000, 0x000000070b000000| Untracked 
|  63|0x000000070b200000, 0x000000070b200000, 0x000000070b400000|  0%| F|  |TAMS 0x000000070b200000, 0x000000070b200000| Untracked 
|  64|0x000000070b400000, 0x000000070b400000, 0x000000070b600000|  0%| F|  |TAMS 0x000000070b400000, 0x000000070b400000| Untracked 
|  65|0x000000070b600000, 0x000000070b600000, 0x000000070b800000|  0%| F|  |TAMS 0x000000070b600000, 0x000000070b600000| Untracked 
|  66|0x000000070b800000, 0x000000070b800000, 0x000000070ba00000|  0%| F|  |TAMS 0x000000070b800000, 0x000000070b800000| Untracked 
|  67|0x000000070ba00000, 0x000000070ba00000, 0x000000070bc00000|  0%| F|  |TAMS 0x000000070ba00000, 0x000000070ba00000| Untracked 
|  68|0x000000070bc00000, 0x000000070bc00000, 0x000000070be00000|  0%| F|  |TAMS 0x000000070bc00000, 0x000000070bc00000| Untracked 
|  69|0x000000070be00000, 0x000000070be00000, 0x000000070c000000|  0%| F|  |TAMS 0x000000070be00000, 0x000000070be00000| Untracked 
|  70|0x000000070c000000, 0x000000070c000000, 0x000000070c200000|  0%| F|  |TAMS 0x000000070c000000, 0x000000070c000000| Untracked 
|  71|0x000000070c200000, 0x000000070c200000, 0x000000070c400000|  0%| F|  |TAMS 0x000000070c200000, 0x000000070c200000| Untracked 
|  72|0x000000070c400000, 0x000000070c400000, 0x000000070c600000|  0%| F|  |TAMS 0x000000070c400000, 0x000000070c400000| Untracked 
|  73|0x000000070c600000, 0x000000070c600000, 0x000000070c800000|  0%| F|  |TAMS 0x000000070c600000, 0x000000070c600000| Untracked 
|  74|0x000000070c800000, 0x000000070c800000, 0x000000070ca00000|  0%| F|  |TAMS 0x000000070c800000, 0x000000070c800000| Untracked 
|  75|0x000000070ca00000, 0x000000070ca00000, 0x000000070cc00000|  0%| F|  |TAMS 0x000000070ca00000, 0x000000070ca00000| Untracked 
|  76|0x000000070cc00000, 0x000000070cc00000, 0x000000070ce00000|  0%| F|  |TAMS 0x000000070cc00000, 0x000000070cc00000| Untracked 
|  77|0x000000070ce00000, 0x000000070ce00000, 0x000000070d000000|  0%| F|  |TAMS 0x000000070ce00000, 0x000000070ce00000| Untracked 
|  78|0x000000070d000000, 0x000000070d000000, 0x000000070d200000|  0%| F|  |TAMS 0x000000070d000000, 0x000000070d000000| Untracked 
|  79|0x000000070d200000, 0x000000070d200000, 0x000000070d400000|  0%| F|  |TAMS 0x000000070d200000, 0x000000070d200000| Untracked 
|  80|0x000000070d400000, 0x000000070d400000, 0x000000070d600000|  0%| F|  |TAMS 0x000000070d400000, 0x000000070d400000| Untracked 
|  81|0x000000070d600000, 0x000000070d600000, 0x000000070d800000|  0%| F|  |TAMS 0x000000070d600000, 0x000000070d600000| Untracked 
|  82|0x000000070d800000, 0x000000070d800000, 0x000000070da00000|  0%| F|  |TAMS 0x000000070d800000, 0x000000070d800000| Untracked 
|  83|0x000000070da00000, 0x000000070da00000, 0x000000070dc00000|  0%| F|  |TAMS 0x000000070da00000, 0x000000070da00000| Untracked 
|  84|0x000000070dc00000, 0x000000070dc00000, 0x000000070de00000|  0%| F|  |TAMS 0x000000070dc00000, 0x000000070dc00000| Untracked 
|  85|0x000000070de00000, 0x000000070de00000, 0x000000070e000000|  0%| F|  |TAMS 0x000000070de00000, 0x000000070de00000| Untracked 
|  86|0x000000070e000000, 0x000000070e000000, 0x000000070e200000|  0%| F|  |TAMS 0x000000070e000000, 0x000000070e000000| Untracked 
|  87|0x000000070e200000, 0x000000070e200000, 0x000000070e400000|  0%| F|  |TAMS 0x000000070e200000, 0x000000070e200000| Untracked 
|  88|0x000000070e400000, 0x000000070e400000, 0x000000070e600000|  0%| F|  |TAMS 0x000000070e400000, 0x000000070e400000| Untracked 
|  89|0x000000070e600000, 0x000000070e600000, 0x000000070e800000|  0%| F|  |TAMS 0x000000070e600000, 0x000000070e600000| Untracked 
|  90|0x000000070e800000, 0x000000070e800000, 0x000000070ea00000|  0%| F|  |TAMS 0x000000070e800000, 0x000000070e800000| Untracked 
|  91|0x000000070ea00000, 0x000000070ea00000, 0x000000070ec00000|  0%| F|  |TAMS 0x000000070ea00000, 0x000000070ea00000| Untracked 
|  92|0x000000070ec00000, 0x000000070ec00000, 0x000000070ee00000|  0%| F|  |TAMS 0x000000070ec00000, 0x000000070ec00000| Untracked 
|  93|0x000000070ee00000, 0x000000070ee00000, 0x000000070f000000|  0%| F|  |TAMS 0x000000070ee00000, 0x000000070ee00000| Untracked 
|  94|0x000000070f000000, 0x000000070f000000, 0x000000070f200000|  0%| F|  |TAMS 0x000000070f000000, 0x000000070f000000| Untracked 
|  95|0x000000070f200000, 0x000000070f200000, 0x000000070f400000|  0%| F|  |TAMS 0x000000070f200000, 0x000000070f200000| Untracked 
|  96|0x000000070f400000, 0x000000070f400000, 0x000000070f600000|  0%| F|  |TAMS 0x000000070f400000, 0x000000070f400000| Untracked 
|  97|0x000000070f600000, 0x000000070f600000, 0x000000070f800000|  0%| F|  |TAMS 0x000000070f600000, 0x000000070f600000| Untracked 
|  98|0x000000070f800000, 0x000000070f800000, 0x000000070fa00000|  0%| F|  |TAMS 0x000000070f800000, 0x000000070f800000| Untracked 
|  99|0x000000070fa00000, 0x000000070fa00000, 0x000000070fc00000|  0%| F|  |TAMS 0x000000070fa00000, 0x000000070fa00000| Untracked 
| 100|0x000000070fc00000, 0x000000070fc00000, 0x000000070fe00000|  0%| F|  |TAMS 0x000000070fc00000, 0x000000070fc00000| Untracked 
| 101|0x000000070fe00000, 0x000000070fe00000, 0x0000000710000000|  0%| F|  |TAMS 0x000000070fe00000, 0x000000070fe00000| Untracked 
| 102|0x0000000710000000, 0x0000000710000000, 0x0000000710200000|  0%| F|  |TAMS 0x0000000710000000, 0x0000000710000000| Untracked 
| 103|0x0000000710200000, 0x0000000710400000, 0x0000000710400000|100%| S|CS|TAMS 0x0000000710200000, 0x0000000710200000| Complete 
| 104|0x0000000710400000, 0x0000000710600000, 0x0000000710600000|100%| S|CS|TAMS 0x0000000710400000, 0x0000000710400000| Complete 
| 105|0x0000000710600000, 0x0000000710800000, 0x0000000710800000|100%| S|CS|TAMS 0x0000000710600000, 0x0000000710600000| Complete 
| 106|0x0000000710800000, 0x0000000710800000, 0x0000000710a00000|  0%| F|  |TAMS 0x0000000710800000, 0x0000000710800000| Untracked 
| 107|0x0000000710a00000, 0x0000000710a00000, 0x0000000710c00000|  0%| F|  |TAMS 0x0000000710a00000, 0x0000000710a00000| Untracked 
| 108|0x0000000710c00000, 0x0000000710c00000, 0x0000000710e00000|  0%| F|  |TAMS 0x0000000710c00000, 0x0000000710c00000| Untracked 
| 109|0x0000000710e00000, 0x0000000710e00000, 0x0000000711000000|  0%| F|  |TAMS 0x0000000710e00000, 0x0000000710e00000| Untracked 
| 110|0x0000000711000000, 0x0000000711000000, 0x0000000711200000|  0%| F|  |TAMS 0x0000000711000000, 0x0000000711000000| Untracked 
| 111|0x0000000711200000, 0x0000000711200000, 0x0000000711400000|  0%| F|  |TAMS 0x0000000711200000, 0x0000000711200000| Untracked 
| 112|0x0000000711400000, 0x0000000711400000, 0x0000000711600000|  0%| F|  |TAMS 0x0000000711400000, 0x0000000711400000| Untracked 
| 113|0x0000000711600000, 0x0000000711600000, 0x0000000711800000|  0%| F|  |TAMS 0x0000000711600000, 0x0000000711600000| Untracked 
| 114|0x0000000711800000, 0x0000000711800000, 0x0000000711a00000|  0%| F|  |TAMS 0x0000000711800000, 0x0000000711800000| Untracked 
| 115|0x0000000711a00000, 0x0000000711a00000, 0x0000000711c00000|  0%| F|  |TAMS 0x0000000711a00000, 0x0000000711a00000| Untracked 
| 116|0x0000000711c00000, 0x0000000711c00000, 0x0000000711e00000|  0%| F|  |TAMS 0x0000000711c00000, 0x0000000711c00000| Untracked 
| 117|0x0000000711e00000, 0x0000000711e00000, 0x0000000712000000|  0%| F|  |TAMS 0x0000000711e00000, 0x0000000711e00000| Untracked 
| 118|0x0000000712000000, 0x0000000712000000, 0x0000000712200000|  0%| F|  |TAMS 0x0000000712000000, 0x0000000712000000| Untracked 
| 119|0x0000000712200000, 0x0000000712200000, 0x0000000712400000|  0%| F|  |TAMS 0x0000000712200000, 0x0000000712200000| Untracked 
| 120|0x0000000712400000, 0x0000000712400000, 0x0000000712600000|  0%| F|  |TAMS 0x0000000712400000, 0x0000000712400000| Untracked 
| 121|0x0000000712600000, 0x0000000712600000, 0x0000000712800000|  0%| F|  |TAMS 0x0000000712600000, 0x0000000712600000| Untracked 
| 122|0x0000000712800000, 0x0000000712800000, 0x0000000712a00000|  0%| F|  |TAMS 0x0000000712800000, 0x0000000712800000| Untracked 
| 123|0x0000000712a00000, 0x0000000712a00000, 0x0000000712c00000|  0%| F|  |TAMS 0x0000000712a00000, 0x0000000712a00000| Untracked 
| 124|0x0000000712c00000, 0x0000000712df34e8, 0x0000000712e00000| 97%| E|  |TAMS 0x0000000712c00000, 0x0000000712c00000| Complete 
| 125|0x0000000712e00000, 0x0000000713000000, 0x0000000713000000|100%| E|CS|TAMS 0x0000000712e00000, 0x0000000712e00000| Complete 
| 126|0x0000000713000000, 0x0000000713200000, 0x0000000713200000|100%| E|CS|TAMS 0x0000000713000000, 0x0000000713000000| Complete 

Card table byte_map: [0x0000018ec03c0000,0x0000018ec0bb0000] _byte_map_base: 0x0000018ebcba6000

Marking Bits (Prev, Next): (CMBitMap*) 0x0000018ea8118220, (CMBitMap*) 0x0000018ea8118260
 Prev Bits: [0x0000018ec13a0000, 0x0000018ec52d0000)
 Next Bits: [0x0000018ec52d0000, 0x0000018ec9200000)

Polling page: 0x0000018ea6820000

Metaspace:

Usage:
  Non-class:     11.78 MB used.
      Class:      1.85 MB used.
       Both:     13.63 MB used.

Virtual space:
  Non-class space:       64.00 MB reserved,      11.88 MB ( 19%) committed,  1 nodes.
      Class space:        1.00 GB reserved,       1.94 MB ( <1%) committed,  1 nodes.
             Both:        1.06 GB reserved,      13.81 MB (  1%) committed. 

Chunk freelists:
   Non-Class:  2.95 MB
       Class:  14.08 MB
        Both:  17.03 MB

MaxMetaspaceSize: unlimited
CompressedClassSpaceSize: 1.00 GB
Initial GC threshold: 21.00 MB
Current GC threshold: 21.00 MB
CDS: on
MetaspaceReclaimPolicy: balanced
 - commit_granule_bytes: 65536.
 - commit_granule_words: 8192.
 - virtual_space_node_default_size: 8388608.
 - enlarge_chunks_in_place: 1.
 - new_chunks_are_fully_committed: 0.
 - uncommit_free_chunks: 1.
 - use_allocation_guard: 0.
 - handle_deallocations: 1.


Internal statistics:

num_allocs_failed_limit: 0.
num_arena_births: 176.
num_arena_deaths: 0.
num_vsnodes_births: 2.
num_vsnodes_deaths: 0.
num_space_committed: 221.
num_space_uncommitted: 0.
num_chunks_returned_to_freelist: 0.
num_chunks_taken_from_freelist: 652.
num_chunk_merges: 0.
num_chunk_splits: 464.
num_chunks_enlarged: 375.
num_inconsistent_stats: 0.

CodeHeap 'non-profiled nmethods': size=119168Kb used=1519Kb max_used=1519Kb free=117648Kb
 bounds [0x0000018eb77c0000, 0x0000018eb7a30000, 0x0000018ebec20000]
CodeHeap 'profiled nmethods': size=119104Kb used=6738Kb max_used=6738Kb free=112365Kb
 bounds [0x0000018eafc20000, 0x0000018eb02c0000, 0x0000018eb7070000]
CodeHeap 'non-nmethods': size=7488Kb used=2535Kb max_used=3196Kb free=4952Kb
 bounds [0x0000018eb7070000, 0x0000018eb73a0000, 0x0000018eb77c0000]
 total_blobs=4141 nmethods=3375 adapters=674
 compilation: enabled
              stopped_count=0, restarted_count=0
 full_count=0

Compilation events (20 events):
Event: 20.025 Thread 0x0000018ecc315590 nmethod 3363 0x0000018eb02b1190 code [0x0000018eb02b1340, 0x0000018eb02b1638]
Event: 20.025 Thread 0x0000018f1281af90 nmethod 3365 0x0000018eb02b1790 code [0x0000018eb02b1980, 0x0000018eb02b2178]
Event: 20.026 Thread 0x0000018ecc313c70 nmethod 3369 0x0000018eb793a390 code [0x0000018eb793a520, 0x0000018eb793a628]
Event: 20.092 Thread 0x0000018f1281af90 3371       3       java.lang.invoke.DirectMethodHandle::shouldBeInitialized (127 bytes)
Event: 20.092 Thread 0x0000018f186d7d80 3372       3       java.lang.reflect.Constructor::setConstructorAccessor (21 bytes)
Event: 20.092 Thread 0x0000018f186d7d80 nmethod 3372 0x0000018eb02b2310 code [0x0000018eb02b24c0, 0x0000018eb02b27a8]
Event: 20.093 Thread 0x0000018f1281af90 nmethod 3371 0x0000018eb02b2890 code [0x0000018eb02b2b20, 0x0000018eb02b34b8]
Event: 20.097 Thread 0x0000018ecc315590 3373   !   3       javafx.scene.Node::sceneToLocal (13 bytes)
Event: 20.097 Thread 0x0000018ecc315590 nmethod 3373 0x0000018eb02b3790 code [0x0000018eb02b3940, 0x0000018eb02b3ac8]
Event: 20.108 Thread 0x0000018ecc315590 3374       3       com.sun.glass.ui.View::checkNotClosed (20 bytes)
Event: 20.108 Thread 0x0000018ecc315590 nmethod 3374 0x0000018eb02b3b90 code [0x0000018eb02b3d40, 0x0000018eb02b3f68]
Event: 20.109 Thread 0x0000018ecc315590 3375       3       jdk.internal.misc.VM::isModuleSystemInited (13 bytes)
Event: 20.109 Thread 0x0000018ecc315590 nmethod 3375 0x0000018eb02b4090 code [0x0000018eb02b4240, 0x0000018eb02b43f8]
Event: 20.109 Thread 0x0000018ecc313c70 3376       4       java.lang.StringBuilder::<init> (7 bytes)
Event: 20.109 Thread 0x0000018ecc315590 3378       3       java.lang.String::valueOf (15 bytes)
Event: 20.109 Thread 0x0000018ecc315590 nmethod 3378 0x0000018eb02b4490 code [0x0000018eb02b4640, 0x0000018eb02b4848]
Event: 20.110 Thread 0x0000018ecc313c70 nmethod 3376 0x0000018eb793a710 code [0x0000018eb793a8a0, 0x0000018eb793aa78]
Event: 20.110 Thread 0x0000018ecc313c70 3379       4       java.lang.StringLatin1::inflate (34 bytes)
Event: 20.113 Thread 0x0000018ecc313c70 nmethod 3379 0x0000018eb793ab10 code [0x0000018eb793aca0, 0x0000018eb793afb8]
Event: 20.113 Thread 0x0000018ecc313c70 3377       4       java.lang.StringBuilder::append (8 bytes)

GC Heap History (4 events):
Event: 0.371 GC heap before
{Heap before GC invocations=0 (full 0):
 garbage-first heap   total 260096K, used 22528K [0x0000000703400000, 0x0000000800000000)
  region size 2048K, 11 young (22528K), 0 survivors (0K)
 Metaspace       used 4857K, committed 5056K, reserved 1114112K
  class space    used 620K, committed 768K, reserved 1048576K
}
Event: 0.373 GC heap after
{Heap after GC invocations=1 (full 0):
 garbage-first heap   total 260096K, used 2741K [0x0000000703400000, 0x0000000800000000)
  region size 2048K, 2 young (4096K), 2 survivors (4096K)
 Metaspace       used 4857K, committed 5056K, reserved 1114112K
  class space    used 620K, committed 768K, reserved 1048576K
}
Event: 17.608 GC heap before
{Heap before GC invocations=1 (full 0):
 garbage-first heap   total 260096K, used 41653K [0x0000000703400000, 0x0000000800000000)
  region size 2048K, 21 young (43008K), 2 survivors (4096K)
 Metaspace       used 13810K, committed 14016K, reserved 1114112K
  class space    used 1877K, committed 1984K, reserved 1048576K
}
Event: 17.614 GC heap after
{Heap after GC invocations=2 (full 0):
 garbage-first heap   total 260096K, used 8223K [0x0000000703400000, 0x0000000800000000)
  region size 2048K, 3 young (6144K), 3 survivors (6144K)
 Metaspace       used 13810K, committed 14016K, reserved 1114112K
  class space    used 1877K, committed 1984K, reserved 1048576K
}

Dll operation events (20 events):
Event: 0.178 Loaded shared library C:\Program Files\Eclipse Adoptium\jdk-17.0.16.8-hotspot\bin\api-ms-win-crt-filesystem-l1-1-0.dll
Event: 0.179 Loaded shared library C:\Program Files\Eclipse Adoptium\jdk-17.0.16.8-hotspot\bin\api-ms-win-crt-heap-l1-1-0.dll
Event: 0.180 Loaded shared library C:\Program Files\Eclipse Adoptium\jdk-17.0.16.8-hotspot\bin\api-ms-win-crt-locale-l1-1-0.dll
Event: 0.182 Loaded shared library C:\Program Files\Eclipse Adoptium\jdk-17.0.16.8-hotspot\bin\api-ms-win-crt-math-l1-1-0.dll
Event: 0.183 Loaded shared library C:\Program Files\Eclipse Adoptium\jdk-17.0.16.8-hotspot\bin\api-ms-win-crt-multibyte-l1-1-0.dll
Event: 0.184 Loaded shared library C:\Program Files\Eclipse Adoptium\jdk-17.0.16.8-hotspot\bin\api-ms-win-crt-private-l1-1-0.dll
Event: 0.185 Loaded shared library C:\Program Files\Eclipse Adoptium\jdk-17.0.16.8-hotspot\bin\api-ms-win-crt-process-l1-1-0.dll
Event: 0.187 Loaded shared library C:\Program Files\Eclipse Adoptium\jdk-17.0.16.8-hotspot\bin\api-ms-win-crt-runtime-l1-1-0.dll
Event: 0.188 Loaded shared library C:\Program Files\Eclipse Adoptium\jdk-17.0.16.8-hotspot\bin\api-ms-win-crt-stdio-l1-1-0.dll
Event: 0.189 Loaded shared library C:\Program Files\Eclipse Adoptium\jdk-17.0.16.8-hotspot\bin\api-ms-win-crt-string-l1-1-0.dll
Event: 0.191 Loaded shared library C:\Program Files\Eclipse Adoptium\jdk-17.0.16.8-hotspot\bin\api-ms-win-crt-time-l1-1-0.dll
Event: 0.192 Loaded shared library C:\Program Files\Eclipse Adoptium\jdk-17.0.16.8-hotspot\bin\api-ms-win-crt-utility-l1-1-0.dll
Event: 0.193 Loaded shared library C:\Program Files\Eclipse Adoptium\jdk-17.0.16.8-hotspot\bin\ucrtbase.dll
Event: 0.194 Loaded shared library C:\Program Files\Eclipse Adoptium\jdk-17.0.16.8-hotspot\bin\vcruntime140.dll
Event: 0.195 Loaded shared library C:\Program Files\Eclipse Adoptium\jdk-17.0.16.8-hotspot\bin\msvcp140.dll
Event: 0.196 Loaded shared library C:\Windows\System32\concrt140.dll
Event: 0.247 Loaded shared library C:\Users\emile\.openjfx\cache\12.0.1\prism_d3d.dll
Event: 0.281 Loaded shared library C:\Users\emile\.openjfx\cache\12.0.1\glass.dll
Event: 0.390 Loaded shared library C:\Users\emile\.openjfx\cache\12.0.1\javafx_font.dll
Event: 0.453 Loaded shared library C:\Program Files\Eclipse Adoptium\jdk-17.0.16.8-hotspot\bin\jimage.dll

Deoptimization events (20 events):
Event: 18.483 Thread 0x0000018ecce256c0 Uncommon trap: trap_request=0xffffffbe fr.pc=0x0000018eb78fd238 relative=0x0000000000001a38
Event: 18.483 Thread 0x0000018ecce256c0 Uncommon trap: reason=profile_predicate action=maybe_recompile pc=0x0000018eb78fd238 method=javafx.css.CompoundSelector.applies(Ljavafx/css/Styleable;I[Ljava/util/Set;I)Z @ 103 c2
Event: 18.483 Thread 0x0000018ecce256c0 DEOPT PACKING pc=0x0000018eb78fd238 sp=0x0000001c58afc590
Event: 18.483 Thread 0x0000018ecce256c0 DEOPT UNPACKING pc=0x0000018eb70c69a3 sp=0x0000001c58afc580 mode 2
Event: 18.483 Thread 0x0000018ecce256c0 Uncommon trap: trap_request=0xffffffbe fr.pc=0x0000018eb78fd238 relative=0x0000000000001a38
Event: 18.483 Thread 0x0000018ecce256c0 Uncommon trap: reason=profile_predicate action=maybe_recompile pc=0x0000018eb78fd238 method=javafx.css.CompoundSelector.applies(Ljavafx/css/Styleable;I[Ljava/util/Set;I)Z @ 103 c2
Event: 18.483 Thread 0x0000018ecce256c0 DEOPT PACKING pc=0x0000018eb78fd238 sp=0x0000001c58afc360
Event: 18.483 Thread 0x0000018ecce256c0 DEOPT UNPACKING pc=0x0000018eb70c69a3 sp=0x0000001c58afc350 mode 2
Event: 18.483 Thread 0x0000018ecce256c0 Uncommon trap: trap_request=0xffffffbe fr.pc=0x0000018eb78fd238 relative=0x0000000000001a38
Event: 18.483 Thread 0x0000018ecce256c0 Uncommon trap: reason=profile_predicate action=maybe_recompile pc=0x0000018eb78fd238 method=javafx.css.CompoundSelector.applies(Ljavafx/css/Styleable;I[Ljava/util/Set;I)Z @ 103 c2
Event: 18.483 Thread 0x0000018ecce256c0 DEOPT PACKING pc=0x0000018eb78fd238 sp=0x0000001c58afc360
Event: 18.483 Thread 0x0000018ecce256c0 DEOPT UNPACKING pc=0x0000018eb70c69a3 sp=0x0000001c58afc350 mode 2
Event: 18.487 Thread 0x0000018ecce256c0 Uncommon trap: trap_request=0xffffff45 fr.pc=0x0000018eb78aefb4 relative=0x0000000000000c54
Event: 18.487 Thread 0x0000018ecce256c0 Uncommon trap: reason=unstable_if action=reinterpret pc=0x0000018eb78aefb4 method=javafx.scene.CssStyleHelper.lookup(Ljavafx/css/Styleable;Ljavafx/css/CssMetaData;Lcom/sun/javafx/css/StyleMap;Ljava/util/Set;Ljavafx/css/Styleable;Lcom/sun/javafx/css/Calcul
Event: 18.487 Thread 0x0000018ecce256c0 DEOPT PACKING pc=0x0000018eb78aefb4 sp=0x0000001c58afc9d0
Event: 18.487 Thread 0x0000018ecce256c0 DEOPT UNPACKING pc=0x0000018eb70c69a3 sp=0x0000001c58afc958 mode 2
Event: 18.487 Thread 0x0000018ecce256c0 Uncommon trap: trap_request=0xffffff45 fr.pc=0x0000018eb78ac218 relative=0x0000000000000758
Event: 18.487 Thread 0x0000018ecce256c0 Uncommon trap: reason=unstable_if action=reinterpret pc=0x0000018eb78ac218 method=com.sun.javafx.css.ParsedValueImpl.containsFontRelativeSize(Ljavafx/css/ParsedValue;Z)Z @ 56 c2
Event: 18.487 Thread 0x0000018ecce256c0 DEOPT PACKING pc=0x0000018eb78ac218 sp=0x0000001c58afc060
Event: 18.487 Thread 0x0000018ecce256c0 DEOPT UNPACKING pc=0x0000018eb70c69a3 sp=0x0000001c58afbfe8 mode 2

Classes loaded (20 events):
Event: 4.370 Loading class java/lang/FdLibm$Cbrt
Event: 4.370 Loading class java/lang/FdLibm$Cbrt done
Event: 4.370 Loading class java/lang/FdLibm
Event: 4.370 Loading class java/lang/FdLibm done
Event: 4.893 Loading class java/util/stream/MatchOps$MatchKind
Event: 4.893 Loading class java/util/stream/MatchOps$MatchKind done
Event: 4.893 Loading class java/util/stream/MatchOps
Event: 4.893 Loading class java/util/stream/MatchOps done
Event: 4.893 Loading class java/util/stream/MatchOps$MatchOp
Event: 4.893 Loading class java/util/stream/MatchOps$MatchOp done
Event: 4.893 Loading class java/util/stream/MatchOps$BooleanTerminalSink
Event: 4.893 Loading class java/util/stream/MatchOps$BooleanTerminalSink done
Event: 4.893 Loading class java/util/stream/MatchOps$1MatchSink
Event: 4.894 Loading class java/util/stream/MatchOps$1MatchSink done
Event: 20.094 Loading class java/util/LinkedList$ListItr
Event: 20.094 Loading class java/util/LinkedList$ListItr done
Event: 20.108 Loading class java/lang/Throwable$WrappedPrintStream
Event: 20.108 Loading class java/lang/Throwable$PrintStreamOrWriter
Event: 20.108 Loading class java/lang/Throwable$PrintStreamOrWriter done
Event: 20.109 Loading class java/lang/Throwable$WrappedPrintStream done

Classes unloaded (0 events):
No events

Classes redefined (0 events):
No events

Internal exceptions (20 events):
Event: 0.328 Thread 0x0000018ea80aa9a0 Exception <a 'java/lang/NoSuchMethodError'{0x0000000712084db0}: 'java.lang.Object java.lang.invoke.DirectMethodHandle$Holder.newInvokeSpecial(java.lang.Object, java.lang.Object, java.lang.Object, java.lang.Object, java.lang.Object)'> (0x0000000712084db0) 
thrown [s\src\hotspot\share\interpreter\linkResolver.cpp, line 759]
Event: 0.328 Thread 0x0000018f12578f90 Exception <a 'java/lang/NoSuchMethodError'{0x00000007120e7fc8}: 'void java.lang.invoke.DirectMethodHandle$Holder.invokeStatic(java.lang.Object, java.lang.Object, java.lang.Object, java.lang.Object)'> (0x00000007120e7fc8) 
thrown [s\src\hotspot\share\interpreter\linkResolver.cpp, line 759]
Event: 0.360 Thread 0x0000018ecce256c0 Exception <a 'java/lang/NoSuchMethodError'{0x0000000711cf1ad8}: 'java.lang.Object java.lang.invoke.DirectMethodHandle$Holder.invokeStaticInit(java.lang.Object, java.lang.Object, java.lang.Object, java.lang.Object)'> (0x0000000711cf1ad8) 
thrown [s\src\hotspot\share\interpreter\linkResolver.cpp, line 759]
Event: 0.361 Thread 0x0000018ecce256c0 Exception <a 'java/lang/NullPointerException'{0x0000000711cfd658}> (0x0000000711cfd658) 
thrown [s\src\hotspot\share\interpreter\linkResolver.cpp, line 1350]
Event: 0.362 Thread 0x0000018ecce256c0 Exception <a 'java/lang/NoSuchMethodError'{0x0000000711d25cd0}: 'void java.lang.invoke.DirectMethodHandle$Holder.invokeSpecial(java.lang.Object, java.lang.Object, java.lang.Object, java.lang.Object, java.lang.Object)'> (0x0000000711d25cd0) 
thrown [s\src\hotspot\share\interpreter\linkResolver.cpp, line 759]
Event: 0.432 Thread 0x0000018ecce256c0 Exception <a 'java/lang/NoSuchMethodError'{0x0000000712b02460}: 'void java.lang.invoke.DirectMethodHandle$Holder.invokeStaticInit(java.lang.Object, java.lang.Object)'> (0x0000000712b02460) 
thrown [s\src\hotspot\share\interpreter\linkResolver.cpp, line 759]
Event: 0.569 Thread 0x0000018ecce256c0 Exception <a 'java/lang/NoSuchMethodError'{0x00000007120e72a8}: 'java.lang.Object java.lang.invoke.DirectMethodHandle$Holder.invokeInterface(java.lang.Object, java.lang.Object, java.lang.Object)'> (0x00000007120e72a8) 
thrown [s\src\hotspot\share\interpreter\linkResolver.cpp, line 759]
Event: 0.569 Thread 0x0000018ecce256c0 Exception <a 'java/lang/IncompatibleClassChangeError'{0x00000007120eac30}: Found class java.lang.Object, but interface was expected> (0x00000007120eac30) 
thrown [s\src\hotspot\share\interpreter\linkResolver.cpp, line 826]
Event: 0.605 Thread 0x0000018ecce256c0 Exception <a 'java/lang/NoSuchMethodError'{0x0000000711e89e98}: 'java.lang.Object java.lang.invoke.DirectMethodHandle$Holder.newInvokeSpecial(java.lang.Object, java.lang.Object, int)'> (0x0000000711e89e98) 
thrown [s\src\hotspot\share\interpreter\linkResolver.cpp, line 759]
Event: 0.619 Thread 0x0000018ecc8314a0 Exception <a 'java/lang/NoSuchMethodError'{0x0000000711fd4910}: 'int java.lang.invoke.DirectMethodHandle$Holder.invokeStaticInit(java.lang.Object, java.lang.Object)'> (0x0000000711fd4910) 
thrown [s\src\hotspot\share\interpreter\linkResolver.cpp, line 759]
Event: 2.536 Thread 0x0000018ecce256c0 Exception <a 'java/lang/NoSuchMethodError'{0x0000000711459310}: 'long java.lang.invoke.DirectMethodHandle$Holder.invokeStatic(java.lang.Object, java.lang.Object, java.lang.Object)'> (0x0000000711459310) 
thrown [s\src\hotspot\share\interpreter\linkResolver.cpp, line 759]
Event: 2.536 Thread 0x0000018ecce256c0 Exception <a 'java/lang/NoSuchMethodError'{0x000000071145cab8}: 'long java.lang.invoke.DirectMethodHandle$Holder.invokeStaticInit(java.lang.Object, java.lang.Object, java.lang.Object)'> (0x000000071145cab8) 
thrown [s\src\hotspot\share\interpreter\linkResolver.cpp, line 759]
Event: 2.537 Thread 0x0000018ecce256c0 Exception <a 'java/lang/NoSuchMethodError'{0x0000000711474640}: 'java.lang.Object java.lang.invoke.DirectMethodHandle$Holder.newInvokeSpecial(java.lang.Object, java.lang.Object, long)'> (0x0000000711474640) 
thrown [s\src\hotspot\share\interpreter\linkResolver.cpp, line 759]
Event: 2.538 Thread 0x0000018ecce256c0 Exception <a 'java/lang/NoSuchMethodError'{0x00000007114781b0}: 'java.lang.Object java.lang.invoke.Invokers$Holder.linkToTargetMethod(java.lang.Object, long, java.lang.Object)'> (0x00000007114781b0) 
thrown [s\src\hotspot\share\interpreter\linkResolver.cpp, line 759]
Event: 2.623 Thread 0x0000018ecce256c0 Exception <a 'java/lang/NoSuchMethodError'{0x000000071137fc38}: 'void java.lang.invoke.DirectMethodHandle$Holder.invokeSpecialIFC(java.lang.Object, java.lang.Object, java.lang.Object, java.lang.Object)'> (0x000000071137fc38) 
thrown [s\src\hotspot\share\interpreter\linkResolver.cpp, line 759]
Event: 2.627 Thread 0x0000018ecce256c0 Exception <a 'java/lang/ClassNotFoundException'{0x00000007113d1cc8}: com/sun/javafx/scene/control/skin/resources/controls> (0x00000007113d1cc8) 
thrown [s\src\hotspot\share\prims\jni.cpp, line 535]
Event: 2.627 Thread 0x0000018ecce256c0 Exception <a 'java/lang/ClassNotFoundException'{0x00000007113dfaa8}: com/sun/javafx/scene/control/skin/resources/controls_fr> (0x00000007113dfaa8) 
thrown [s\src\hotspot\share\prims\jni.cpp, line 535]
Event: 2.628 Thread 0x0000018ecce256c0 Exception <a 'java/lang/ClassNotFoundException'{0x00000007113ef5a8}: com/sun/javafx/scene/control/skin/resources/controls_fr_FR> (0x00000007113ef5a8) 
thrown [s\src\hotspot\share\prims\jni.cpp, line 535]
Event: 2.647 Thread 0x0000018ecce256c0 Exception <a 'java/lang/NoSuchMethodError'{0x000000071118dc00}: 'int java.lang.invoke.DirectMethodHandle$Holder.invokeSpecial(java.lang.Object, java.lang.Object, int)'> (0x000000071118dc00) 
thrown [s\src\hotspot\share\interpreter\linkResolver.cpp, line 759]
Event: 3.891 Thread 0x0000018ecce256c0 Implicit null exception at 0x0000018eb7883c6f to 0x0000018eb7884464

VM Operations (20 events):
Event: 9.354 Executing VM operation: Cleanup
Event: 9.354 Executing VM operation: Cleanup done
Event: 10.354 Executing VM operation: Cleanup
Event: 10.354 Executing VM operation: Cleanup done
Event: 12.355 Executing VM operation: Cleanup
Event: 12.355 Executing VM operation: Cleanup done
Event: 13.356 Executing VM operation: Cleanup
Event: 13.356 Executing VM operation: Cleanup done
Event: 14.356 Executing VM operation: Cleanup
Event: 14.356 Executing VM operation: Cleanup done
Event: 15.357 Executing VM operation: Cleanup
Event: 15.357 Executing VM operation: Cleanup done
Event: 16.358 Executing VM operation: Cleanup
Event: 16.358 Executing VM operation: Cleanup done
Event: 17.359 Executing VM operation: Cleanup
Event: 17.359 Executing VM operation: Cleanup done
Event: 17.608 Executing VM operation: G1CollectForAllocation
Event: 17.614 Executing VM operation: G1CollectForAllocation done
Event: 19.616 Executing VM operation: Cleanup
Event: 19.616 Executing VM operation: Cleanup done

Memory protections (0 events):
No events

Nmethod flushes (0 events):
No events

Events (20 events):
Event: 3.429 Thread 0x0000018f1288da50 Thread exited: 0x0000018f1288da50
Event: 3.894 Thread 0x0000018ecc4a9780 Thread added: 0x0000018f12a49440
Event: 4.362 Thread 0x0000018f12a49440 Thread exited: 0x0000018f12a49440
Event: 6.583 Thread 0x0000018ecc4a9780 Thread exited: 0x0000018ecc4a9780
Event: 6.583 Thread 0x0000018ecc4a9260 Thread exited: 0x0000018ecc4a9260
Event: 6.583 Thread 0x0000018ecc3ce460 Thread exited: 0x0000018ecc3ce460
Event: 8.248 Thread 0x0000018ecc315590 Thread added: 0x0000018f12aaff10
Event: 8.248 Thread 0x0000018ecc315590 Thread added: 0x0000018f12ab0430
Event: 8.248 Thread 0x0000018ecc315590 Thread added: 0x0000018f12ab0950
Event: 9.974 Thread 0x0000018f12ab0950 Thread exited: 0x0000018f12ab0950
Event: 10.566 Thread 0x0000018f12ab0430 Thread exited: 0x0000018f12ab0430
Event: 11.967 Thread 0x0000018f12aaff10 Thread exited: 0x0000018f12aaff10
Event: 12.711 Thread 0x0000018ecc315590 Thread added: 0x0000018f12aaff10
Event: 14.301 Thread 0x0000018f12aaff10 Thread exited: 0x0000018f12aaff10
Event: 15.208 Thread 0x0000018ecc315590 Thread added: 0x0000018f12aaff10
Event: 16.159 Thread 0x0000018f12aaff10 Thread exited: 0x0000018f12aaff10
Event: 16.234 Thread 0x0000018ecc315590 Thread added: 0x0000018f12aaff10
Event: 16.793 Thread 0x0000018f12aaff10 Thread exited: 0x0000018f12aaff10
Event: 17.615 Thread 0x0000018ecc315590 Thread added: 0x0000018f1281af90
Event: 17.615 Thread 0x0000018ecc315590 Thread added: 0x0000018f186d7d80


Dynamic libraries:
0x00007ff673410000 - 0x00007ff67341e000 	C:\Program Files\Eclipse Adoptium\jdk-17.0.16.8-hotspot\bin\java.exe
0x00007ffd71fc0000 - 0x00007ffd72225000 	C:\WINDOWS\SYSTEM32\ntdll.dll
0x00007ffd70400000 - 0x00007ffd704c9000 	C:\WINDOWS\System32\KERNEL32.DLL
0x00007ffd6f110000 - 0x00007ffd6f4f8000 	C:\WINDOWS\System32\KERNELBASE.dll
0x00007ffd6f850000 - 0x00007ffd6f99b000 	C:\WINDOWS\System32\ucrtbase.dll
0x00007ffd55c10000 - 0x00007ffd55c27000 	C:\Program Files\Eclipse Adoptium\jdk-17.0.16.8-hotspot\bin\jli.dll
0x00007ffd4d030000 - 0x00007ffd4d04e000 	C:\Program Files\Eclipse Adoptium\jdk-17.0.16.8-hotspot\bin\VCRUNTIME140.dll
0x00007ffd70e70000 - 0x00007ffd7103a000 	C:\WINDOWS\System32\USER32.dll
0x00007ffd5bca0000 - 0x00007ffd5bf3a000 	C:\WINDOWS\WinSxS\amd64_microsoft.windows.common-controls_6595b64144ccf1df_6.0.26100.4202_none_3e0698d4e335f517\COMCTL32.dll
0x00007ffd6fd30000 - 0x00007ffd6fd57000 	C:\WINDOWS\System32\win32u.dll
0x00007ffd71040000 - 0x00007ffd710e9000 	C:\WINDOWS\System32\msvcrt.dll
0x00007ffd70e40000 - 0x00007ffd70e6b000 	C:\WINDOWS\System32\GDI32.dll
0x00007ffd6f710000 - 0x00007ffd6f847000 	C:\WINDOWS\System32\gdi32full.dll
0x00007ffd6f5c0000 - 0x00007ffd6f663000 	C:\WINDOWS\System32\msvcp_win.dll
0x00007ffd71850000 - 0x00007ffd71880000 	C:\WINDOWS\System32\IMM32.DLL
0x00007ffd4d540000 - 0x00007ffd4d54c000 	C:\Program Files\Eclipse Adoptium\jdk-17.0.16.8-hotspot\bin\vcruntime140_1.dll
0x00007ffd3c7b0000 - 0x00007ffd3c83d000 	C:\Program Files\Eclipse Adoptium\jdk-17.0.16.8-hotspot\bin\msvcp140.dll
0x00007ffcbf490000 - 0x00007ffcc00fb000 	C:\Program Files\Eclipse Adoptium\jdk-17.0.16.8-hotspot\bin\server\jvm.dll
0x00007ffd71890000 - 0x00007ffd71943000 	C:\WINDOWS\System32\ADVAPI32.dll
0x00007ffd6fe40000 - 0x00007ffd6fee6000 	C:\WINDOWS\System32\sechost.dll
0x00007ffd71e60000 - 0x00007ffd71f75000 	C:\WINDOWS\System32\RPCRT4.dll
0x00007ffd70a70000 - 0x00007ffd70ae4000 	C:\WINDOWS\System32\WS2_32.dll
0x00007ffd6dd50000 - 0x00007ffd6ddae000 	C:\WINDOWS\SYSTEM32\POWRPROF.dll
0x00007ffd62350000 - 0x00007ffd62385000 	C:\WINDOWS\SYSTEM32\WINMM.dll
0x00007ffd68080000 - 0x00007ffd6808b000 	C:\WINDOWS\SYSTEM32\VERSION.dll
0x00007ffd6dd30000 - 0x00007ffd6dd44000 	C:\WINDOWS\SYSTEM32\UMPDC.dll
0x00007ffd6dff0000 - 0x00007ffd6e00b000 	C:\WINDOWS\SYSTEM32\kernel.appcore.dll
0x00007ffd479a0000 - 0x00007ffd479aa000 	C:\Program Files\Eclipse Adoptium\jdk-17.0.16.8-hotspot\bin\jimage.dll
0x00007ffd6ca30000 - 0x00007ffd6cc71000 	C:\WINDOWS\SYSTEM32\DBGHELP.DLL
0x00007ffd70070000 - 0x00007ffd703f5000 	C:\WINDOWS\System32\combase.dll
0x00007ffd705e0000 - 0x00007ffd706c1000 	C:\WINDOWS\System32\OLEAUT32.dll
0x00007ffd55480000 - 0x00007ffd554b9000 	C:\WINDOWS\SYSTEM32\dbgcore.DLL
0x00007ffd6f670000 - 0x00007ffd6f709000 	C:\WINDOWS\System32\bcryptPrimitives.dll
0x00007ffd3faf0000 - 0x00007ffd3fb15000 	C:\Program Files\Eclipse Adoptium\jdk-17.0.16.8-hotspot\bin\java.dll
0x00007ffcf49a0000 - 0x00007ffcf4a77000 	C:\Program Files\Eclipse Adoptium\jdk-17.0.16.8-hotspot\bin\jsvml.dll
0x00007ffd71100000 - 0x00007ffd71842000 	C:\WINDOWS\System32\SHELL32.dll
0x00007ffd6f9a0000 - 0x00007ffd6fb14000 	C:\WINDOWS\System32\wintypes.dll
0x00007ffd6cd90000 - 0x00007ffd6d5e8000 	C:\WINDOWS\SYSTEM32\windows.storage.dll
0x00007ffd706d0000 - 0x00007ffd707c1000 	C:\WINDOWS\System32\SHCORE.dll
0x00007ffd6fef0000 - 0x00007ffd6ff5a000 	C:\WINDOWS\System32\shlwapi.dll
0x00007ffd6eff0000 - 0x00007ffd6f01f000 	C:\WINDOWS\SYSTEM32\profapi.dll
0x00007ffd3e030000 - 0x00007ffd3e049000 	C:\Program Files\Eclipse Adoptium\jdk-17.0.16.8-hotspot\bin\net.dll
0x00007ffd682c0000 - 0x00007ffd683de000 	C:\WINDOWS\SYSTEM32\WINHTTP.dll
0x00007ffd6e560000 - 0x00007ffd6e5ca000 	C:\WINDOWS\system32\mswsock.dll
0x00007ffd3dce0000 - 0x00007ffd3dcf6000 	C:\Program Files\Eclipse Adoptium\jdk-17.0.16.8-hotspot\bin\nio.dll
0x00007ffd42110000 - 0x00007ffd42128000 	C:\Program Files\Eclipse Adoptium\jdk-17.0.16.8-hotspot\bin\zip.dll
0x0000018eccff0000 - 0x0000018eccff4000 	C:\Program Files\Eclipse Adoptium\jdk-17.0.16.8-hotspot\bin\api-ms-win-core-console-l1-1-0.dll
0x0000018f12fd0000 - 0x0000018f12fd4000 	C:\Program Files\Eclipse Adoptium\jdk-17.0.16.8-hotspot\bin\api-ms-win-core-datetime-l1-1-0.dll
0x0000018f12fe0000 - 0x0000018f12fe4000 	C:\Program Files\Eclipse Adoptium\jdk-17.0.16.8-hotspot\bin\api-ms-win-core-debug-l1-1-0.dll
0x0000018f12ff0000 - 0x0000018f12ff4000 	C:\Program Files\Eclipse Adoptium\jdk-17.0.16.8-hotspot\bin\api-ms-win-core-errorhandling-l1-1-0.dll
0x0000018f13000000 - 0x0000018f13005000 	C:\Program Files\Eclipse Adoptium\jdk-17.0.16.8-hotspot\bin\api-ms-win-core-file-l1-1-0.dll
0x0000018f13010000 - 0x0000018f13014000 	C:\Program Files\Eclipse Adoptium\jdk-17.0.16.8-hotspot\bin\api-ms-win-core-file-l1-2-0.dll
0x0000018f13020000 - 0x0000018f13024000 	C:\Program Files\Eclipse Adoptium\jdk-17.0.16.8-hotspot\bin\api-ms-win-core-file-l2-1-0.dll
0x0000018f13030000 - 0x0000018f13034000 	C:\Program Files\Eclipse Adoptium\jdk-17.0.16.8-hotspot\bin\api-ms-win-core-handle-l1-1-0.dll
0x0000018f13040000 - 0x0000018f13044000 	C:\Program Files\Eclipse Adoptium\jdk-17.0.16.8-hotspot\bin\api-ms-win-core-heap-l1-1-0.dll
0x0000018f13050000 - 0x0000018f13054000 	C:\Program Files\Eclipse Adoptium\jdk-17.0.16.8-hotspot\bin\api-ms-win-core-interlocked-l1-1-0.dll
0x0000018f13060000 - 0x0000018f13064000 	C:\Program Files\Eclipse Adoptium\jdk-17.0.16.8-hotspot\bin\api-ms-win-core-libraryloader-l1-1-0.dll
0x0000018f13070000 - 0x0000018f13074000 	C:\Program Files\Eclipse Adoptium\jdk-17.0.16.8-hotspot\bin\api-ms-win-core-localization-l1-2-0.dll
0x0000018f13080000 - 0x0000018f13084000 	C:\Program Files\Eclipse Adoptium\jdk-17.0.16.8-hotspot\bin\api-ms-win-core-memory-l1-1-0.dll
0x0000018f13090000 - 0x0000018f13094000 	C:\Program Files\Eclipse Adoptium\jdk-17.0.16.8-hotspot\bin\api-ms-win-core-namedpipe-l1-1-0.dll
0x0000018f130a0000 - 0x0000018f130a4000 	C:\Program Files\Eclipse Adoptium\jdk-17.0.16.8-hotspot\bin\api-ms-win-core-processenvironment-l1-1-0.dll
0x0000018f130b0000 - 0x0000018f130b4000 	C:\Program Files\Eclipse Adoptium\jdk-17.0.16.8-hotspot\bin\api-ms-win-core-processthreads-l1-1-0.dll
0x0000018f130c0000 - 0x0000018f130c4000 	C:\Program Files\Eclipse Adoptium\jdk-17.0.16.8-hotspot\bin\api-ms-win-core-processthreads-l1-1-1.dll
0x0000018f130d0000 - 0x0000018f130d4000 	C:\Program Files\Eclipse Adoptium\jdk-17.0.16.8-hotspot\bin\api-ms-win-core-profile-l1-1-0.dll
0x0000018f130e0000 - 0x0000018f130e4000 	C:\Program Files\Eclipse Adoptium\jdk-17.0.16.8-hotspot\bin\api-ms-win-core-rtlsupport-l1-1-0.dll
0x0000018f130f0000 - 0x0000018f130f4000 	C:\Program Files\Eclipse Adoptium\jdk-17.0.16.8-hotspot\bin\api-ms-win-core-string-l1-1-0.dll
0x0000018f13100000 - 0x0000018f13104000 	C:\Program Files\Eclipse Adoptium\jdk-17.0.16.8-hotspot\bin\api-ms-win-core-synch-l1-1-0.dll
0x0000018f13110000 - 0x0000018f13114000 	C:\Program Files\Eclipse Adoptium\jdk-17.0.16.8-hotspot\bin\api-ms-win-core-synch-l1-2-0.dll
0x0000018f13120000 - 0x0000018f13124000 	C:\Program Files\Eclipse Adoptium\jdk-17.0.16.8-hotspot\bin\api-ms-win-core-sysinfo-l1-1-0.dll
0x0000018f13130000 - 0x0000018f13134000 	C:\Program Files\Eclipse Adoptium\jdk-17.0.16.8-hotspot\bin\api-ms-win-core-timezone-l1-1-0.dll
0x0000018f13140000 - 0x0000018f13144000 	C:\Program Files\Eclipse Adoptium\jdk-17.0.16.8-hotspot\bin\api-ms-win-core-util-l1-1-0.dll
0x0000018f13150000 - 0x0000018f13154000 	C:\Program Files\Eclipse Adoptium\jdk-17.0.16.8-hotspot\bin\api-ms-win-crt-conio-l1-1-0.dll
0x0000018f13160000 - 0x0000018f13165000 	C:\Program Files\Eclipse Adoptium\jdk-17.0.16.8-hotspot\bin\api-ms-win-crt-convert-l1-1-0.dll
0x0000018f13170000 - 0x0000018f13174000 	C:\Program Files\Eclipse Adoptium\jdk-17.0.16.8-hotspot\bin\api-ms-win-crt-environment-l1-1-0.dll
0x0000018f13180000 - 0x0000018f13184000 	C:\Program Files\Eclipse Adoptium\jdk-17.0.16.8-hotspot\bin\api-ms-win-crt-filesystem-l1-1-0.dll
0x0000018f13190000 - 0x0000018f13194000 	C:\Program Files\Eclipse Adoptium\jdk-17.0.16.8-hotspot\bin\api-ms-win-crt-heap-l1-1-0.dll
0x0000018f131a0000 - 0x0000018f131a4000 	C:\Program Files\Eclipse Adoptium\jdk-17.0.16.8-hotspot\bin\api-ms-win-crt-locale-l1-1-0.dll
0x0000018f131b0000 - 0x0000018f131b6000 	C:\Program Files\Eclipse Adoptium\jdk-17.0.16.8-hotspot\bin\api-ms-win-crt-math-l1-1-0.dll
0x0000018f131c0000 - 0x0000018f131c6000 	C:\Program Files\Eclipse Adoptium\jdk-17.0.16.8-hotspot\bin\api-ms-win-crt-multibyte-l1-1-0.dll
0x0000018f131d0000 - 0x0000018f131e1000 	C:\Program Files\Eclipse Adoptium\jdk-17.0.16.8-hotspot\bin\api-ms-win-crt-private-l1-1-0.dll
0x0000018f131f0000 - 0x0000018f131f4000 	C:\Program Files\Eclipse Adoptium\jdk-17.0.16.8-hotspot\bin\api-ms-win-crt-process-l1-1-0.dll
0x0000018f13200000 - 0x0000018f13205000 	C:\Program Files\Eclipse Adoptium\jdk-17.0.16.8-hotspot\bin\api-ms-win-crt-runtime-l1-1-0.dll
0x0000018f13210000 - 0x0000018f13215000 	C:\Program Files\Eclipse Adoptium\jdk-17.0.16.8-hotspot\bin\api-ms-win-crt-stdio-l1-1-0.dll
0x0000018f13220000 - 0x0000018f13225000 	C:\Program Files\Eclipse Adoptium\jdk-17.0.16.8-hotspot\bin\api-ms-win-crt-string-l1-1-0.dll
0x0000018f13230000 - 0x0000018f13234000 	C:\Program Files\Eclipse Adoptium\jdk-17.0.16.8-hotspot\bin\api-ms-win-crt-time-l1-1-0.dll
0x0000018f13240000 - 0x0000018f13244000 	C:\Program Files\Eclipse Adoptium\jdk-17.0.16.8-hotspot\bin\api-ms-win-crt-utility-l1-1-0.dll
0x00007ffd554f0000 - 0x00007ffd5563b000 	C:\Program Files\Eclipse Adoptium\jdk-17.0.16.8-hotspot\bin\ucrtbase.dll
0x00007ffd564f0000 - 0x00007ffd5653e000 	C:\Windows\System32\concrt140.dll
0x00007ffd5c710000 - 0x00007ffd5c733000 	C:\Users\emile\.openjfx\cache\12.0.1\prism_d3d.dll
0x00007ffd48bb0000 - 0x00007ffd48d67000 	C:\WINDOWS\system32\d3d9.dll
0x00007ffd6c2b0000 - 0x00007ffd6c2e6000 	C:\WINDOWS\SYSTEM32\dwmapi.dll
0x00007ffd6c100000 - 0x00007ffd6c14d000 	C:\WINDOWS\SYSTEM32\dxcore.dll
0x00007ffd68df0000 - 0x00007ffd68e9f000 	C:\WINDOWS\system32\uxtheme.dll
0x00007ffd48a00000 - 0x00007ffd48bad000 	C:\WINDOWS\System32\DriverStore\FileRepository\iigd_dch.inf_amd64_b53c057d22ce6f37\igdumdim64.dll
0x00007ffd70890000 - 0x00007ffd70a2e000 	C:\WINDOWS\System32\ole32.dll
0x00007ffcba7e0000 - 0x00007ffcbd883000 	C:\WINDOWS\System32\DriverStore\FileRepository\iigd_dch.inf_amd64_b53c057d22ce6f37\igd9dxva64.dll
0x00007ffd719c0000 - 0x00007ffd71e46000 	C:\WINDOWS\System32\SETUPAPI.dll
0x00007ffd6ed70000 - 0x00007ffd6edc7000 	C:\WINDOWS\SYSTEM32\cfgmgr32.dll
0x00007ffd53aa0000 - 0x00007ffd53ea9000 	C:\WINDOWS\System32\DriverStore\FileRepository\iigd_dch.inf_amd64_b53c057d22ce6f37\igdgmm64.dll
0x00007ffd6c070000 - 0x00007ffd6c0d1000 	C:\WINDOWS\SYSTEM32\directxdatabasehelper.dll
0x00007ffd559f0000 - 0x00007ffd55a35000 	C:\Users\emile\.openjfx\cache\12.0.1\glass.dll
0x00007ffd6ff70000 - 0x00007ffd70066000 	C:\WINDOWS\System32\COMDLG32.dll
0x00007ffd70af0000 - 0x00007ffd70c50000 	C:\WINDOWS\System32\MSCTF.dll
0x00007ffd3ae20000 - 0x00007ffd3ae47000 	C:\WINDOWS\System32\DriverStore\FileRepository\iigd_dch.inf_amd64_b53c057d22ce6f37\igdinfo64.dll
0x00007ffd50300000 - 0x00007ffd53a94000 	C:\WINDOWS\System32\DriverStore\FileRepository\iigd_dch.inf_amd64_b53c057d22ce6f37\igc64.dll
0x00007ffd5c4b0000 - 0x00007ffd5c4c4000 	C:\Users\emile\.openjfx\cache\12.0.1\javafx_font.dll
0x00007ffd65570000 - 0x00007ffd657db000 	C:\WINDOWS\SYSTEM32\dwrite.dll
0x00007ffd707d0000 - 0x00007ffd70878000 	C:\WINDOWS\System32\clbcatq.dll
0x00007ffd688a0000 - 0x00007ffd68ad9000 	C:\WINDOWS\SYSTEM32\WindowsCodecs.dll
0x00007ffd42fc0000 - 0x00007ffd4301a000 	C:\WINDOWS\system32\dataexchange.dll
0x00007ffd5b820000 - 0x00007ffd5ba5a000 	C:\WINDOWS\system32\twinapi.appcore.dll
0x00007ffd5bb20000 - 0x00007ffd5bb4c000 	C:\Program Files\Common Files\Microsoft Shared\Ink\rtscom.dll
0x00007ffd4f870000 - 0x00007ffd4f9c0000 	C:\WINDOWS\SYSTEM32\textinputframework.dll
0x00007ffd666e0000 - 0x00007ffd66805000 	C:\WINDOWS\SYSTEM32\CoreMessaging.dll
0x00007ffd54820000 - 0x00007ffd54b03000 	C:\WINDOWS\SYSTEM32\CoreUIComponents.dll
0x00007ffd6e830000 - 0x00007ffd6e83c000 	C:\WINDOWS\SYSTEM32\CRYPTBASE.DLL
0x00007ffd659a0000 - 0x00007ffd65fd9000 	C:\WINDOWS\SYSTEM32\d2d1.dll
0x00007ffd65300000 - 0x00007ffd65566000 	C:\WINDOWS\SYSTEM32\d3d11.dll
0x00007ffd6c150000 - 0x00007ffd6c285000 	C:\WINDOWS\SYSTEM32\dxgi.dll
0x00007ffcd5550000 - 0x00007ffcd5afc000 	C:\WINDOWS\SYSTEM32\D3D10Warp.dll

dbghelp: loaded successfully - version: 4.0.5 - missing functions: none
symbol engine: initialized successfully - sym options: 0x614 - pdb path: .;C:\Program Files\Eclipse Adoptium\jdk-17.0.16.8-hotspot\bin;C:\WINDOWS\SYSTEM32;C:\WINDOWS\WinSxS\amd64_microsoft.windows.common-controls_6595b64144ccf1df_6.0.26100.4202_none_3e0698d4e335f517;C:\Program Files\Eclipse Adoptium\jdk-17.0.16.8-hotspot\bin\server;C:\Users\emile\.openjfx\cache\12.0.1;C:\WINDOWS\System32\DriverStore\FileRepository\iigd_dch.inf_amd64_b53c057d22ce6f37;C:\Program Files\Common Files\Microsoft Shared\Ink

VM Arguments:
jvm_args: --add-modules=javafx.controls --module-path=C:\Users\emile\.gradle\caches\modules-2\files-2.1\org.openjfx\javafx-controls\12.0.1\838555460c025b8df0fbc0fa03bf3f3767698f89\javafx-controls-12.0.1-win.jar;C:\Users\emile\.gradle\caches\modules-2\files-2.1\org.openjfx\javafx-graphics\12.0.1\18a01ffdd4edb82e7da3bc99937c6a608d1eaaa6\javafx-graphics-12.0.1-win.jar;C:\Users\emile\.gradle\caches\modules-2\files-2.1\org.openjfx\javafx-base\12.0.1\6f5947b255bb26e072862b3bb0c32d54d8effe84\javafx-base-12.0.1-win.jar -Dfile.encoding=windows-1252 -Duser.country=FR -Duser.language=fr -Duser.variant 
java_command: game.Main
java_class_path (initial): C:\Users\emile\IdeaProjects\projet-aout2\build\classes\java\main;C:\Users\emile\IdeaProjects\projet-aout2\build\resources\main;C:\Users\emile\.gradle\caches\modules-2\files-2.1\org.openjfx\javafx-controls\12.0.1\838555460c025b8df0fbc0fa03bf3f3767698f89\javafx-controls-12.0.1-win.jar;C:\Users\emile\.gradle\caches\modules-2\files-2.1\org.openjfx\javafx-graphics\12.0.1\18a01ffdd4edb82e7da3bc99937c6a608d1eaaa6\javafx-graphics-12.0.1-win.jar;C:\Users\emile\.gradle\caches\modules-2\files-2.1\org.openjfx\javafx-graphics\12.0.1\19ec56a15d7dd9c49112912547425b718485d7db\javafx-graphics-12.0.1.jar;C:\Users\emile\.gradle\caches\modules-2\files-2.1\org.openjfx\javafx-base\12.0.1\6f5947b255bb26e072862b3bb0c32d54d8effe84\javafx-base-12.0.1-win.jar;C:\Users\emile\.gradle\caches\modules-2\files-2.1\org.openjfx\javafx-base\12.0.1\6abae81d00e0c6f4fde02e2666f9c0b989ff47e4\javafx-base-12.0.1.jar
Launcher Type: SUN_STANDARD

[Global flags]
     intx CICompilerCount                          = 12                                        {product} {ergonomic}
     uint ConcGCThreads                            = 3                                         {product} {ergonomic}
     uint G1ConcRefinementThreads                  = 13                                        {product} {ergonomic}
   size_t G1HeapRegionSize                         = 2097152                                   {product} {ergonomic}
    uintx GCDrainStackTargetSize                   = 64                                        {product} {ergonomic}
   size_t InitialHeapSize                          = 266338304                                 {product} {ergonomic}
   size_t MarkStackSize                            = 4194304                                   {product} {ergonomic}
   size_t MaxHeapSize                              = 4240441344                                {product} {ergonomic}
   size_t MaxNewSize                               = 2543845376                                {product} {ergonomic}
   size_t MinHeapDeltaBytes                        = 2097152                                   {product} {ergonomic}
   size_t MinHeapSize                              = 8388608                                   {product} {ergonomic}
    uintx NonNMethodCodeHeapSize                   = 7602480                                {pd product} {ergonomic}
    uintx NonProfiledCodeHeapSize                  = 122027880                              {pd product} {ergonomic}
    uintx ProfiledCodeHeapSize                     = 122027880                              {pd product} {ergonomic}
    uintx ReservedCodeCacheSize                    = 251658240                              {pd product} {ergonomic}
     bool SegmentedCodeCache                       = true                                      {product} {ergonomic}
   size_t SoftMaxHeapSize                          = 4240441344                             {manageable} {ergonomic}
     bool UseCompressedClassPointers               = true                           {product lp64_product} {ergonomic}
     bool UseCompressedOops                        = true                           {product lp64_product} {ergonomic}
     bool UseG1GC                                  = true                                      {product} {ergonomic}
     bool UseLargePagesIndividualAllocation        = false                                  {pd product} {ergonomic}

Logging:
Log output configuration:
 #0: stdout all=warning uptime,level,tags
 #1: stderr all=off uptime,level,tags

Environment Variables:
JAVA_HOME=C:\Program Files\Eclipse Adoptium\jdk-17.0.16.8-hotspot\
PATH=C:\Program Files\Eclipse Adoptium\jdk-17.0.16.8-hotspot\bin;C:\WINDOWS\system32;C:\WINDOWS;C:\WINDOWS\System32\Wbem;C:\WINDOWS\System32\WindowsPowerShell\v1.0\;C:\WINDOWS\System32\OpenSSH\;C:\Program Files\dotnet\;C:\Program Files\Git\cmd;C:\Program Files (x86)\NVIDIA Corporation\PhysX\Common;C:\Gradle\gradle-8.14.3\bin;C:\Users\emile\AppData\Local\Programs\Python\Python313\Scripts\;C:\Users\emile\AppData\Local\Programs\Python\Python313\;C:\Users\emile\AppData\Local\Microsoft\WindowsApps;C:\Users\emile\AppData\Local\Programs\Microsoft VS Code\bin;C:\Program Files\Racket;;C:\Program Files\JetBrains\PyCharm Community Edition 2024.3.4\bin;;C:\Program Files\JetBrains\IntelliJ IDEA Community Edition 2025.2\bin
USERNAME=emile
TERM=xterm
OS=Windows_NT
PROCESSOR_IDENTIFIER=Intel64 Family 6 Model 165 Stepping 2, GenuineIntel
TMP=C:\Users\emile\AppData\Local\Temp
TEMP=C:\Users\emile\AppData\Local\Temp



Periodic native trim disabled


---------------  S Y S T E M  ---------------

OS:
 Windows 11 , 64 bit Build 26100 (10.0.26100.4202)
OS uptime: 0 days 5:46 hours

CPU: total 16 (initial active 16) (8 cores per cpu, 2 threads per core) family 6 model 165 stepping 2 microcode 0xe0, cx8, cmov, fxsr, ht, mmx, 3dnowpref, sse, sse2, sse3, ssse3, sse4.1, sse4.2, popcnt, lzcnt, tsc, tscinvbit, avx, avx2, aes, erms, clmul, bmi1, bmi2, adx, fma, vzeroupper, clflush, clflushopt
Processor Information for all 16 processors :
  Max Mhz: 2208, Current Mhz: 2208, Mhz Limit: 2208

Memory: 4k page, system-wide physical 16168M (7579M free)
TotalPageFile size 17192M (AvailPageFile size 7180M)
current process WorkingSet (physical memory assigned to process): 178M, peak: 207M
current process commit charge ("private bytes"): 430M, peak: 468M

vm_info: OpenJDK 64-Bit Server VM (17.0.16+8) for windows-amd64 JRE (17.0.16+8), built on Jul 16 2025 10:37:56 by "admin" with MS VC++ 17.7 (VS2022)

END.
