#
# A fatal error has been detected by the Java Runtime Environment:
#
#  EXCEPTION_ACCESS_VIOLATION (0xc0000005) at pc=0x00007ffd5757b806, pid=14888, tid=12584
#
# JRE version: OpenJDK Runtime Environment Temurin-17.0.16+8 (17.0.16+8) (build 17.0.16+8)
# Java VM: OpenJDK 64-Bit Server VM Temurin-17.0.16+8 (17.0.16+8, mixed mode, sharing, tiered, compressed oops, compressed class ptrs, g1 gc, windows-amd64)
# Problematic frame:
# C  [glass.dll+0x1b806]
#
# No core dump will be written. Minidumps are not enabled by default on client versions of Windows
#
# If you would like to submit a bug report, please visit:
#   https://github.com/adoptium/adoptium-support/issues
# The crash happened outside the Java Virtual Machine in native code.
# See problematic frame for where to report the bug.
#

---------------  S U M M A R Y ------------

Command Line: --add-modules=javafx.controls --module-path=C:\Users\emile\.gradle\caches\modules-2\files-2.1\org.openjfx\javafx-controls\12.0.1\838555460c025b8df0fbc0fa03bf3f3767698f89\javafx-controls-12.0.1-win.jar;C:\Users\emile\.gradle\caches\modules-2\files-2.1\org.openjfx\javafx-graphics\12.0.1\18a01ffdd4edb82e7da3bc99937c6a608d1eaaa6\javafx-graphics-12.0.1-win.jar;C:\Users\emile\.gradle\caches\modules-2\files-2.1\org.openjfx\javafx-base\12.0.1\6f5947b255bb26e072862b3bb0c32d54d8effe84\javafx-base-12.0.1-win.jar -Dfile.encoding=windows-1252 -Duser.country=FR -Duser.language=fr -Duser.variant game.Main

Host: Intel(R) Core(TM) i7-10870H CPU @ 2.20GHz, 16 cores, 15G,  Windows 11 , 64 bit Build 26100 (10.0.26100.4202)
Time: Fri Aug  8 14:03:05 2025 Paris, Madrid (heure duild 26100 (10.0.26100.4202) elapsed time: 50.582203 seconds (0d 0h 0m 50s)

---------------  T H R E A D  ---------------

Current thread (0x0000018ada797c20):  JavaThread "JavaFX Application Thread" [_thread_in_native, id=12584, stack(0x00000008c0600000,0x00000008c0700000)]

Stack: [0x00000008c0600000,0x00000008c0700000],  sp=0x00000008c06fdc00,  free space=1015k
Native frames: (J=compiled Java code, j=interpreted, Vv=VM code, C=native code)
C  [glass.dll+0x1b806]

Java frames: (J=compiled Java code, j=interpreted, Vv=VM code)
j  com.sun.glass.ui.win.WinWindow._close(J)Z+0 javafx.graphics
j  com.sun.glass.ui.Window.close()V+63 javafx.graphics
j  com.sun.glass.ui.win.WinWindow.close()V+8 javafx.graphics
j  com.sun.glass.ui.Application.terminate()V+75 javafx.graphics
j  com.sun.javafx.tk.quantum.QuantumToolkit.lambda$exit$13()Ljava/lang/Object;+5 javafx.graphics
j  com.sun.javafx.tk.quantum.QuantumToolkit$$Lambda$518+0x0000018adf1fb350.get()Ljava/lang/Object;+0 javafx.graphics
j  com.sun.javafx.tk.quantum.QuantumToolkit.runWithRenderLock(Ljava/util/function/Supplier;)Ljava/lang/Object;+7 javafx.graphics
j  com.sun.javafx.tk.quantum.QuantumToolkit.exit()V+26 javafx.graphics
j  com.sun.javafx.application.PlatformImpl.lambda$tkExit$16()V+3 javafx.graphics
j  com.sun.javafx.application.PlatformImpl$$Lambda$517+0x0000018adf1fb138.run()V+0 javafx.graphics
j  com.sun.javafx.application.PlatformImpl.lambda$runAndWait$12(Ljava/lang/Runnable;Ljava/util/concurrent/CountDownLatch;)V+1 javafx.graphics
j  com.sun.javafx.application.PlatformImpl$$Lambda$82+0x0000018adf03d4a0.run()V+8 javafx.graphics
j  com.sun.javafx.application.PlatformImpl.lambda$runLater$10(Ljava/lang/Runnable;)Ljava/lang/Void;+1 javafx.graphics
j  com.sun.javafx.application.PlatformImpl$$Lambda$84+0x0000018adf03e910.run()Ljava/lang/Object;+4 javafx.graphics
J 2722 c1 java.security.AccessController.doPrivileged(Ljava/security/PrivilegedAction;Ljava/security/AccessControlContext;)Ljava/lang/Object; java.base@17.0.16 (17 bytes) @ 0x0000018ac1411c54 [0x0000018ac1411a80+0x00000000000001d4]
j  com.sun.javafx.application.PlatformImpl.lambda$runLater$11(Ljava/lang/Runnable;Ljava/security/AccessControlContext;)V+7 javafx.graphics
j  com.sun.javafx.application.PlatformImpl$$Lambda$83+0x0000018adf03d8c0.run()V+8 javafx.graphics
J 3417 c1 com.sun.glass.ui.InvokeLaterDispatcher$Future.run()V javafx.graphics (91 bytes) @ 0x0000018ac15c6894 [0x0000018ac15c6780+0x0000000000000114]
v  ~StubRoutines::call_stub
j  com.sun.glass.ui.win.WinApplication._runLoop(Ljava/lang/Runnable;)V+0 javafx.graphics
j  com.sun.glass.ui.win.WinApplication.lambda$runLoop$3(ILjava/lang/Runnable;)V+8 javafx.graphics
j  com.sun.glass.ui.win.WinApplication$$Lambda$72+0x0000018adf02c448.run()V+12 javafx.graphics
j  java.lang.Thread.run()V+11 java.base@17.0.16
v  ~StubRoutines::call_stub

siginfo: EXCEPTION_ACCESS_VIOLATION (0xc0000005), reading address 0x0000000000000130


Registers:
RAX=0x0000000000000000, RBX=0x0000000000000000, RCX=0x0000000000000000, RDX=0x0000000000000000
RSP=0x00000008c06fdc00, RBP=0x0000000000000000, RSI=0x0000018b236e7a20, RDI=0x00000008c06fdf90
R8 =0x00000008c06fdf90, R9 =0x0000000000000000, R10=0x00007ffd57588c48, R11=0x0000000000000246
R12=0x0000000000000000, R13=0x0000000000000000, R14=0x0000000000000000, R15=0x0000000000000000
RIP=0x00007ffd5757b806, EFLAGS=0x0000000000010206

XMM[0]=0x0000000000000000 0x0000000000000000
XMM[1]=0x0000000000000000 0x0000000000000000
XMM[2]=0x0000000000000000 0x0000000000000000
XMM[3]=0x0000000000000000 0x0000000000000000
XMM[4]=0x0000000000000000 0x0000000000000000
XMM[5]=0x0000000000000000 0x0000000000000000
XMM[6]=0x0000000000000000 0x0000000000000000
XMM[7]=0x0000000000000000 0x0000000000000000
XMM[8]=0x0000000000000000 0x0000000000000000
XMM[9]=0x0000000000000000 0x0000000000000000
XMM[10]=0x0000000000000000 0x0000000000000000
XMM[11]=0x0000000000000000 0x0000000000000000
XMM[12]=0x0000000000000000 0x0000000000000000
XMM[13]=0x0000000000000000 0x0000000000000000
XMM[14]=0x0000000000000000 0x0000000000000000
XMM[15]=0x0000000000000000 0x0000000000000000
  MXCSR=0x00001faf


Register to memory mapping:

RIP=0x00007ffd5757b806 glass.dll
RAX=0x0 is NULL
RBX=0x0 is NULL
RCX=0x0 is NULL
RDX=0x0 is NULL
RSP=0x00000008c06fdc00 is pointing into the stack for thread: 0x0000018ada797c20
RBP=0x0 is NULL
RSI=0x0000018b236e7a20 points into unknown readable memory: 0x00007ffd57588c48 | 48 8c 58 57 fd 7f 00 00
RDI=0x00000008c06fdf90 is pointing into the stack for thread: 0x0000018ada797c20
R8 =0x00000008c06fdf90 is pointing into the stack for thread: 0x0000018ada797c20
R9 =0x0 is NULL
R10=0x00007ffd57588c48 glass.dll
R11=0x0000000000000246 is an unknown value
R12=0x0 is NULL
R13=0x0 is NULL
R14=0x0 is NULL
R15=0x0 is NULL


Top of Stack: (sp=0x00000008c06fdc00)
0x00000008c06fdc00:   00000000c06fdf90 00007ffd575875a0
0x00000008c06fdc10:   0000000000000000 00007ffd70e7df73
0x00000008c06fdc20:   00000008c06fdf90 00007ffd5757a241
0x00000008c06fdc30:   0000000000007ff4 0000000000000401
0x00000008c06fdc40:   0000018b236e7a20 0000000000000000
0x00000008c06fdc50:   00000008c06fdf90 00007ffd5756a29d
0x00000008c06fdc60:   0000000000000401 00000008c06fdf90
0x00000008c06fdc70:   00000000c06fdf90 000000000000000b
0x00000008c06fdc80:   fffffffffffffffe 00007ffd575875a0
0x00000008c06fdc90:   0000000000000000 00007ffd57561808
0x00000008c06fdca0:   0000018b236e7a20 00000008c06fdf90
0x00000008c06fdcb0:   0000000000000401 000000000012046c
0x00000008c06fdcc0:   0000000080000022 00007ffd70e7d159
0x00000008c06fdcd0:   0000000000000000 00000008c06fde98
0x00000008c06fdce0:   0000000000000001 0000000000000401
0x00000008c06fdcf0:   0000018ada797c20 0000018b23665a00
0x00000008c06fdd00:   00000008c06fde50 00007ffcbf6d600e
0x00000008c06fdd10:   0000000000000000 0000000000000000
0x00000008c06fdd20:   0000000100000000 0000000880000022
0x00000008c06fdd30:   0000000000000000 0000000000000000
0x00000008c06fdd40:   0000000000000000 0000000000000001
0x00000008c06fdd50:   0000000000000000 0000000000000000
0x00000008c06fdd60:   0000000000000070 ffffffffffffffff
0x00000008c06fdd70:   ffffffffffffffff 00007ffd70e7cf35
0x00000008c06fdd80:   00007ffd70e7d328 0000018ada797c20
0x00000008c06fdd90:   0000000000000000 0000018b2317cd70
0x00000008c06fdda0:   0000000000000000 0000000000000000
0x00000008c06fddb0:   0000000000000048 0000000000000001
0x00000008c06fddc0:   0000000000000000 0000000000000000
0x00000008c06fddd0:   0000000000000030 ffffffffffffffff
0x00000008c06fdde0:   ffffffffffffffff 00007ffd70e7cf35
0x00000008c06fddf0:   0000000000000000 0000018b00000001 

Instructions: (pc=0x00007ffd5757b806)
0x00007ffd5757b706:   85 c0 74 08 48 8b c8 e8 ee 00 00 00 48 c7 05 e3
0x00007ffd5757b716:   16 02 00 00 00 00 00 48 83 c4 28 c3 cc cc cc cc
0x00007ffd5757b726:   cc cc cc cc cc cc cc cc cc cc 48 89 5c 24 08 57
0x00007ffd5757b736:   48 83 ec 30 48 8b fa 48 8b d9 48 39 91 30 01 00
0x00007ffd5757b746:   00 0f 84 a5 00 00 00 e8 ae 00 00 00 48 8b 93 30
0x00007ffd5757b756:   01 00 00 48 85 d2 75 04 48 8b 53 08 48 89 54 24
0x00007ffd5757b766:   20 4c 8b c7 48 85 ff 75 04 4c 8b 43 08 48 8d 0d
0x00007ffd5757b776:   46 f9 00 00 4c 89 44 24 28 e8 3c 7f fe ff 48 8b
0x00007ffd5757b786:   4c 24 20 4c 8d 44 24 20 48 8d 15 db f7 ff ff ff
0x00007ffd5757b796:   15 d5 0f 02 00 48 8b 05 3e 13 02 00 48 85 c0 75
0x00007ffd5757b7a6:   04 33 c9 eb 03 8b 48 40 4c 8d 44 24 20 48 8d 15
0x00007ffd5757b7b6:   f6 f7 ff ff ff 15 b8 0f 02 00 48 89 bb 30 01 00
0x00007ffd5757b7c6:   00 e8 d4 35 00 00 4c 8b 05 ad 16 02 00 48 8b c8
0x00007ffd5757b7d6:   48 8b 93 c0 00 00 00 4c 8b cf e8 4b 98 fe ff e8
0x00007ffd5757b7e6:   b6 35 00 00 48 8b c8 e8 ce 34 00 00 48 8b 5c 24
0x00007ffd5757b7f6:   40 48 83 c4 30 5f c3 cc cc cc 40 57 48 83 ec 20
0x00007ffd5757b806:   48 8b 81 30 01 00 00 48 8b f9 48 85 c0 75 04 48
0x00007ffd5757b816:   8b 41 08 48 3b 05 e0 15 02 00 75 3b 48 89 5c 24
0x00007ffd5757b826:   30 e8 74 35 00 00 4c 8b 05 3d 16 02 00 48 8b c8
0x00007ffd5757b836:   48 8b 97 c0 00 00 00 48 8b d8 e8 eb 97 fe ff 48
0x00007ffd5757b846:   8b cb e8 73 34 00 00 48 8b 5c 24 30 48 c7 05 a3
0x00007ffd5757b856:   15 02 00 00 00 00 00 48 83 c4 20 5f c3 cc cc cc
0x00007ffd5757b866:   cc cc cc cc cc cc cc cc cc cc 40 53 48 83 ec 50
0x00007ffd5757b876:   48 8b 05 43 e9 01 00 48 33 c4 48 89 44 24 40 48
0x00007ffd5757b886:   8b d9 48 8b 49 08 ff 15 56 0e 02 00 85 c0 0f 85
0x00007ffd5757b896:   21 01 00 00 48 8b 4b 08 48 8d 54 24 30 ff 15 7f
0x00007ffd5757b8a6:   0c 02 00 48 8b 4b 08 48 8d 54 24 20 ff 15 d8 0c
0x00007ffd5757b8b6:   02 00 48 8b 4b 08 4c 8d 44 24 20 41 b9 02 00 00
0x00007ffd5757b8c6:   00 33 d2 ff 15 c9 0c 02 00 8b 44 24 24 2b 44 24
0x00007ffd5757b8d6:   34 44 8b 44 24 20 44 2b 44 24 30 8b 54 24 3c 2b
0x00007ffd5757b8e6:   54 24 2c 8b 4c 24 38 2b 4c 24 28 89 83 1c 01 00
0x00007ffd5757b8f6:   00 44 89 83 18 01 00 00 89 93 24 01 00 00 89 8b 


Stack slot to memory mapping:
stack at sp + 0 slots: 0x00000000c06fdf90 is an unknown value
stack at sp + 1 slots: 0x00007ffd575875a0 glass.dll
stack at sp + 2 slots: 0x0 is NULL
stack at sp + 3 slots: 0x00007ffd70e7df73 USER32.dll
stack at sp + 4 slots: 0x00000008c06fdf90 is pointing into the stack for thread: 0x0000018ada797c20
stack at sp + 5 slots: 0x00007ffd5757a241 glass.dll
stack at sp + 6 slots: 0x0000000000007ff4 is an unknown value
stack at sp + 7 slots: 0x0000000000000401 is an unknown value


Compiled method (c1)   50631 2722       3       java.security.AccessController::doPrivileged (17 bytes)
 total in heap  [0x0000018ac1411890,0x0000018ac1411fc8] = 1848
 relocation     [0x0000018ac14119f0,0x0000018ac1411a78] = 136
 main code      [0x0000018ac1411a80,0x0000018ac1411dc0] = 832
 stub code      [0x0000018ac1411dc0,0x0000018ac1411e38] = 120
 metadata       [0x0000018ac1411e38,0x0000018ac1411e50] = 24
 scopes data    [0x0000018ac1411e50,0x0000018ac1411f00] = 176
 scopes pcs     [0x0000018ac1411f00,0x0000018ac1411fb0] = 176
 dependencies   [0x0000018ac1411fb0,0x0000018ac1411fb8] = 8
 nul chk table  [0x0000018ac1411fb8,0x0000018ac1411fc8] = 16

[Constant Pool (empty)]

[MachCode]
[Verified Entry Point]
  # {method} {0x0000018ade435f30} 'doPrivileged' '(Ljava/security/PrivilegedAction;Ljava/security/AccessControlContext;)Ljava/lang/Object;' in 'java/security/AccessController'
  # parm0:    rdx:rdx   = 'java/security/PrivilegedAction'
  # parm1:    r8:r8     = 'java/security/AccessControlContext'
  #           [sp+0x80]  (sp of caller)
  0x0000018ac1411a80: 8984 2400 | 90ff ff55 | 4883 ec70 

  0x0000018ac1411a8c: ;   {metadata(method data for {method} {0x0000018ade435f30} 'doPrivileged' '(Ljava/security/PrivilegedAction;Ljava/security/AccessControlContext;)Ljava/lang/Object;' in 'java/security/AccessController')}
  0x0000018ac1411a8c: 48be d042 | 2b1f 8b01 | 0000 8bbe | cc00 0000 | 83c7 0289 | becc 0000 | 0081 e7fe | 0700 0083 
  0x0000018ac1411aac: ff00 0f84 | 3c02 0000 | 4c89 4424 | 4048 8954 

  0x0000018ac1411abc: ;   {metadata(method data for {method} {0x0000018ade435f30} 'doPrivileged' '(Ljava/security/PrivilegedAction;Ljava/security/AccessControlContext;)Ljava/lang/Object;' in 'java/security/AccessController')}
  0x0000018ac1411abc: 2448 48be | d042 2b1f | 8b01 0000 | 4883 8610 | 0100 0001 | 0f1f 8000 

  0x0000018ac1411ad4: ;   {static_call}
  0x0000018ac1411ad4: 0000 00e8 

  0x0000018ac1411ad8: ; ImmutableOopMap {[64]=Oop [72]=Oop }
                      ;*invokestatic getCallerClass {reexecute=0 rethrow=0 return_oop=0}
                      ; - java.security.AccessController::doPrivileged@0 (line 397)
  0x0000018ac1411ad8: 0424 6c07 

  0x0000018ac1411adc: ;   {metadata(method data for {method} {0x0000018ade435f30} 'doPrivileged' '(Ljava/security/PrivilegedAction;Ljava/security/AccessControlContext;)Ljava/lang/Object;' in 'java/security/AccessController')}
  0x0000018ac1411adc: 48ba d042 | 2b1f 8b01 | 0000 4883 | 8220 0100 | 0001 488b | 5424 404c | 8bc0 4889 | 4424 500f 
  0x0000018ac1411afc: ;   {static_call}
  0x0000018ac1411afc: 1f40 00e8 

  0x0000018ac1411b00: ; ImmutableOopMap {[72]=Oop [80]=Oop }
                      ;*invokestatic checkContext {reexecute=0 rethrow=0 return_oop=0}
                      ; - java.security.AccessController::doPrivileged@6 (line 398)
  0x0000018ac1411b00: 9c69 9107 | 4889 4424 

  0x0000018ac1411b08: ;   {metadata(method data for {method} {0x0000018ade435f30} 'doPrivileged' '(Ljava/security/PrivilegedAction;Ljava/security/AccessControlContext;)Ljava/lang/Object;' in 'java/security/AccessController')}
  0x0000018ac1411b08: 5848 bad0 | 422b 1f8b | 0100 0048 | 8382 3001 

  0x0000018ac1411b18: ;   {metadata(method data for {method} {0x0000018ade435450} 'executePrivileged' '(Ljava/security/PrivilegedAction;Ljava/security/AccessControlContext;Ljava/lang/Class;)Ljava/lang/Object;' in 'java/security/AccessController')}
  0x0000018ac1411b18: 0000 0148 | baa8 bb07 | 1f8b 0100 | 008b b2cc | 0000 0083 | c602 89b2 | cc00 0000 | 81e6 feff 
  0x0000018ac1411b38: 1f00 83fe | 000f 84ce | 0100 0048 

  0x0000018ac1411b44: ;   {metadata(method data for {method} {0x0000018ade435450} 'executePrivileged' '(Ljava/security/PrivilegedAction;Ljava/security/AccessControlContext;Ljava/lang/Class;)Ljava/lang/Object;' in 'java/security/AccessController')}
  0x0000018ac1411b44: 83f8 0048 | baa8 bb07 | 1f8b 0100 | 0048 c7c6 | 1001 0000 | 0f84 0700 | 0000 48c7 | c620 0100 
  0x0000018ac1411b64: 0048 8b3c | 3248 8d7f | 0148 893c | 320f 841d 

  0x0000018ac1411b74: ;   {metadata(method data for {method} {0x0000018ade435450} 'executePrivileged' '(Ljava/security/PrivilegedAction;Ljava/security/AccessControlContext;Ljava/lang/Class;)Ljava/lang/Object;' in 'java/security/AccessController')}
  0x0000018ac1411b74: 0000 0048 | baa8 bb07 | 1f8b 0100 | 0048 8382 | 3001 0000 | 0148 8bd0 

  0x0000018ac1411b8c: ;   {static_call}
  0x0000018ac1411b8c: 6666 90e8 

  0x0000018ac1411b90: ; ImmutableOopMap {[72]=Oop [80]=Oop [88]=Oop }
                      ;*invokestatic ensureMaterializedForStackWalk {reexecute=0 rethrow=0 return_oop=0}
                      ; - java.security.AccessController::executePrivileged@5 (line 772)
                      ; - java.security.AccessController::doPrivileged@13 (line 399)
  0x0000018ac1411b90: ac5e 7707 

  0x0000018ac1411b94: ;   {metadata(method data for {method} {0x0000018ade435450} 'executePrivileged' '(Ljava/security/PrivilegedAction;Ljava/security/AccessControlContext;Ljava/lang/Class;)Ljava/lang/Object;' in 'java/security/AccessController')}
  0x0000018ac1411b94: 48ba a8bb | 071f 8b01 | 0000 ff82 | 4001 0000 | 488b 5424 | 4848 3b02 

  0x0000018ac1411bac: ;   {metadata(method data for {method} {0x0000018ade435450} 'executePrivileged' '(Ljava/security/PrivilegedAction;Ljava/security/AccessControlContext;Ljava/lang/Class;)Ljava/lang/Object;' in 'java/security/AccessController')}
  0x0000018ac1411bac: 488b f248 | bfa8 bb07 | 1f8b 0100 | 008b 7608 | 49ba 0000 | 00de 8a01 | 0000 4903 | f248 3bb7 
  0x0000018ac1411bcc: b001 0000 | 750d 4883 | 87b8 0100 | 0001 e966 | 0000 0048 | 3bb7 c001 | 0000 750d | 4883 87c8 
  0x0000018ac1411bec: 0100 0001 | e950 0000 | 0048 81bf | b001 0000 | 0000 0000 | 7517 4889 | b7b0 0100 | 0048 c787 
  0x0000018ac1411c0c: b801 0000 | 0100 0000 | e92c 0000 | 0048 81bf | c001 0000 | 0000 0000 | 7517 4889 | b7c0 0100 
  0x0000018ac1411c2c: 0048 c787 | c801 0000 | 0100 0000 | e908 0000 | 0048 8387 | a001 0000 | 0148 b8a0 | db09 2a8b 
  0x0000018ac1411c4c: ;   {virtual_call}
  0x0000018ac1411c4c: 0100 00e8 

  0x0000018ac1411c50: ; ImmutableOopMap {[80]=Oop [88]=Oop }
                      ;*invokeinterface run {reexecute=0 rethrow=0 return_oop=0}
                      ; - java.security.AccessController::executePrivileged@29 (line 776)
                      ; - java.security.AccessController::doPrivileged@13 (line 399)
  0x0000018ac1411c50: bcac 0307 

  0x0000018ac1411c54: ;   {metadata(method data for {method} {0x0000018ade435450} 'executePrivileged' '(Ljava/security/PrivilegedAction;Ljava/security/AccessControlContext;Ljava/lang/Class;)Ljava/lang/Object;' in 'java/security/AccessController')}
  0x0000018ac1411c54: 48be a8bb | 071f 8b01 | 0000 ff86 | d801 0000 | 488b 7424 

  0x0000018ac1411c68: ;   {metadata(method data for {method} {0x0000018ade435450} 'executePrivileged' '(Ljava/security/PrivilegedAction;Ljava/security/AccessControlContext;Ljava/lang/Class;)Ljava/lang/Object;' in 'java/security/AccessController')}
  0x0000018ac1411c68: 5048 bfa8 | bb07 1f8b | 0100 0048 | 8387 3802 

  0x0000018ac1411c78: ;   {metadata(method data for {method} {0x0000018ade3dd6f8} 'reachabilityFence' '(Ljava/lang/Object;)V' in 'java/lang/ref/Reference')}
  0x0000018ac1411c78: 0000 0148 | bfc0 8005 | 1f8b 0100 | 008b 9fcc | 0000 0083 | c302 899f | cc00 0000 | 81e3 feff 
  0x0000018ac1411c98: 1f00 83fb | 000f 8494 

  0x0000018ac1411ca0: ;   {metadata(method data for {method} {0x0000018ade435450} 'executePrivileged' '(Ljava/security/PrivilegedAction;Ljava/security/AccessControlContext;Ljava/lang/Class;)Ljava/lang/Object;' in 'java/security/AccessController')}
  0x0000018ac1411ca0: 0000 0048 | bea8 bb07 | 1f8b 0100 | 0048 8386 | 4802 0000 

  0x0000018ac1411cb4: ;   {metadata(method data for {method} {0x0000018ade3dd6f8} 'reachabilityFence' '(Ljava/lang/Object;)V' in 'java/lang/ref/Reference')}
  0x0000018ac1411cb4: 0148 bec0 | 8005 1f8b | 0100 008b | becc 0000 | 0083 c702 | 89be cc00 | 0000 81e7 | feff 1f00 
  0x0000018ac1411cd4: 83ff 000f | 847b 0000 | 0048 83c4 

  0x0000018ac1411ce0: ;   {poll_return}
  0x0000018ac1411ce0: 705d 493b | a748 0300 | 000f 878a | 0000 00c3 

  0x0000018ac1411cf0: ;   {metadata({method} {0x0000018ade435f30} 'doPrivileged' '(Ljava/security/PrivilegedAction;Ljava/security/AccessControlContext;)Ljava/lang/Object;' in 'java/security/AccessController')}
  0x0000018ac1411cf0: 49ba 285f | 43de 8a01 | 0000 4c89 | 5424 0848 | c704 24ff 

  0x0000018ac1411d04: ;   {runtime_call counter_overflow Runtime1 stub}
  0x0000018ac1411d04: ffff ffe8 

  0x0000018ac1411d08: ; ImmutableOopMap {rdx=Oop r8=Oop }
                      ;*synchronization entry
                      ; - java.security.AccessController::doPrivileged@-1 (line 397)
  0x0000018ac1411d08: 749b 0307 | e9a3 fdff 

  0x0000018ac1411d10: ;   {metadata({method} {0x0000018ade435450} 'executePrivileged' '(Ljava/security/PrivilegedAction;Ljava/security/AccessControlContext;Ljava/lang/Class;)Ljava/lang/Object;' in 'java/security/AccessController')}
  0x0000018ac1411d10: ff49 ba48 | 5443 de8a | 0100 004c | 8954 2408 | 48c7 0424 | ffff ffff 

  0x0000018ac1411d28: ;   {runtime_call counter_overflow Runtime1 stub}
  0x0000018ac1411d28: e853 9b03 

  0x0000018ac1411d2c: ; ImmutableOopMap {[72]=Oop [80]=Oop rax=Oop [88]=Oop }
                      ;*synchronization entry
                      ; - java.security.AccessController::executePrivileged@-1 (line 771)
                      ; - java.security.AccessController::doPrivileged@13 (line 399)
  0x0000018ac1411d2c: 07e9 11fe 

  0x0000018ac1411d30: ;   {runtime_call throw_null_pointer_exception Runtime1 stub}
  0x0000018ac1411d30: ffff e869 

  0x0000018ac1411d34: ; ImmutableOopMap {[80]=Oop rdx=Oop [88]=Oop }
                      ;*invokeinterface run {reexecute=0 rethrow=0 return_oop=0}
                      ; - java.security.AccessController::executePrivileged@29 (line 776)
                      ; - java.security.AccessController::doPrivileged@13 (line 399)
                      ;   {metadata({method} {0x0000018ade3dd6f8} 'reachabilityFence' '(Ljava/lang/Object;)V' in 'java/lang/ref/Reference')}
  0x0000018ac1411d34: 4a03 0749 | baf0 d63d | de8a 0100 | 004c 8954 | 2408 48c7 | 0424 ffff 

  0x0000018ac1411d4c: ;   {runtime_call counter_overflow Runtime1 stub}
  0x0000018ac1411d4c: ffff e82d 

  0x0000018ac1411d50: ; ImmutableOopMap {rax=Oop rsi=Oop }
                      ;*synchronization entry
                      ; - java.lang.ref.Reference::reachabilityFence@-1 (line 621)
                      ; - java.security.AccessController::executePrivileged@56 (line 781)
                      ; - java.security.AccessController::doPrivileged@13 (line 399)
  0x0000018ac1411d50: 9b03 07e9 | 4bff ffff 

  0x0000018ac1411d58: ;   {metadata({method} {0x0000018ade3dd6f8} 'reachabilityFence' '(Ljava/lang/Object;)V' in 'java/lang/ref/Reference')}
  0x0000018ac1411d58: 49ba f0d6 | 3dde 8a01 | 0000 4c89 | 5424 0848 | c704 24ff 

  0x0000018ac1411d6c: ;   {runtime_call counter_overflow Runtime1 stub}
  0x0000018ac1411d6c: ffff ffe8 

  0x0000018ac1411d70: ; ImmutableOopMap {rax=Oop }
                      ;*synchronization entry
                      ; - java.lang.ref.Reference::reachabilityFence@-1 (line 621)
                      ; - java.security.AccessController::executePrivileged@60 (line 782)
                      ; - java.security.AccessController::doPrivileged@13 (line 399)
  0x0000018ac1411d70: 0c9b 0307 | e964 ffff 

  0x0000018ac1411d78: ;   {internal_word}
  0x0000018ac1411d78: ff49 bae2 | 1c41 c18a | 0100 004d | 8997 6003 

  0x0000018ac1411d88: ;   {runtime_call SafepointBlob}
  0x0000018ac1411d88: 0000 e971 | 5cf9 0690 | 9049 8b87 | d803 0000 | 49c7 87d8 | 0300 0000 | 0000 0049 | c787 e003 
  0x0000018ac1411da8: 0000 0000 | 0000 4883 

  0x0000018ac1411db0: ;   {runtime_call unwind_exception Runtime1 stub}
  0x0000018ac1411db0: c470 5de9 | c83a 0307 | f4f4 f4f4 | f4f4 f4f4 
[Stub Code]
  0x0000018ac1411dc0: ;   {no_reloc}
  0x0000018ac1411dc0: 0f1f 4400 

  0x0000018ac1411dc4: ;   {static_stub}
  0x0000018ac1411dc4: 0048 bb00 | 0000 0000 

  0x0000018ac1411dcc: ;   {runtime_call}
  0x0000018ac1411dcc: 0000 00e9 | fbff ffff 

  0x0000018ac1411dd4: ;   {static_stub}
  0x0000018ac1411dd4: 9048 bb00 | 0000 0000 

  0x0000018ac1411ddc: ;   {runtime_call}
  0x0000018ac1411ddc: 0000 00e9 | fbff ffff 

  0x0000018ac1411de4: ;   {static_stub}
  0x0000018ac1411de4: 9048 bb00 | 0000 0000 

  0x0000018ac1411dec: ;   {runtime_call}
  0x0000018ac1411dec: 0000 00e9 | fbff ffff 

  0x0000018ac1411df4: ;   {static_stub}
  0x0000018ac1411df4: 9048 bb00 | 0000 0000 

  0x0000018ac1411dfc: ;   {runtime_call}
  0x0000018ac1411dfc: 0000 00e9 | fbff ffff 
[Exception Handler]
  0x0000018ac1411e04: ;   {runtime_call handle_exception_from_callee Runtime1 stub}
  0x0000018ac1411e04: e877 6703 

  0x0000018ac1411e08: ;   {external_word}
  0x0000018ac1411e08: 0748 b9a0 | e9db bffc | 7f00 0048 

  0x0000018ac1411e14: ;   {runtime_call}
  0x0000018ac1411e14: 83e4 f049 | ba10 79a4 | bffc 7f00 | 0041 ffd2 

  0x0000018ac1411e24: ;   {section_word}
  0x0000018ac1411e24: f449 ba25 | 1e41 c18a | 0100 0041 

  0x0000018ac1411e30: ;   {runtime_call DeoptimizationBlob}
  0x0000018ac1411e30: 52e9 6a4e | f906 f4f4 
[/MachCode]


Compiled method (c1)   50637 3417   !   3       com.sun.glass.ui.InvokeLaterDispatcher$Future::run (91 bytes)
 total in heap  [0x0000018ac15c6590,0x0000018ac15c6f38] = 2472
 relocation     [0x0000018ac15c66f0,0x0000018ac15c6770] = 128
 main code      [0x0000018ac15c6780,0x0000018ac15c6be0] = 1120
 stub code      [0x0000018ac15c6be0,0x0000018ac15c6c48] = 104
 oops           [0x0000018ac15c6c48,0x0000018ac15c6c50] = 8
 metadata       [0x0000018ac15c6c50,0x0000018ac15c6c58] = 8
 scopes data    [0x0000018ac15c6c58,0x0000018ac15c6d10] = 184
 scopes pcs     [0x0000018ac15c6d10,0x0000018ac15c6e20] = 272
 dependencies   [0x0000018ac15c6e20,0x0000018ac15c6e28] = 8
 handler table  [0x0000018ac15c6e28,0x0000018ac15c6ee8] = 192
 nul chk table  [0x0000018ac15c6ee8,0x0000018ac15c6f38] = 80

[Constant Pool (empty)]

[MachCode]
[Entry Point]
  # {method} {0x0000018b1f58e1a8} 'run' '()V' in 'com/sun/glass/ui/InvokeLaterDispatcher$Future'
  #           [sp+0x70]  (sp of caller)
  0x0000018ac15c6780: 448b 5208 | 49bb 0000 | 00de 8a01 | 0000 4d03 | d34c 3bd0 

  0x0000018ac15c6794: ;   {runtime_call ic_miss_stub}
  0x0000018ac15c6794: 0f85 e6a8 | dd06 660f | 1f44 0000 
[Verified Entry Point]
  0x0000018ac15c67a0: 8984 2400 | 90ff ff55 | 4883 ec60 

  0x0000018ac15c67ac: ;   {metadata(method data for {method} {0x0000018b1f58e1a8} 'run' '()V' in 'com/sun/glass/ui/InvokeLaterDispatcher$Future')}
  0x0000018ac15c67ac: 48be f87a | d11f 8b01 | 0000 8bbe | cc00 0000 | 83c7 0289 | becc 0000 | 0081 e7fe | 0700 0083 
  0x0000018ac15c67cc: ff00 0f84 | fe02 0000 | 8b72 1048 | c1e6 0348 | 3b06 488b 

  0x0000018ac15c67e0: ;   {metadata(method data for {method} {0x0000018b1f58e1a8} 'run' '()V' in 'com/sun/glass/ui/InvokeLaterDispatcher$Future')}
  0x0000018ac15c67e0: fe48 bbf8 | 7ad1 1f8b | 0100 008b | 7f08 49ba | 0000 00de | 8a01 0000 | 4903 fa48 | 3bbb 2001 
  0x0000018ac15c6800: 0000 750d | 4883 8328 | 0100 0001 | e966 0000 | 0048 3bbb | 3001 0000 | 750d 4883 | 8338 0100 
  0x0000018ac15c6820: 0001 e950 | 0000 0048 | 81bb 2001 | 0000 0000 | 0000 7517 | 4889 bb20 | 0100 0048 | c783 2801 
  0x0000018ac15c6840: 0000 0100 | 0000 e92c | 0000 0048 | 81bb 3001 | 0000 0000 | 0000 7517 | 4889 bb30 | 0100 0048 
  0x0000018ac15c6860: c783 3801 | 0000 0100 | 0000 e908 | 0000 0048 | 8383 1001 | 0000 0148 | 8954 2420 | 488b d666 
  0x0000018ac15c6880: 0f1f 4400 | 0048 b800 | f0cd 238b 

  0x0000018ac15c688c: ;   {virtual_call}
  0x0000018ac15c688c: 0100 00e8 

  0x0000018ac15c6890: ; ImmutableOopMap {[32]=Oop }
                      ;*invokeinterface run {reexecute=0 rethrow=0 return_oop=0}
                      ; - com.sun.glass.ui.InvokeLaterDispatcher$Future::run@4 (line 96)
  0x0000018ac15c6890: 7c60 e806 | 488b 5424 | 208b 4214 | 48c1 e003 

  0x0000018ac15c68a0: ; implicit exception: dispatches to 0x0000018ac15c6af8
  0x0000018ac15c68a0: 8bb0 7801 | 0000 48c1 | e603 488d | 7c24 4048 | 8977 0848 | 8b06 4883 | c801 4889 | 07f0 480f 
  0x0000018ac15c68c0: b13e 0f84 | 1300 0000 | 482b c448 | 81e0 07f0 | ffff 4889 | 070f 8527 | 0200 0048 | 8974 2428 
  0x0000018ac15c68e0: c642 0c01 | 8b52 1448 | c1e2 038b | 9278 0100 | 0048 c1e2 | 0348 3b02 

  0x0000018ac15c68f8: ;   {metadata(method data for {method} {0x0000018b1f58e1a8} 'run' '()V' in 'com/sun/glass/ui/InvokeLaterDispatcher$Future')}
  0x0000018ac15c68f8: 488b fa48 | bbf8 7ad1 | 1f8b 0100 | 0048 8383 | 4801 0000 

  0x0000018ac15c690c: ;   {optimized virtual_call}
  0x0000018ac15c690c: 0166 90e8 

  0x0000018ac15c6910: ; ImmutableOopMap {[40]=Oop [72]=Oop }
                      ;*invokevirtual notifyAll {reexecute=0 rethrow=0 return_oop=0}
                      ; - com.sun.glass.ui.InvokeLaterDispatcher$Future::run@31 (line 100)
  0x0000018ac15c6910: acb8 5207 | 488d 4424 | 4048 8b10 | 4885 d20f | 840f 0000 | 0048 8b70 | 08f0 480f | b116 0f85 
  0x0000018ac15c6930: eb01 0000 

  0x0000018ac15c6934: ;   {metadata(method data for {method} {0x0000018b1f58e1a8} 'run' '()V' in 'com/sun/glass/ui/InvokeLaterDispatcher$Future')}
  0x0000018ac15c6934: 48b8 f87a | d11f 8b01 | 0000 ff80 | 8001 0000 | e9c0 0000 | 0049 8b87 | d803 0000 | 4d33 d24d 
  0x0000018ac15c6954: 8997 d803 | 0000 4d33 | d24d 8997 | e003 0000 | 8b72 1448 | c1e6 038b | b678 0100 | 0048 c1e6 
  0x0000018ac15c6974: 0348 8d7c | 2440 4889 | 4424 3048 | 8977 0848 | 8b06 4883 | c801 4889 | 07f0 480f | b13e 0f84 
  0x0000018ac15c6994: 1300 0000 | 482b c448 | 81e0 07f0 | ffff 4889 | 070f 8591 | 0100 0048 | 8974 2438 | c642 0c01 
  0x0000018ac15c69b4: 8b52 1448 | c1e2 038b | 9278 0100 | 0048 c1e2 | 0348 3b02 

  0x0000018ac15c69c8: ;   {metadata(method data for {method} {0x0000018b1f58e1a8} 'run' '()V' in 'com/sun/glass/ui/InvokeLaterDispatcher$Future')}
  0x0000018ac15c69c8: 488b fa48 | bbf8 7ad1 | 1f8b 0100 | 0048 8383 | b001 0000 

  0x0000018ac15c69dc: ;   {optimized virtual_call}
  0x0000018ac15c69dc: 0166 90e8 

  0x0000018ac15c69e0: ; ImmutableOopMap {[48]=Oop [56]=Oop [72]=Oop }
                      ;*invokevirtual notifyAll {reexecute=0 rethrow=0 return_oop=0}
                      ; - com.sun.glass.ui.InvokeLaterDispatcher$Future::run@71 (line 100)
  0x0000018ac15c69e0: 9ca9 dd06 | 488d 4424 | 4048 8b30 | 4885 f60f | 840f 0000 | 0048 8b78 | 08f0 480f | b137 0f85 
  0x0000018ac15c6a00: 5501 0000 | e923 0000 

  0x0000018ac15c6a08: ;   {metadata(method data for {method} {0x0000018b1f58e1a8} 'run' '()V' in 'com/sun/glass/ui/InvokeLaterDispatcher$Future')}
  0x0000018ac15c6a08: 0048 b8f8 | 7ad1 1f8b | 0100 00ff | 8098 0100 | 0048 83c4 

  0x0000018ac15c6a1c: ;   {poll_return}
  0x0000018ac15c6a1c: 605d 493b | a748 0300 | 000f 8741 | 0100 00c3 

  0x0000018ac15c6a2c: ;   {metadata(method data for {method} {0x0000018b1f58e1a8} 'run' '()V' in 'com/sun/glass/ui/InvokeLaterDispatcher$Future')}
  0x0000018ac15c6a2c: 48b8 f87a | d11f 8b01 | 0000 ff80 | e801 0000 | 488b 4424 | 30e9 8b01 | 0000 498b | 87d8 0300 
  0x0000018ac15c6a4c: 004d 33d2 | 4d89 97d8 | 0300 004d | 33d2 4d89 | 97e0 0300 | 0048 8bf0 | 488d 4424 | 4048 8b38 
  0x0000018ac15c6a6c: 4885 ff0f | 840f 0000 | 0048 8b58 | 08f0 480f | b13b 0f85 | fe00 0000 | 488b c6e9 | 4501 0000 
  0x0000018ac15c6a8c: 498b 87d8 | 0300 004d | 33d2 4d89 | 97d8 0300 | 004d 33d2 | 4d89 97e0 | 0300 0048 | 8bf0 488d 
  0x0000018ac15c6aac: 4424 4048 | 8b38 4885 | ff0f 840f | 0000 0048 | 8b58 08f0 | 480f b13b | 0f85 cb00 | 0000 488b 
  0x0000018ac15c6acc: c6e9 ff00 

  0x0000018ac15c6ad0: ;   {metadata({method} {0x0000018b1f58e1a8} 'run' '()V' in 'com/sun/glass/ui/InvokeLaterDispatcher$Future')}
  0x0000018ac15c6ad0: 0000 49ba | a0e1 581f | 8b01 0000 | 4c89 5424 | 0848 c704 | 24ff ffff 

  0x0000018ac15c6ae8: ;   {runtime_call counter_overflow Runtime1 stub}
  0x0000018ac15c6ae8: ffe8 924d 

  0x0000018ac15c6aec: ; ImmutableOopMap {rdx=Oop }
                      ;*synchronization entry
                      ; - com.sun.glass.ui.InvokeLaterDispatcher$Future::run@-1 (line 96)
  0x0000018ac15c6aec: e806 e9e1 

  0x0000018ac15c6af0: ;   {runtime_call throw_null_pointer_exception Runtime1 stub}
  0x0000018ac15c6af0: fcff ffe8 

  0x0000018ac15c6af4: ; ImmutableOopMap {rdx=Oop rsi=Oop }
                      ;*invokeinterface run {reexecute=0 rethrow=0 return_oop=0}
                      ; - com.sun.glass.ui.InvokeLaterDispatcher$Future::run@4 (line 96)
  0x0000018ac15c6af4: a8fc e706 

  0x0000018ac15c6af8: ;   {runtime_call throw_null_pointer_exception Runtime1 stub}
  0x0000018ac15c6af8: e8a3 fce7 

  0x0000018ac15c6afc: ; ImmutableOopMap {rdx=Oop }
                      ;*getfield LOCK {reexecute=1 rethrow=0 return_oop=0}
                      ; - (reexecute) com.sun.glass.ui.InvokeLaterDispatcher$Future::run@13 (line 98)
                      ;   {runtime_call throw_null_pointer_exception Runtime1 stub}
  0x0000018ac15c6afc: 06e8 9efc 

  0x0000018ac15c6b00: ; ImmutableOopMap {rdx=Oop rsi=Oop }
                      ;*monitorenter {reexecute=0 rethrow=0 return_oop=0}
                      ; - com.sun.glass.ui.InvokeLaterDispatcher$Future::run@18 (line 98)
  0x0000018ac15c6b00: e706 4889 | 7424 0848 

  0x0000018ac15c6b08: ;   {runtime_call monitorenter_nofpu Runtime1 stub}
  0x0000018ac15c6b08: 893c 24e8 

  0x0000018ac15c6b0c: ; ImmutableOopMap {rdx=Oop rsi=Oop [72]=Oop }
                      ;*monitorenter {reexecute=0 rethrow=0 return_oop=0}
                      ; - com.sun.glass.ui.InvokeLaterDispatcher$Future::run@18 (line 98)
  0x0000018ac15c6b0c: 702c e806 | e9c6 fdff 

  0x0000018ac15c6b14: ;   {runtime_call throw_null_pointer_exception Runtime1 stub}
  0x0000018ac15c6b14: ffe8 86fc 

  0x0000018ac15c6b18: ; ImmutableOopMap {[40]=Oop [72]=Oop }
                      ;*getfield LOCK {reexecute=1 rethrow=0 return_oop=0}
                      ; - (reexecute) com.sun.glass.ui.InvokeLaterDispatcher$Future::run@28 (line 100)
                      ;   {runtime_call throw_null_pointer_exception Runtime1 stub}
  0x0000018ac15c6b18: e706 e881 

  0x0000018ac15c6b1c: ; ImmutableOopMap {[40]=Oop rdx=Oop [72]=Oop }
                      ;*invokevirtual notifyAll {reexecute=0 rethrow=0 return_oop=0}
                      ; - com.sun.glass.ui.InvokeLaterDispatcher$Future::run@31 (line 100)
  0x0000018ac15c6b1c: fce7 0648 | 8d44 2440 | 4889 0424 

  0x0000018ac15c6b28: ;   {runtime_call monitorexit_nofpu Runtime1 stub}
  0x0000018ac15c6b28: e853 32e8 | 06e9 02fe 

  0x0000018ac15c6b30: ;   {runtime_call throw_null_pointer_exception Runtime1 stub}
  0x0000018ac15c6b30: ffff e869 

  0x0000018ac15c6b34: ; ImmutableOopMap {rdx=Oop rax=Oop }
                      ;*getfield LOCK {reexecute=1 rethrow=0 return_oop=0}
                      ; - (reexecute) com.sun.glass.ui.InvokeLaterDispatcher$Future::run@52 (line 98)
                      ;   {runtime_call throw_null_pointer_exception Runtime1 stub}
  0x0000018ac15c6b34: fce7 06e8 

  0x0000018ac15c6b38: ; ImmutableOopMap {rdx=Oop rsi=Oop [48]=Oop }
                      ;*monitorenter {reexecute=0 rethrow=0 return_oop=0}
                      ; - com.sun.glass.ui.InvokeLaterDispatcher$Future::run@58 (line 98)
  0x0000018ac15c6b38: 64fc e706 | 4889 7424 | 0848 893c 

  0x0000018ac15c6b44: ;   {runtime_call monitorenter_nofpu Runtime1 stub}
  0x0000018ac15c6b44: 24e8 362c 

  0x0000018ac15c6b48: ; ImmutableOopMap {rdx=Oop rsi=Oop [48]=Oop [72]=Oop }
                      ;*monitorenter {reexecute=0 rethrow=0 return_oop=0}
                      ; - com.sun.glass.ui.InvokeLaterDispatcher$Future::run@58 (line 98)
  0x0000018ac15c6b48: e806 e95c 

  0x0000018ac15c6b4c: ;   {runtime_call throw_null_pointer_exception Runtime1 stub}
  0x0000018ac15c6b4c: feff ffe8 

  0x0000018ac15c6b50: ; ImmutableOopMap {[56]=Oop [48]=Oop [72]=Oop }
                      ;*getfield LOCK {reexecute=1 rethrow=0 return_oop=0}
                      ; - (reexecute) com.sun.glass.ui.InvokeLaterDispatcher$Future::run@68 (line 100)
  0x0000018ac15c6b50: 4cfc e706 

  0x0000018ac15c6b54: ;   {runtime_call throw_null_pointer_exception Runtime1 stub}
  0x0000018ac15c6b54: e847 fce7 

  0x0000018ac15c6b58: ; ImmutableOopMap {[56]=Oop [48]=Oop rdx=Oop [72]=Oop }
                      ;*invokevirtual notifyAll {reexecute=0 rethrow=0 return_oop=0}
                      ; - com.sun.glass.ui.InvokeLaterDispatcher$Future::run@71 (line 100)
  0x0000018ac15c6b58: 0648 8d44 | 2440 4889 

  0x0000018ac15c6b60: ;   {runtime_call monitorexit_nofpu Runtime1 stub}
  0x0000018ac15c6b60: 0424 e819 | 32e8 06e9 | 98fe ffff 

  0x0000018ac15c6b6c: ;   {internal_word}
  0x0000018ac15c6b6c: 49ba 1e6a | 5cc1 8a01 | 0000 4d89 | 9760 0300 

  0x0000018ac15c6b7c: ;   {runtime_call SafepointBlob}
  0x0000018ac15c6b7c: 00e9 7e0e | de06 488d | 4424 4048 

  0x0000018ac15c6b88: ;   {runtime_call monitorexit_nofpu Runtime1 stub}
  0x0000018ac15c6b88: 8904 24e8 | f031 e806 | e9ef feff | ff48 8d44 | 2440 4889 

  0x0000018ac15c6b9c: ;   {runtime_call monitorexit_nofpu Runtime1 stub}
  0x0000018ac15c6b9c: 0424 e8dd | 31e8 06e9 | 22ff ffff | 488b 5424 | 20e9 97fd | ffff 9090 | 498b 87d8 | 0300 0049 
  0x0000018ac15c6bbc: c787 d803 | 0000 0000 | 0000 49c7 | 87e0 0300 | 0000 0000 | 0048 83c4 

  0x0000018ac15c6bd4: ;   {runtime_call unwind_exception Runtime1 stub}
  0x0000018ac15c6bd4: 605d e9a5 | ece7 06f4 | f4f4 f4f4 
[Stub Code]
  0x0000018ac15c6be0: ;   {no_reloc}
  0x0000018ac15c6be0: 0f1f 4400 

  0x0000018ac15c6be4: ;   {static_stub}
  0x0000018ac15c6be4: 0048 bb00 | 0000 0000 

  0x0000018ac15c6bec: ;   {runtime_call}
  0x0000018ac15c6bec: 0000 00e9 | fbff ffff 

  0x0000018ac15c6bf4: ;   {static_stub}
  0x0000018ac15c6bf4: 9048 bb00 | 0000 0000 

  0x0000018ac15c6bfc: ;   {runtime_call}
  0x0000018ac15c6bfc: 0000 00e9 | fbff ffff 

  0x0000018ac15c6c04: ;   {static_stub}
  0x0000018ac15c6c04: 9048 bb00 | 0000 0000 

  0x0000018ac15c6c0c: ;   {runtime_call}
  0x0000018ac15c6c0c: 0000 00e9 | fbff ffff 
[Exception Handler]
  0x0000018ac15c6c14: ;   {runtime_call handle_exception_from_callee Runtime1 stub}
  0x0000018ac15c6c14: e867 19e8 

  0x0000018ac15c6c18: ;   {external_word}
  0x0000018ac15c6c18: 0648 b9a0 | e9db bffc | 7f00 0048 

  0x0000018ac15c6c24: ;   {runtime_call}
  0x0000018ac15c6c24: 83e4 f049 | ba10 79a4 | bffc 7f00 | 0041 ffd2 

  0x0000018ac15c6c34: ;   {section_word}
  0x0000018ac15c6c34: f449 ba35 | 6c5c c18a | 0100 0041 

  0x0000018ac15c6c40: ;   {runtime_call DeoptimizationBlob}
  0x0000018ac15c6c40: 52e9 5a00 | de06 f4f4 
[/MachCode]


---------------  P R O C E S S  ---------------

Threads class SMR info:
_java_thread_list=0x0000018b23e3e230, length=19, elements={
0x0000018ab79ce540, 0x0000018ada774210, 0x0000018ada774dd0, 0x0000018ada78ef90,
0x0000018ada793580, 0x0000018ada7966d0, 0x0000018ada798b50, 0x0000018ada7a4c60,
0x0000018ada7a7330, 0x0000018ada798130, 0x0000018ada799570, 0x0000018ada797200,
0x0000018ada797710, 0x0000018ada796cf0, 0x0000018ada797c20, 0x0000018ada799a80,
0x0000018ada798640, 0x0000018ada799060, 0x0000018ada799f90
}

Java Threads: ( => current thread )
  0x0000018ab79ce540 JavaThread "main" [_thread_blocked, id=9760, stack(0x00000008bea00000,0x00000008beb00000)]
  0x0000018ada774210 JavaThread "Reference Handler" daemon [_thread_blocked, id=14348, stack(0x00000008bf100000,0x00000008bf200000)]
  0x0000018ada774dd0 JavaThread "Finalizer" daemon [_thread_blocked, id=11236, stack(0x00000008bf200000,0x00000008bf300000)]
  0x0000018ada78ef90 JavaThread "Signal Dispatcher" daemon [_thread_blocked, id=16180, stack(0x00000008bf300000,0x00000008bf400000)]
  0x0000018ada793580 JavaThread "Attach Listener" daemon [_thread_blocked, id=9920, stack(0x00000008bf400000,0x00000008bf500000)]
  0x0000018ada7966d0 JavaThread "Service Thread" daemon [_thread_blocked, id=14576, stack(0x00000008bf500000,0x00000008bf600000)]
  0x0000018ada798b50 JavaThread "Monitor Deflation Thread" daemon [_thread_blocked, id=10364, stack(0x00000008bf600000,0x00000008bf700000)]
  0x0000018ada7a4c60 JavaThread "C2 CompilerThread0" daemon [_thread_blocked, id=2840, stack(0x00000008bf700000,0x00000008bf800000)]
  0x0000018ada7a7330 JavaThread "C1 CompilerThread0" daemon [_thread_blocked, id=12256, stack(0x00000008bf800000,0x00000008bf900000)]
  0x0000018ada798130 JavaThread "Sweeper thread" daemon [_thread_blocked, id=14580, stack(0x00000008bf900000,0x00000008bfa00000)]
  0x0000018ada799570 JavaThread "Common-Cleaner" daemon [_thread_blocked, id=11736, stack(0x00000008bfb00000,0x00000008bfc00000)]
  0x0000018ada797200 JavaThread "Notification Thread" daemon [_thread_blocked, id=15072, stack(0x00000008c0200000,0x00000008c0300000)]
  0x0000018ada797710 JavaThread "QuantumRenderer-0" daemon [_thread_blocked, id=7620, stack(0x00000008c0400000,0x00000008c0500000)]
  0x0000018ada796cf0 JavaThread "InvokeLaterDispatcher" daemon [_thread_blocked, id=13472, stack(0x00000008c0500000,0x00000008c0600000)]
=>0x0000018ada797c20 JavaThread "JavaFX Application Thread" [_thread_in_native, id=12584, stack(0x00000008c0600000,0x00000008c0700000)]
  0x0000018ada799a80 JavaThread "JavaFX-Launcher" [_thread_blocked, id=15824, stack(0x00000008c0b00000,0x00000008c0c00000)]
  0x0000018ada798640 JavaThread "Thread-2" daemon [_thread_in_native, id=12184, stack(0x00000008c0a00000,0x00000008c0b00000)]
  0x0000018ada799060 JavaThread "Prism Font Disposer" daemon [_thread_blocked, id=15608, stack(0x00000008c1400000,0x00000008c1500000)]
  0x0000018ada799f90 JavaThread "Cleaner-0" daemon [_thread_blocked, id=13048, stack(0x00000008c1500000,0x00000008c1600000)]

Other Threads:
  0x0000018ada76e160 VMThread "VM Thread" [stack: 0x00000008bf000000,0x00000008bf100000] [id=7932]
  0x0000018b232e6c30 WatcherThread [stack: 0x00000008c0300000,0x00000008c0400000] [id=3784]
  0x0000018ab93c7050 GCTaskThread "GC Thread#0" [stack: 0x00000008beb00000,0x00000008bec00000] [id=16148]
  0x0000018b23a45da0 GCTaskThread "GC Thread#1" [stack: 0x00000008c0c00000,0x00000008c0d00000] [id=1892]
  0x0000018b239b7e20 GCTaskThread "GC Thread#2" [stack: 0x00000008c0d00000,0x00000008c0e00000] [id=16476]
  0x0000018b23a007a0 GCTaskThread "GC Thread#3" [stack: 0x00000008c0e00000,0x00000008c0f00000] [id=7044]
  0x0000018b23a43860 GCTaskThread "GC Thread#4" [stack: 0x00000008c0f00000,0x00000008c1000000] [id=2276]
  0x0000018b23805310 GCTaskThread "GC Thread#5" [stack: 0x00000008c1000000,0x00000008c1100000] [id=2388]
  0x0000018b296f7490 GCTaskThread "GC Thread#6" [stack: 0x00000008bfd00000,0x00000008bfe00000] [id=14892]
  0x0000018b23c66c90 GCTaskThread "GC Thread#7" [stack: 0x00000008bfe00000,0x00000008bff00000] [id=3556]
  0x0000018b240b3c20 GCTaskThread "GC Thread#8" [stack: 0x00000008bff00000,0x00000008c0000000] [id=12768]
  0x0000018b24421a60 GCTaskThread "GC Thread#9" [stack: 0x00000008c0000000,0x00000008c0100000] [id=10212]
  0x0000018ab93d49f0 ConcurrentGCThread "G1 Main Marker" [stack: 0x00000008bec00000,0x00000008bed00000] [id=1884]
  0x0000018ada5f2560 ConcurrentGCThread "G1 Conc#0" [stack: 0x00000008bed00000,0x00000008bee00000] [id=7796]
  0x0000018ada6a63b0 ConcurrentGCThread "G1 Refine#0" [stack: 0x00000008bee00000,0x00000008bef00000] [id=13448]
  0x0000018ada6a7ba0 ConcurrentGCThread "G1 Service" [stack: 0x00000008bef00000,0x00000008bf000000] [id=7764]

Threads with active compile tasks:

VM state: not at safepoint (normal execution)

VM Mutex/Monitor currently owned by a thread: None

Heap address: 0x0000000703400000, size: 4044 MB, Compressed Oops mode: Zero based, Oop shift amount: 3

CDS archive(s) mapped at: [0x0000018ade000000-0x0000018adebb0000-0x0000018adebb0000), size 12255232, SharedBaseAddress: 0x0000018ade000000, ArchiveRelocationMode: 1.
Compressed class space mapped at: 0x0000018adf000000-0x0000018b1f000000, reserved size: 1073741824
Narrow klass base: 0x0000018ade000000, Narrow klass shift: 0, Narrow klass range: 0x100000000

GC Precious Log:
 CPUs: 16 total, 16 available
 Memory: 16168M
 Large Page Support: Disabled
 NUMA Support: Disabled
 Compressed Oops: Enabled (Zero based)
 Heap Region Size: 2M
 Heap Min Capacity: 8M
 Heap Initial Capacity: 254M
 Heap Max Capacity: 4044M
 Pre-touch: Disabled
 Parallel Workers: 13
 Concurrent Workers: 3
 Concurrent Refinement Workers: 13
 Periodic GC: Disabled

Heap:
 garbage-first heap   total 260096K, used 39526K [0x0000000703400000, 0x0000000800000000)
  region size 2048K, 19 young (38912K), 3 survivors (6144K)
 Metaspace       used 15096K, committed 15296K, reserved 1114112K
  class space    used 1963K, committed 2048K, reserved 1048576K

Heap Regions: E=young(eden), S=young(survivor), O=old, HS=humongous(starts), HC=humongous(continues), CS=collection set, F=free, OA=open archive, CA=closed archive, TAMS=top-at-mark-start (previous, next)
|   0|0x0000000703400000, 0x0000000703600000, 0x0000000703600000|100%|HS|  |TAMS 0x0000000703400000, 0x0000000703400000| Complete 
|   1|0x0000000703600000, 0x0000000703699800, 0x0000000703800000| 29%| O|  |TAMS 0x0000000703600000, 0x0000000703600000| Untracked 
|   2|0x0000000703800000, 0x0000000703800000, 0x0000000703a00000|  0%| F|  |TAMS 0x0000000703800000, 0x0000000703800000| Untracked 
|   3|0x0000000703a00000, 0x0000000703a00000, 0x0000000703c00000|  0%| F|  |TAMS 0x0000000703a00000, 0x0000000703a00000| Untracked 
|   4|0x0000000703c00000, 0x0000000703c00000, 0x0000000703e00000|  0%| F|  |TAMS 0x0000000703c00000, 0x0000000703c00000| Untracked 
|   5|0x0000000703e00000, 0x0000000703e00000, 0x0000000704000000|  0%| F|  |TAMS 0x0000000703e00000, 0x0000000703e00000| Untracked 
|   6|0x0000000704000000, 0x0000000704000000, 0x0000000704200000|  0%| F|  |TAMS 0x0000000704000000, 0x0000000704000000| Untracked 
|   7|0x0000000704200000, 0x0000000704200000, 0x0000000704400000|  0%| F|  |TAMS 0x0000000704200000, 0x0000000704200000| Untracked 
|   8|0x0000000704400000, 0x0000000704400000, 0x0000000704600000|  0%| F|  |TAMS 0x0000000704400000, 0x0000000704400000| Untracked 
|   9|0x0000000704600000, 0x0000000704600000, 0x0000000704800000|  0%| F|  |TAMS 0x0000000704600000, 0x0000000704600000| Untracked 
|  10|0x0000000704800000, 0x0000000704800000, 0x0000000704a00000|  0%| F|  |TAMS 0x0000000704800000, 0x0000000704800000| Untracked 
|  11|0x0000000704a00000, 0x0000000704a00000, 0x0000000704c00000|  0%| F|  |TAMS 0x0000000704a00000, 0x0000000704a00000| Untracked 
|  12|0x0000000704c00000, 0x0000000704c00000, 0x0000000704e00000|  0%| F|  |TAMS 0x0000000704c00000, 0x0000000704c00000| Untracked 
|  13|0x0000000704e00000, 0x0000000704e00000, 0x0000000705000000|  0%| F|  |TAMS 0x0000000704e00000, 0x0000000704e00000| Untracked 
|  14|0x0000000705000000, 0x0000000705000000, 0x0000000705200000|  0%| F|  |TAMS 0x0000000705000000, 0x0000000705000000| Untracked 
|  15|0x0000000705200000, 0x0000000705200000, 0x0000000705400000|  0%| F|  |TAMS 0x0000000705200000, 0x0000000705200000| Untracked 
|  16|0x0000000705400000, 0x0000000705400000, 0x0000000705600000|  0%| F|  |TAMS 0x0000000705400000, 0x0000000705400000| Untracked 
|  17|0x0000000705600000, 0x0000000705600000, 0x0000000705800000|  0%| F|  |TAMS 0x0000000705600000, 0x0000000705600000| Untracked 
|  18|0x0000000705800000, 0x0000000705800000, 0x0000000705a00000|  0%| F|  |TAMS 0x0000000705800000, 0x0000000705800000| Untracked 
|  19|0x0000000705a00000, 0x0000000705a00000, 0x0000000705c00000|  0%| F|  |TAMS 0x0000000705a00000, 0x0000000705a00000| Untracked 
|  20|0x0000000705c00000, 0x0000000705c00000, 0x0000000705e00000|  0%| F|  |TAMS 0x0000000705c00000, 0x0000000705c00000| Untracked 
|  21|0x0000000705e00000, 0x0000000705e00000, 0x0000000706000000|  0%| F|  |TAMS 0x0000000705e00000, 0x0000000705e00000| Untracked 
|  22|0x0000000706000000, 0x0000000706000000, 0x0000000706200000|  0%| F|  |TAMS 0x0000000706000000, 0x0000000706000000| Untracked 
|  23|0x0000000706200000, 0x0000000706200000, 0x0000000706400000|  0%| F|  |TAMS 0x0000000706200000, 0x0000000706200000| Untracked 
|  24|0x0000000706400000, 0x0000000706400000, 0x0000000706600000|  0%| F|  |TAMS 0x0000000706400000, 0x0000000706400000| Untracked 
|  25|0x0000000706600000, 0x0000000706600000, 0x0000000706800000|  0%| F|  |TAMS 0x0000000706600000, 0x0000000706600000| Untracked 
|  26|0x0000000706800000, 0x0000000706800000, 0x0000000706a00000|  0%| F|  |TAMS 0x0000000706800000, 0x0000000706800000| Untracked 
|  27|0x0000000706a00000, 0x0000000706a00000, 0x0000000706c00000|  0%| F|  |TAMS 0x0000000706a00000, 0x0000000706a00000| Untracked 
|  28|0x0000000706c00000, 0x0000000706c00000, 0x0000000706e00000|  0%| F|  |TAMS 0x0000000706c00000, 0x0000000706c00000| Untracked 
|  29|0x0000000706e00000, 0x0000000706e00000, 0x0000000707000000|  0%| F|  |TAMS 0x0000000706e00000, 0x0000000706e00000| Untracked 
|  30|0x0000000707000000, 0x0000000707000000, 0x0000000707200000|  0%| F|  |TAMS 0x0000000707000000, 0x0000000707000000| Untracked 
|  31|0x0000000707200000, 0x0000000707200000, 0x0000000707400000|  0%| F|  |TAMS 0x0000000707200000, 0x0000000707200000| Untracked 
|  32|0x0000000707400000, 0x0000000707400000, 0x0000000707600000|  0%| F|  |TAMS 0x0000000707400000, 0x0000000707400000| Untracked 
|  33|0x0000000707600000, 0x0000000707600000, 0x0000000707800000|  0%| F|  |TAMS 0x0000000707600000, 0x0000000707600000| Untracked 
|  34|0x0000000707800000, 0x0000000707800000, 0x0000000707a00000|  0%| F|  |TAMS 0x0000000707800000, 0x0000000707800000| Untracked 
|  35|0x0000000707a00000, 0x0000000707a00000, 0x0000000707c00000|  0%| F|  |TAMS 0x0000000707a00000, 0x0000000707a00000| Untracked 
|  36|0x0000000707c00000, 0x0000000707c00000, 0x0000000707e00000|  0%| F|  |TAMS 0x0000000707c00000, 0x0000000707c00000| Untracked 
|  37|0x0000000707e00000, 0x0000000707e00000, 0x0000000708000000|  0%| F|  |TAMS 0x0000000707e00000, 0x0000000707e00000| Untracked 
|  38|0x0000000708000000, 0x0000000708000000, 0x0000000708200000|  0%| F|  |TAMS 0x0000000708000000, 0x0000000708000000| Untracked 
|  39|0x0000000708200000, 0x0000000708200000, 0x0000000708400000|  0%| F|  |TAMS 0x0000000708200000, 0x0000000708200000| Untracked 
|  40|0x0000000708400000, 0x0000000708400000, 0x0000000708600000|  0%| F|  |TAMS 0x0000000708400000, 0x0000000708400000| Untracked 
|  41|0x0000000708600000, 0x0000000708600000, 0x0000000708800000|  0%| F|  |TAMS 0x0000000708600000, 0x0000000708600000| Untracked 
|  42|0x0000000708800000, 0x0000000708800000, 0x0000000708a00000|  0%| F|  |TAMS 0x0000000708800000, 0x0000000708800000| Untracked 
|  43|0x0000000708a00000, 0x0000000708a00000, 0x0000000708c00000|  0%| F|  |TAMS 0x0000000708a00000, 0x0000000708a00000| Untracked 
|  44|0x0000000708c00000, 0x0000000708c00000, 0x0000000708e00000|  0%| F|  |TAMS 0x0000000708c00000, 0x0000000708c00000| Untracked 
|  45|0x0000000708e00000, 0x0000000708e00000, 0x0000000709000000|  0%| F|  |TAMS 0x0000000708e00000, 0x0000000708e00000| Untracked 
|  46|0x0000000709000000, 0x0000000709000000, 0x0000000709200000|  0%| F|  |TAMS 0x0000000709000000, 0x0000000709000000| Untracked 
|  47|0x0000000709200000, 0x0000000709200000, 0x0000000709400000|  0%| F|  |TAMS 0x0000000709200000, 0x0000000709200000| Untracked 
|  48|0x0000000709400000, 0x0000000709400000, 0x0000000709600000|  0%| F|  |TAMS 0x0000000709400000, 0x0000000709400000| Untracked 
|  49|0x0000000709600000, 0x0000000709600000, 0x0000000709800000|  0%| F|  |TAMS 0x0000000709600000, 0x0000000709600000| Untracked 
|  50|0x0000000709800000, 0x0000000709800000, 0x0000000709a00000|  0%| F|  |TAMS 0x0000000709800000, 0x0000000709800000| Untracked 
|  51|0x0000000709a00000, 0x0000000709a00000, 0x0000000709c00000|  0%| F|  |TAMS 0x0000000709a00000, 0x0000000709a00000| Untracked 
|  52|0x0000000709c00000, 0x0000000709c00000, 0x0000000709e00000|  0%| F|  |TAMS 0x0000000709c00000, 0x0000000709c00000| Untracked 
|  53|0x0000000709e00000, 0x0000000709e00000, 0x000000070a000000|  0%| F|  |TAMS 0x0000000709e00000, 0x0000000709e00000| Untracked 
|  54|0x000000070a000000, 0x000000070a000000, 0x000000070a200000|  0%| F|  |TAMS 0x000000070a000000, 0x000000070a000000| Untracked 
|  55|0x000000070a200000, 0x000000070a200000, 0x000000070a400000|  0%| F|  |TAMS 0x000000070a200000, 0x000000070a200000| Untracked 
|  56|0x000000070a400000, 0x000000070a400000, 0x000000070a600000|  0%| F|  |TAMS 0x000000070a400000, 0x000000070a400000| Untracked 
|  57|0x000000070a600000, 0x000000070a600000, 0x000000070a800000|  0%| F|  |TAMS 0x000000070a600000, 0x000000070a600000| Untracked 
|  58|0x000000070a800000, 0x000000070a800000, 0x000000070aa00000|  0%| F|  |TAMS 0x000000070a800000, 0x000000070a800000| Untracked 
|  59|0x000000070aa00000, 0x000000070aa00000, 0x000000070ac00000|  0%| F|  |TAMS 0x000000070aa00000, 0x000000070aa00000| Untracked 
|  60|0x000000070ac00000, 0x000000070ac00000, 0x000000070ae00000|  0%| F|  |TAMS 0x000000070ac00000, 0x000000070ac00000| Untracked 
|  61|0x000000070ae00000, 0x000000070ae00000, 0x000000070b000000|  0%| F|  |TAMS 0x000000070ae00000, 0x000000070ae00000| Untracked 
|  62|0x000000070b000000, 0x000000070b000000, 0x000000070b200000|  0%| F|  |TAMS 0x000000070b000000, 0x000000070b000000| Untracked 
|  63|0x000000070b200000, 0x000000070b200000, 0x000000070b400000|  0%| F|  |TAMS 0x000000070b200000, 0x000000070b200000| Untracked 
|  64|0x000000070b400000, 0x000000070b400000, 0x000000070b600000|  0%| F|  |TAMS 0x000000070b400000, 0x000000070b400000| Untracked 
|  65|0x000000070b600000, 0x000000070b600000, 0x000000070b800000|  0%| F|  |TAMS 0x000000070b600000, 0x000000070b600000| Untracked 
|  66|0x000000070b800000, 0x000000070b800000, 0x000000070ba00000|  0%| F|  |TAMS 0x000000070b800000, 0x000000070b800000| Untracked 
|  67|0x000000070ba00000, 0x000000070ba00000, 0x000000070bc00000|  0%| F|  |TAMS 0x000000070ba00000, 0x000000070ba00000| Untracked 
|  68|0x000000070bc00000, 0x000000070bc00000, 0x000000070be00000|  0%| F|  |TAMS 0x000000070bc00000, 0x000000070bc00000| Untracked 
|  69|0x000000070be00000, 0x000000070be00000, 0x000000070c000000|  0%| F|  |TAMS 0x000000070be00000, 0x000000070be00000| Untracked 
|  70|0x000000070c000000, 0x000000070c000000, 0x000000070c200000|  0%| F|  |TAMS 0x000000070c000000, 0x000000070c000000| Untracked 
|  71|0x000000070c200000, 0x000000070c200000, 0x000000070c400000|  0%| F|  |TAMS 0x000000070c200000, 0x000000070c200000| Untracked 
|  72|0x000000070c400000, 0x000000070c400000, 0x000000070c600000|  0%| F|  |TAMS 0x000000070c400000, 0x000000070c400000| Untracked 
|  73|0x000000070c600000, 0x000000070c600000, 0x000000070c800000|  0%| F|  |TAMS 0x000000070c600000, 0x000000070c600000| Untracked 
|  74|0x000000070c800000, 0x000000070c800000, 0x000000070ca00000|  0%| F|  |TAMS 0x000000070c800000, 0x000000070c800000| Untracked 
|  75|0x000000070ca00000, 0x000000070ca00000, 0x000000070cc00000|  0%| F|  |TAMS 0x000000070ca00000, 0x000000070ca00000| Untracked 
|  76|0x000000070cc00000, 0x000000070cc00000, 0x000000070ce00000|  0%| F|  |TAMS 0x000000070cc00000, 0x000000070cc00000| Untracked 
|  77|0x000000070ce00000, 0x000000070ce00000, 0x000000070d000000|  0%| F|  |TAMS 0x000000070ce00000, 0x000000070ce00000| Untracked 
|  78|0x000000070d000000, 0x000000070d000000, 0x000000070d200000|  0%| F|  |TAMS 0x000000070d000000, 0x000000070d000000| Untracked 
|  79|0x000000070d200000, 0x000000070d200000, 0x000000070d400000|  0%| F|  |TAMS 0x000000070d200000, 0x000000070d200000| Untracked 
|  80|0x000000070d400000, 0x000000070d400000, 0x000000070d600000|  0%| F|  |TAMS 0x000000070d400000, 0x000000070d400000| Untracked 
|  81|0x000000070d600000, 0x000000070d600000, 0x000000070d800000|  0%| F|  |TAMS 0x000000070d600000, 0x000000070d600000| Untracked 
|  82|0x000000070d800000, 0x000000070d800000, 0x000000070da00000|  0%| F|  |TAMS 0x000000070d800000, 0x000000070d800000| Untracked 
|  83|0x000000070da00000, 0x000000070da00000, 0x000000070dc00000|  0%| F|  |TAMS 0x000000070da00000, 0x000000070da00000| Untracked 
|  84|0x000000070dc00000, 0x000000070dc00000, 0x000000070de00000|  0%| F|  |TAMS 0x000000070dc00000, 0x000000070dc00000| Untracked 
|  85|0x000000070de00000, 0x000000070de00000, 0x000000070e000000|  0%| F|  |TAMS 0x000000070de00000, 0x000000070de00000| Untracked 
|  86|0x000000070e000000, 0x000000070e000000, 0x000000070e200000|  0%| F|  |TAMS 0x000000070e000000, 0x000000070e000000| Untracked 
|  87|0x000000070e200000, 0x000000070e200000, 0x000000070e400000|  0%| F|  |TAMS 0x000000070e200000, 0x000000070e200000| Untracked 
|  88|0x000000070e400000, 0x000000070e400000, 0x000000070e600000|  0%| F|  |TAMS 0x000000070e400000, 0x000000070e400000| Untracked 
|  89|0x000000070e600000, 0x000000070e600000, 0x000000070e800000|  0%| F|  |TAMS 0x000000070e600000, 0x000000070e600000| Untracked 
|  90|0x000000070e800000, 0x000000070e800000, 0x000000070ea00000|  0%| F|  |TAMS 0x000000070e800000, 0x000000070e800000| Untracked 
|  91|0x000000070ea00000, 0x000000070ea00000, 0x000000070ec00000|  0%| F|  |TAMS 0x000000070ea00000, 0x000000070ea00000| Untracked 
|  92|0x000000070ec00000, 0x000000070ec00000, 0x000000070ee00000|  0%| F|  |TAMS 0x000000070ec00000, 0x000000070ec00000| Untracked 
|  93|0x000000070ee00000, 0x000000070ee00000, 0x000000070f000000|  0%| F|  |TAMS 0x000000070ee00000, 0x000000070ee00000| Untracked 
|  94|0x000000070f000000, 0x000000070f000000, 0x000000070f200000|  0%| F|  |TAMS 0x000000070f000000, 0x000000070f000000| Untracked 
|  95|0x000000070f200000, 0x000000070f200000, 0x000000070f400000|  0%| F|  |TAMS 0x000000070f200000, 0x000000070f200000| Untracked 
|  96|0x000000070f400000, 0x000000070f400000, 0x000000070f600000|  0%| F|  |TAMS 0x000000070f400000, 0x000000070f400000| Untracked 
|  97|0x000000070f600000, 0x000000070f600000, 0x000000070f800000|  0%| F|  |TAMS 0x000000070f600000, 0x000000070f600000| Untracked 
|  98|0x000000070f800000, 0x000000070f800000, 0x000000070fa00000|  0%| F|  |TAMS 0x000000070f800000, 0x000000070f800000| Untracked 
|  99|0x000000070fa00000, 0x000000070fa00000, 0x000000070fc00000|  0%| F|  |TAMS 0x000000070fa00000, 0x000000070fa00000| Untracked 
| 100|0x000000070fc00000, 0x000000070fc00000, 0x000000070fe00000|  0%| F|  |TAMS 0x000000070fc00000, 0x000000070fc00000| Untracked 
| 101|0x000000070fe00000, 0x000000070fe00000, 0x0000000710000000|  0%| F|  |TAMS 0x000000070fe00000, 0x000000070fe00000| Untracked 
| 102|0x0000000710000000, 0x0000000710000000, 0x0000000710200000|  0%| F|  |TAMS 0x0000000710000000, 0x0000000710000000| Untracked 
| 103|0x0000000710200000, 0x0000000710400000, 0x0000000710400000|100%| S|CS|TAMS 0x0000000710200000, 0x0000000710200000| Complete 
| 104|0x0000000710400000, 0x0000000710600000, 0x0000000710600000|100%| S|CS|TAMS 0x0000000710400000, 0x0000000710400000| Complete 
| 105|0x0000000710600000, 0x0000000710800000, 0x0000000710800000|100%| S|CS|TAMS 0x0000000710600000, 0x0000000710600000| Complete 
| 106|0x0000000710800000, 0x0000000710800000, 0x0000000710a00000|  0%| F|  |TAMS 0x0000000710800000, 0x0000000710800000| Untracked 
| 107|0x0000000710a00000, 0x0000000710a00000, 0x0000000710c00000|  0%| F|  |TAMS 0x0000000710a00000, 0x0000000710a00000| Untracked 
| 108|0x0000000710c00000, 0x0000000710c00000, 0x0000000710e00000|  0%| F|  |TAMS 0x0000000710c00000, 0x0000000710c00000| Untracked 
| 109|0x0000000710e00000, 0x0000000710e00000, 0x0000000711000000|  0%| F|  |TAMS 0x0000000710e00000, 0x0000000710e00000| Untracked 
| 110|0x0000000711000000, 0x0000000711000000, 0x0000000711200000|  0%| F|  |TAMS 0x0000000711000000, 0x0000000711000000| Untracked 
| 111|0x0000000711200000, 0x00000007113f34e8, 0x0000000711400000| 97%| E|  |TAMS 0x0000000711200000, 0x0000000711200000| Complete 
| 112|0x0000000711400000, 0x0000000711600000, 0x0000000711600000|100%| E|CS|TAMS 0x0000000711400000, 0x0000000711400000| Complete 
| 113|0x0000000711600000, 0x0000000711800000, 0x0000000711800000|100%| E|CS|TAMS 0x0000000711600000, 0x0000000711600000| Complete 
| 114|0x0000000711800000, 0x0000000711a00000, 0x0000000711a00000|100%| E|CS|TAMS 0x0000000711800000, 0x0000000711800000| Complete 
| 115|0x0000000711a00000, 0x0000000711c00000, 0x0000000711c00000|100%| E|CS|TAMS 0x0000000711a00000, 0x0000000711a00000| Complete 
| 116|0x0000000711c00000, 0x0000000711e00000, 0x0000000711e00000|100%| E|CS|TAMS 0x0000000711c00000, 0x0000000711c00000| Complete 
| 117|0x0000000711e00000, 0x0000000712000000, 0x0000000712000000|100%| E|CS|TAMS 0x0000000711e00000, 0x0000000711e00000| Complete 
| 118|0x0000000712000000, 0x0000000712200000, 0x0000000712200000|100%| E|CS|TAMS 0x0000000712000000, 0x0000000712000000| Complete 
| 119|0x0000000712200000, 0x0000000712400000, 0x0000000712400000|100%| E|CS|TAMS 0x0000000712200000, 0x0000000712200000| Complete 
| 120|0x0000000712400000, 0x0000000712600000, 0x0000000712600000|100%| E|CS|TAMS 0x0000000712400000, 0x0000000712400000| Complete 
| 121|0x0000000712600000, 0x0000000712800000, 0x0000000712800000|100%| E|CS|TAMS 0x0000000712600000, 0x0000000712600000| Complete 
| 122|0x0000000712800000, 0x0000000712a00000, 0x0000000712a00000|100%| E|CS|TAMS 0x0000000712800000, 0x0000000712800000| Complete 
| 123|0x0000000712a00000, 0x0000000712c00000, 0x0000000712c00000|100%| E|CS|TAMS 0x0000000712a00000, 0x0000000712a00000| Complete 
| 124|0x0000000712c00000, 0x0000000712e00000, 0x0000000712e00000|100%| E|CS|TAMS 0x0000000712c00000, 0x0000000712c00000| Complete 
| 125|0x0000000712e00000, 0x0000000713000000, 0x0000000713000000|100%| E|CS|TAMS 0x0000000712e00000, 0x0000000712e00000| Complete 
| 126|0x0000000713000000, 0x0000000713200000, 0x0000000713200000|100%| E|CS|TAMS 0x0000000713000000, 0x0000000713000000| Complete 

Card table byte_map: [0x0000018ad16a0000,0x0000018ad1e90000] _byte_map_base: 0x0000018acde86000

Marking Bits (Prev, Next): (CMBitMap*) 0x0000018ab93c7670, (CMBitMap*) 0x0000018ab93c76b0
 Prev Bits: [0x0000018ad2680000, 0x0000018ad65b0000)
 Next Bits: [0x0000018ad65b0000, 0x0000018ada4e0000)

Polling page: 0x0000018ab7ad0000

Metaspace:

Usage:
  Non-class:     12.83 MB used.
      Class:      1.92 MB used.
       Both:     14.74 MB used.

Virtual space:
  Non-class space:       64.00 MB reserved,      12.94 MB ( 20%) committed,  1 nodes.
      Class space:        1.00 GB reserved,       2.00 MB ( <1%) committed,  1 nodes.
             Both:        1.06 GB reserved,      14.94 MB (  1%) committed. 

Chunk freelists:
   Non-Class:  2.06 MB
       Class:  14.01 MB
        Both:  16.07 MB

MaxMetaspaceSize: unlimited
CompressedClassSpaceSize: 1.00 GB
Initial GC threshold: 21.00 MB
Current GC threshold: 21.00 MB
CDS: on
MetaspaceReclaimPolicy: balanced
 - commit_granule_bytes: 65536.
 - commit_granule_words: 8192.
 - virtual_space_node_default_size: 8388608.
 - enlarge_chunks_in_place: 1.
 - new_chunks_are_fully_committed: 0.
 - uncommit_free_chunks: 1.
 - use_allocation_guard: 0.
 - handle_deallocations: 1.


Internal statistics:

num_allocs_failed_limit: 0.
num_arena_births: 196.
num_arena_deaths: 0.
num_vsnodes_births: 2.
num_vsnodes_deaths: 0.
num_space_committed: 239.
num_space_uncommitted: 0.
num_chunks_returned_to_freelist: 0.
num_chunks_taken_from_freelist: 695.
num_chunk_merges: 0.
num_chunk_splits: 504.
num_chunks_enlarged: 414.
num_inconsistent_stats: 0.

CodeHeap 'non-profiled nmethods': size=119168Kb used=2721Kb max_used=2721Kb free=116446Kb
 bounds [0x0000018ac8aa0000, 0x0000018ac8d50000, 0x0000018acff00000]
CodeHeap 'profiled nmethods': size=119104Kb used=10281Kb max_used=10281Kb free=108822Kb
 bounds [0x0000018ac0f00000, 0x0000018ac1910000, 0x0000018ac8350000]
CodeHeap 'non-nmethods': size=7488Kb used=1414Kb max_used=3238Kb free=6073Kb
 bounds [0x0000018ac8350000, 0x0000018ac86a0000, 0x0000018ac8aa0000]
 total_blobs=5665 nmethods=4895 adapters=681
 compilation: enabled
              stopped_count=0, restarted_count=0
 full_count=0

Compilation events (20 events):
Event: 45.774 Thread 0x0000018ada7a7330 4890       3       com.sun.prism.impl.ps.BaseShaderGraphics::fillEllipse (127 bytes)
Event: 45.775 Thread 0x0000018ada7a7330 nmethod 4890 0x0000018ac1905590 code [0x0000018ac19057a0, 0x0000018ac1905da8]
Event: 45.924 Thread 0x0000018ada7a4c60 4891       4       java.util.concurrent.locks.ReentrantLock$NonfairSync::initialTryLock (58 bytes)
Event: 45.925 Thread 0x0000018ada7a4c60 nmethod 4891 0x0000018ac8d46910 code [0x0000018ac8d46aa0, 0x0000018ac8d46c58]
Event: 47.044 Thread 0x0000018ada7a4c60 4892       4       javafx.scene.input.MouseEvent::<init> (208 bytes)
Event: 47.056 Thread 0x0000018ada7a4c60 nmethod 4892 0x0000018ac8d46d10 code [0x0000018ac8d46ee0, 0x0000018ac8d47d68]
Event: 47.108 Thread 0x0000018ada7a4c60 4893       4       javafx.scene.input.MouseEvent::<init> (45 bytes)
Event: 47.108 Thread 0x0000018ada7a4c60 nmethod 4893 0x0000018ac8d48110 code [0x0000018ac8d482a0, 0x0000018ac8d48448]
Event: 47.537 Thread 0x0000018ada7a7330 4894       3       java.util.stream.Collectors$$Lambda$276/0x0000018adf0757b0::accept (14 bytes)
Event: 47.537 Thread 0x0000018ada7a7330 nmethod 4894 0x0000018ac1905f90 code [0x0000018ac1906180, 0x0000018ac1906748]
Event: 47.540 Thread 0x0000018ada7a7330 4895       3       com.sun.javafx.tk.quantum.ViewScene::repaint (30 bytes)
Event: 47.541 Thread 0x0000018ada7a7330 nmethod 4895 0x0000018ac1906990 code [0x0000018ac1906c00, 0x0000018ac1907708]
Event: 47.541 Thread 0x0000018ada7a7330 4896       3       com.sun.javafx.tk.quantum.PaintCollector::done (127 bytes)
Event: 47.542 Thread 0x0000018ada7a7330 nmethod 4896 0x0000018ac1907b10 code [0x0000018ac1907de0, 0x0000018ac1908d18]
Event: 47.542 Thread 0x0000018ada7a7330 4897  s    3       com.sun.javafx.tk.quantum.GlassScene::frameRendered (17 bytes)
Event: 47.542 Thread 0x0000018ada7a7330 nmethod 4897 0x0000018ac1909290 code [0x0000018ac1909440, 0x0000018ac19096a8]
Event: 47.542 Thread 0x0000018ada7a7330 4898   !   3       javafx.scene.Scene$ScenePeerPaintListener::frameRendered (37 bytes)
Event: 47.543 Thread 0x0000018ada7a7330 nmethod 4898 0x0000018ac1909810 code [0x0000018ac1909a00, 0x0000018ac1909fd8]
Event: 50.572 Thread 0x0000018ada7a7330 4899       3       javafx.stage.WindowEvent::getEventType (5 bytes)
Event: 50.572 Thread 0x0000018ada7a7330 nmethod 4899 0x0000018ac190a290 code [0x0000018ac190a420, 0x0000018ac190a538]

GC Heap History (4 events):
Event: 0.351 GC heap before
{Heap before GC invocations=0 (full 0):
 garbage-first heap   total 260096K, used 22528K [0x0000000703400000, 0x0000000800000000)
  region size 2048K, 11 young (22528K), 0 survivors (0K)
 Metaspace       used 4852K, committed 5056K, reserved 1114112K
  class space    used 618K, committed 768K, reserved 1048576K
}
Event: 0.353 GC heap after
{Heap after GC invocations=1 (full 0):
 garbage-first heap   total 260096K, used 2741K [0x0000000703400000, 0x0000000800000000)
  region size 2048K, 2 young (4096K), 2 survivors (4096K)
 Metaspace       used 4852K, committed 5056K, reserved 1114112K
  class space    used 618K, committed 768K, reserved 1048576K
}
Event: 8.370 GC heap before
{Heap before GC invocations=1 (full 0):
 garbage-first heap   total 260096K, used 43701K [0x0000000703400000, 0x0000000800000000)
  region size 2048K, 21 young (43008K), 2 survivors (4096K)
 Metaspace       used 13807K, committed 13952K, reserved 1114112K
  class space    used 1889K, committed 1984K, reserved 1048576K
}
Event: 8.374 GC heap after
{Heap after GC invocations=2 (full 0):
 garbage-first heap   total 260096K, used 8806K [0x0000000703400000, 0x0000000800000000)
  region size 2048K, 3 young (6144K), 3 survivors (6144K)
 Metaspace       used 13807K, committed 13952K, reserved 1114112K
  class space    used 1889K, committed 1984K, reserved 1048576K
}

Dll operation events (20 events):
Event: 0.166 Loaded shared library C:\Program Files\Eclipse Adoptium\jdk-17.0.16.8-hotspot\bin\api-ms-win-crt-filesystem-l1-1-0.dll
Event: 0.167 Loaded shared library C:\Program Files\Eclipse Adoptium\jdk-17.0.16.8-hotspot\bin\api-ms-win-crt-heap-l1-1-0.dll
Event: 0.168 Loaded shared library C:\Program Files\Eclipse Adoptium\jdk-17.0.16.8-hotspot\bin\api-ms-win-crt-locale-l1-1-0.dll
Event: 0.169 Loaded shared library C:\Program Files\Eclipse Adoptium\jdk-17.0.16.8-hotspot\bin\api-ms-win-crt-math-l1-1-0.dll
Event: 0.170 Loaded shared library C:\Program Files\Eclipse Adoptium\jdk-17.0.16.8-hotspot\bin\api-ms-win-crt-multibyte-l1-1-0.dll
Event: 0.171 Loaded shared library C:\Program Files\Eclipse Adoptium\jdk-17.0.16.8-hotspot\bin\api-ms-win-crt-private-l1-1-0.dll
Event: 0.173 Loaded shared library C:\Program Files\Eclipse Adoptium\jdk-17.0.16.8-hotspot\bin\api-ms-win-crt-process-l1-1-0.dll
Event: 0.174 Loaded shared library C:\Program Files\Eclipse Adoptium\jdk-17.0.16.8-hotspot\bin\api-ms-win-crt-runtime-l1-1-0.dll
Event: 0.175 Loaded shared library C:\Program Files\Eclipse Adoptium\jdk-17.0.16.8-hotspot\bin\api-ms-win-crt-stdio-l1-1-0.dll
Event: 0.176 Loaded shared library C:\Program Files\Eclipse Adoptium\jdk-17.0.16.8-hotspot\bin\api-ms-win-crt-string-l1-1-0.dll
Event: 0.177 Loaded shared library C:\Program Files\Eclipse Adoptium\jdk-17.0.16.8-hotspot\bin\api-ms-win-crt-time-l1-1-0.dll
Event: 0.178 Loaded shared library C:\Program Files\Eclipse Adoptium\jdk-17.0.16.8-hotspot\bin\api-ms-win-crt-utility-l1-1-0.dll
Event: 0.180 Loaded shared library C:\Program Files\Eclipse Adoptium\jdk-17.0.16.8-hotspot\bin\ucrtbase.dll
Event: 0.180 Loaded shared library C:\Program Files\Eclipse Adoptium\jdk-17.0.16.8-hotspot\bin\vcruntime140.dll
Event: 0.181 Loaded shared library C:\Program Files\Eclipse Adoptium\jdk-17.0.16.8-hotspot\bin\msvcp140.dll
Event: 0.182 Loaded shared library C:\Windows\System32\concrt140.dll
Event: 0.230 Loaded shared library C:\Users\emile\.openjfx\cache\12.0.1\prism_d3d.dll
Event: 0.266 Loaded shared library C:\Users\emile\.openjfx\cache\12.0.1\glass.dll
Event: 0.369 Loaded shared library C:\Users\emile\.openjfx\cache\12.0.1\javafx_font.dll
Event: 0.431 Loaded shared library C:\Program Files\Eclipse Adoptium\jdk-17.0.16.8-hotspot\bin\jimage.dll

Deoptimization events (20 events):
Event: 33.197 Thread 0x0000018ada797c20 Uncommon trap: trap_request=0xffffff6e fr.pc=0x0000018ac8cf95f0 relative=0x0000000000003170
Event: 33.197 Thread 0x0000018ada797c20 Uncommon trap: reason=loop_limit_check action=maybe_recompile pc=0x0000018ac8cf95f0 method=com.sun.javafx.css.SelectorPartitioning.match(Ljava/lang/String;Ljava/lang/String;Ljava/util/Set;)Ljava/util/List; @ 164 c2
Event: 33.197 Thread 0x0000018ada797c20 DEOPT PACKING pc=0x0000018ac8cf95f0 sp=0x00000008c06fc7a0
Event: 33.197 Thread 0x0000018ada797c20 DEOPT UNPACKING pc=0x0000018ac83a69a3 sp=0x00000008c06fc768 mode 2
Event: 33.198 Thread 0x0000018ada797c20 Uncommon trap: trap_request=0xffffff6e fr.pc=0x0000018ac8cd8df4 relative=0x0000000000002474
Event: 33.198 Thread 0x0000018ada797c20 Uncommon trap: reason=loop_limit_check action=maybe_recompile pc=0x0000018ac8cd8df4 method=com.sun.javafx.css.SelectorPartitioning.match(Ljava/lang/String;Ljava/lang/String;Ljava/util/Set;)Ljava/util/List; @ 164 c2
Event: 33.198 Thread 0x0000018ada797c20 DEOPT PACKING pc=0x0000018ac8cd8df4 sp=0x00000008c06fc760
Event: 33.198 Thread 0x0000018ada797c20 DEOPT UNPACKING pc=0x0000018ac83a69a3 sp=0x00000008c06fc6e8 mode 2
Event: 41.700 Thread 0x0000018ada797c20 Uncommon trap: trap_request=0xffffff45 fr.pc=0x0000018ac8c9bde0 relative=0x0000000000000840
Event: 41.700 Thread 0x0000018ada797c20 Uncommon trap: reason=unstable_if action=reinterpret pc=0x0000018ac8c9bde0 method=javafx.scene.Parent.setChildDirty(Ljavafx/scene/Node;Z)V @ 22 c2
Event: 41.700 Thread 0x0000018ada797c20 DEOPT PACKING pc=0x0000018ac8c9bde0 sp=0x00000008c06fcf90
Event: 41.700 Thread 0x0000018ada797c20 DEOPT UNPACKING pc=0x0000018ac83a69a3 sp=0x00000008c06fcdf8 mode 2
Event: 41.700 Thread 0x0000018ada797c20 Uncommon trap: trap_request=0xffffff45 fr.pc=0x0000018ac8d2215c relative=0x0000000000000ffc
Event: 41.700 Thread 0x0000018ada797c20 Uncommon trap: reason=unstable_if action=reinterpret pc=0x0000018ac8d2215c method=javafx.scene.Parent.recomputeBounds()V @ 130 c2
Event: 41.700 Thread 0x0000018ada797c20 DEOPT PACKING pc=0x0000018ac8d2215c sp=0x00000008c06fd6e0
Event: 41.700 Thread 0x0000018ada797c20 DEOPT UNPACKING pc=0x0000018ac83a69a3 sp=0x00000008c06fd5d8 mode 2
Event: 43.748 Thread 0x0000018ada797c20 Uncommon trap: trap_request=0xffffff45 fr.pc=0x0000018ac8cec370 relative=0x0000000000000a30
Event: 43.748 Thread 0x0000018ada797c20 Uncommon trap: reason=unstable_if action=reinterpret pc=0x0000018ac8cec370 method=javafx.scene.Scene.addToDirtyList(Ljavafx/scene/Node;)V @ 43 c2
Event: 43.748 Thread 0x0000018ada797c20 DEOPT PACKING pc=0x0000018ac8cec370 sp=0x00000008c06fced0
Event: 43.748 Thread 0x0000018ada797c20 DEOPT UNPACKING pc=0x0000018ac83a69a3 sp=0x00000008c06fcdf0 mode 2

Classes loaded (20 events):
Event: 5.258 Loading class java/lang/FdLibm
Event: 5.258 Loading class java/lang/FdLibm done
Event: 9.841 Loading class java/lang/Throwable$WrappedPrintStream
Event: 9.841 Loading class java/lang/Throwable$PrintStreamOrWriter
Event: 9.841 Loading class java/lang/Throwable$PrintStreamOrWriter done
Event: 9.841 Loading class java/lang/Throwable$WrappedPrintStream done
Event: 16.650 Loading class java/lang/FdLibm$Cbrt
Event: 16.650 Loading class java/lang/FdLibm$Cbrt done
Event: 41.351 Loading class java/util/stream/MatchOps$MatchKind
Event: 41.351 Loading class java/util/stream/MatchOps$MatchKind done
Event: 41.351 Loading class java/util/stream/MatchOps
Event: 41.351 Loading class java/util/stream/MatchOps done
Event: 41.351 Loading class java/util/stream/MatchOps$MatchOp
Event: 41.351 Loading class java/util/stream/MatchOps$MatchOp done
Event: 41.351 Loading class java/util/stream/MatchOps$BooleanTerminalSink
Event: 41.351 Loading class java/util/stream/MatchOps$BooleanTerminalSink done
Event: 41.352 Loading class java/util/stream/MatchOps$1MatchSink
Event: 41.352 Loading class java/util/stream/MatchOps$1MatchSink done
Event: 50.556 Loading class java/util/LinkedList$ListItr
Event: 50.556 Loading class java/util/LinkedList$ListItr done

Classes unloaded (0 events):
No events

Classes redefined (0 events):
No events

Internal exceptions (20 events):
Event: 0.409 Thread 0x0000018ada797c20 Exception <a 'java/lang/NoSuchMethodError'{0x0000000712adc268}: 'void java.lang.invoke.DirectMethodHandle$Holder.invokeStaticInit(java.lang.Object, java.lang.Object)'> (0x0000000712adc268) 
thrown [s\src\hotspot\share\interpreter\linkResolver.cpp, line 759]
Event: 0.548 Thread 0x0000018ada797c20 Exception <a 'java/lang/NoSuchMethodError'{0x00000007120edcc8}: 'java.lang.Object java.lang.invoke.DirectMethodHandle$Holder.invokeInterface(java.lang.Object, java.lang.Object, java.lang.Object)'> (0x00000007120edcc8) 
thrown [s\src\hotspot\share\interpreter\linkResolver.cpp, line 759]
Event: 0.548 Thread 0x0000018ada797c20 Exception <a 'java/lang/IncompatibleClassChangeError'{0x00000007120f1650}: Found class java.lang.Object, but interface was expected> (0x00000007120f1650) 
thrown [s\src\hotspot\share\interpreter\linkResolver.cpp, line 826]
Event: 0.585 Thread 0x0000018ada797c20 Exception <a 'java/lang/NoSuchMethodError'{0x0000000711e91358}: 'java.lang.Object java.lang.invoke.DirectMethodHandle$Holder.newInvokeSpecial(java.lang.Object, java.lang.Object, int)'> (0x0000000711e91358) 
thrown [s\src\hotspot\share\interpreter\linkResolver.cpp, line 759]
Event: 0.598 Thread 0x0000018ada797710 Exception <a 'java/lang/NoSuchMethodError'{0x0000000711fd56a8}: 'int java.lang.invoke.DirectMethodHandle$Holder.invokeStaticInit(java.lang.Object, java.lang.Object)'> (0x0000000711fd56a8) 
thrown [s\src\hotspot\share\interpreter\linkResolver.cpp, line 759]
Event: 4.213 Thread 0x0000018ada797c20 Exception <a 'java/lang/NoSuchMethodError'{0x0000000711464e90}: 'long java.lang.invoke.DirectMethodHandle$Holder.invokeStatic(java.lang.Object, java.lang.Object, java.lang.Object)'> (0x0000000711464e90) 
thrown [s\src\hotspot\share\interpreter\linkResolver.cpp, line 759]
Event: 4.213 Thread 0x0000018ada797c20 Exception <a 'java/lang/NoSuchMethodError'{0x0000000711468638}: 'long java.lang.invoke.DirectMethodHandle$Holder.invokeStaticInit(java.lang.Object, java.lang.Object, java.lang.Object)'> (0x0000000711468638) 
thrown [s\src\hotspot\share\interpreter\linkResolver.cpp, line 759]
Event: 4.216 Thread 0x0000018ada797c20 Exception <a 'java/lang/NoSuchMethodError'{0x0000000711480420}: 'java.lang.Object java.lang.invoke.DirectMethodHandle$Holder.newInvokeSpecial(java.lang.Object, java.lang.Object, long)'> (0x0000000711480420) 
thrown [s\src\hotspot\share\interpreter\linkResolver.cpp, line 759]
Event: 4.216 Thread 0x0000018ada797c20 Exception <a 'java/lang/NoSuchMethodError'{0x0000000711483f90}: 'java.lang.Object java.lang.invoke.Invokers$Holder.linkToTargetMethod(java.lang.Object, long, java.lang.Object)'> (0x0000000711483f90) 
thrown [s\src\hotspot\share\interpreter\linkResolver.cpp, line 759]
Event: 4.337 Thread 0x0000018ada797c20 Exception <a 'java/lang/NoSuchMethodError'{0x000000071138d228}: 'void java.lang.invoke.DirectMethodHandle$Holder.invokeSpecialIFC(java.lang.Object, java.lang.Object, java.lang.Object, java.lang.Object)'> (0x000000071138d228) 
thrown [s\src\hotspot\share\interpreter\linkResolver.cpp, line 759]
Event: 4.341 Thread 0x0000018ada797c20 Exception <a 'java/lang/ClassNotFoundException'{0x00000007113df2b8}: com/sun/javafx/scene/control/skin/resources/controls> (0x00000007113df2b8) 
thrown [s\src\hotspot\share\prims\jni.cpp, line 535]
Event: 4.341 Thread 0x0000018ada797c20 Exception <a 'java/lang/ClassNotFoundException'{0x00000007113ed2d8}: com/sun/javafx/scene/control/skin/resources/controls_fr> (0x00000007113ed2d8) 
thrown [s\src\hotspot\share\prims\jni.cpp, line 535]
Event: 4.342 Thread 0x0000018ada797c20 Exception <a 'java/lang/ClassNotFoundException'{0x00000007113fae48}: com/sun/javafx/scene/control/skin/resources/controls_fr_FR> (0x00000007113fae48) 
thrown [s\src\hotspot\share\prims\jni.cpp, line 535]
Event: 4.361 Thread 0x0000018ada797c20 Exception <a 'java/lang/NoSuchMethodError'{0x00000007111986d0}: 'int java.lang.invoke.DirectMethodHandle$Holder.invokeSpecial(java.lang.Object, java.lang.Object, int)'> (0x00000007111986d0) 
thrown [s\src\hotspot\share\interpreter\linkResolver.cpp, line 759]
Event: 5.239 Thread 0x0000018ada797c20 Implicit null exception at 0x0000018ac8b61f6f to 0x0000018ac8b62764
Event: 5.257 Thread 0x0000018ada797710 Exception <a 'java/lang/NoSuchMethodError'{0x00000007117210e8}: 'java.lang.Object java.lang.invoke.DirectMethodHandle$Holder.invokeStaticInit(java.lang.Object, int)'> (0x00000007117210e8) 
thrown [s\src\hotspot\share\interpreter\linkResolver.cpp, line 759]
Event: 15.836 Thread 0x0000018ada797c20 Implicit null exception at 0x0000018ac8c18f0d to 0x0000018ac8c18f88
Event: 33.150 Thread 0x0000018ada797c20 Exception <a 'java/lang/NoSuchMethodError'{0x00000007118d5c78}: 'java.lang.Object java.lang.invoke.DirectMethodHandle$Holder.newInvokeSpecial(java.lang.Object, java.lang.Object, int, int, int, int, int, java.lang.Object)'> (0x00000007118d5c78) 
thrown [s\src\hotspot\share\interpreter\linkResolver.cpp, line 759]
Event: 33.151 Thread 0x0000018ada797c20 Exception <a 'java/lang/NoSuchMethodError'{0x00000007118e8c58}: 'java.lang.Object java.lang.invoke.DirectMethodHandle$Holder.newInvokeSpecial(java.lang.Object, java.lang.Object, java.lang.Object, int, int, int, int, int)'> (0x00000007118e8c58) 
thrown [s\src\hotspot\share\interpreter\linkResolver.cpp, line 759]
Event: 33.151 Thread 0x0000018ada797c20 Exception <a 'java/lang/NoSuchMethodError'{0x00000007118f04b8}: 'java.lang.Object java.lang.invoke.Invokers$Holder.linkToTargetMethod(java.lang.Object, java.lang.Object, int, int, int, int, int, java.lang.Object)'> (0x00000007118f04b8) 
thrown [s\src\hotspot\share\interpreter\linkResolver.cpp, line 759]

VM Operations (20 events):
Event: 36.661 Executing VM operation: Cleanup
Event: 36.661 Executing VM operation: Cleanup done
Event: 37.662 Executing VM operation: Cleanup
Event: 37.662 Executing VM operation: Cleanup done
Event: 39.663 Executing VM operation: Cleanup
Event: 39.663 Executing VM operation: Cleanup done
Event: 40.663 Executing VM operation: Cleanup
Event: 40.663 Executing VM operation: Cleanup done
Event: 41.664 Executing VM operation: Cleanup
Event: 41.664 Executing VM operation: Cleanup done
Event: 42.664 Executing VM operation: Cleanup
Event: 42.664 Executing VM operation: Cleanup done
Event: 43.664 Executing VM operation: Cleanup
Event: 43.664 Executing VM operation: Cleanup done
Event: 45.665 Executing VM operation: Cleanup
Event: 45.665 Executing VM operation: Cleanup done
Event: 46.666 Executing VM operation: Cleanup
Event: 46.666 Executing VM operation: Cleanup done
Event: 47.667 Executing VM operation: Cleanup
Event: 47.667 Executing VM operation: Cleanup done

Memory protections (0 events):
No events

Nmethod flushes (0 events):
No events

Events (20 events):
Event: 27.181 Thread 0x0000018ada7a7330 Thread added: 0x0000018b2989fdf0
Event: 27.184 Thread 0x0000018ada7a7330 Thread added: 0x0000018b2fde0890
Event: 27.187 Thread 0x0000018ada7a7330 Thread added: 0x0000018b231bc780
Event: 27.201 Thread 0x0000018b2fde0890 Thread added: 0x0000018b24552300
Event: 27.429 Thread 0x0000018b24552300 Thread exited: 0x0000018b24552300
Event: 27.637 Thread 0x0000018b2fde0890 Thread exited: 0x0000018b2fde0890
Event: 27.637 Thread 0x0000018b2989fdf0 Thread exited: 0x0000018b2989fdf0
Event: 28.311 Thread 0x0000018b231bc780 Thread exited: 0x0000018b231bc780
Event: 28.330 Thread 0x0000018ada7a7330 Thread added: 0x0000018b2989fdf0
Event: 29.273 Thread 0x0000018ada7a7330 Thread added: 0x0000018b231bc780
Event: 29.641 Thread 0x0000018b231bc780 Thread exited: 0x0000018b231bc780
Event: 30.389 Thread 0x0000018b2989fdf0 Thread exited: 0x0000018b2989fdf0
Event: 32.180 Thread 0x0000018ada7a7330 Thread added: 0x0000018b2989fdf0
Event: 32.180 Thread 0x0000018ada7a7330 Thread added: 0x0000018b2a1a8820
Event: 32.181 Thread 0x0000018ada7a7330 Thread added: 0x0000018b23e4b540
Event: 34.168 Thread 0x0000018b23e4b540 Thread added: 0x0000018b29786010
Event: 34.534 Thread 0x0000018b29786010 Thread exited: 0x0000018b29786010
Event: 35.899 Thread 0x0000018b23e4b540 Thread exited: 0x0000018b23e4b540
Event: 36.421 Thread 0x0000018b2a1a8820 Thread exited: 0x0000018b2a1a8820
Event: 36.532 Thread 0x0000018b2989fdf0 Thread exited: 0x0000018b2989fdf0


Dynamic libraries:
0x00007ff673410000 - 0x00007ff67341e000 	C:\Program Files\Eclipse Adoptium\jdk-17.0.16.8-hotspot\bin\java.exe
0x00007ffd71fc0000 - 0x00007ffd72225000 	C:\WINDOWS\SYSTEM32\ntdll.dll
0x00007ffd70400000 - 0x00007ffd704c9000 	C:\WINDOWS\System32\KERNEL32.DLL
0x00007ffd6f110000 - 0x00007ffd6f4f8000 	C:\WINDOWS\System32\KERNELBASE.dll
0x00007ffd6f850000 - 0x00007ffd6f99b000 	C:\WINDOWS\System32\ucrtbase.dll
0x00007ffd4d030000 - 0x00007ffd4d04e000 	C:\Program Files\Eclipse Adoptium\jdk-17.0.16.8-hotspot\bin\VCRUNTIME140.dll
0x00007ffd55c10000 - 0x00007ffd55c27000 	C:\Program Files\Eclipse Adoptium\jdk-17.0.16.8-hotspot\bin\jli.dll
0x00007ffd70e70000 - 0x00007ffd7103a000 	C:\WINDOWS\System32\USER32.dll
0x00007ffd6fd30000 - 0x00007ffd6fd57000 	C:\WINDOWS\System32\win32u.dll
0x00007ffd5bca0000 - 0x00007ffd5bf3a000 	C:\WINDOWS\WinSxS\amd64_microsoft.windows.common-controls_6595b64144ccf1df_6.0.26100.4202_none_3e0698d4e335f517\COMCTL32.dll
0x00007ffd70e40000 - 0x00007ffd70e6b000 	C:\WINDOWS\System32\GDI32.dll
0x00007ffd71040000 - 0x00007ffd710e9000 	C:\WINDOWS\System32\msvcrt.dll
0x00007ffd6f710000 - 0x00007ffd6f847000 	C:\WINDOWS\System32\gdi32full.dll
0x00007ffd6f5c0000 - 0x00007ffd6f663000 	C:\WINDOWS\System32\msvcp_win.dll
0x00007ffd71850000 - 0x00007ffd71880000 	C:\WINDOWS\System32\IMM32.DLL
0x00007ffd4d540000 - 0x00007ffd4d54c000 	C:\Program Files\Eclipse Adoptium\jdk-17.0.16.8-hotspot\bin\vcruntime140_1.dll
0x00007ffd3c7b0000 - 0x00007ffd3c83d000 	C:\Program Files\Eclipse Adoptium\jdk-17.0.16.8-hotspot\bin\msvcp140.dll
0x00007ffcbf490000 - 0x00007ffcc00fb000 	C:\Program Files\Eclipse Adoptium\jdk-17.0.16.8-hotspot\bin\server\jvm.dll
0x00007ffd71890000 - 0x00007ffd71943000 	C:\WINDOWS\System32\ADVAPI32.dll
0x00007ffd6fe40000 - 0x00007ffd6fee6000 	C:\WINDOWS\System32\sechost.dll
0x00007ffd71e60000 - 0x00007ffd71f75000 	C:\WINDOWS\System32\RPCRT4.dll
0x00007ffd70a70000 - 0x00007ffd70ae4000 	C:\WINDOWS\System32\WS2_32.dll
0x00007ffd6dd50000 - 0x00007ffd6ddae000 	C:\WINDOWS\SYSTEM32\POWRPROF.dll
0x00007ffd62350000 - 0x00007ffd62385000 	C:\WINDOWS\SYSTEM32\WINMM.dll
0x00007ffd68080000 - 0x00007ffd6808b000 	C:\WINDOWS\SYSTEM32\VERSION.dll
0x00007ffd6dd30000 - 0x00007ffd6dd44000 	C:\WINDOWS\SYSTEM32\UMPDC.dll
0x00007ffd6dff0000 - 0x00007ffd6e00b000 	C:\WINDOWS\SYSTEM32\kernel.appcore.dll
0x00007ffd479a0000 - 0x00007ffd479aa000 	C:\Program Files\Eclipse Adoptium\jdk-17.0.16.8-hotspot\bin\jimage.dll
0x00007ffd6ca30000 - 0x00007ffd6cc71000 	C:\WINDOWS\SYSTEM32\DBGHELP.DLL
0x00007ffd70070000 - 0x00007ffd703f5000 	C:\WINDOWS\System32\combase.dll
0x00007ffd705e0000 - 0x00007ffd706c1000 	C:\WINDOWS\System32\OLEAUT32.dll
0x00007ffd55480000 - 0x00007ffd554b9000 	C:\WINDOWS\SYSTEM32\dbgcore.DLL
0x00007ffd6f670000 - 0x00007ffd6f709000 	C:\WINDOWS\System32\bcryptPrimitives.dll
0x00007ffd3faf0000 - 0x00007ffd3fb15000 	C:\Program Files\Eclipse Adoptium\jdk-17.0.16.8-hotspot\bin\java.dll
0x00007ffcf49a0000 - 0x00007ffcf4a77000 	C:\Program Files\Eclipse Adoptium\jdk-17.0.16.8-hotspot\bin\jsvml.dll
0x00007ffd71100000 - 0x00007ffd71842000 	C:\WINDOWS\System32\SHELL32.dll
0x00007ffd6f9a0000 - 0x00007ffd6fb14000 	C:\WINDOWS\System32\wintypes.dll
0x00007ffd6cd90000 - 0x00007ffd6d5e8000 	C:\WINDOWS\SYSTEM32\windows.storage.dll
0x00007ffd706d0000 - 0x00007ffd707c1000 	C:\WINDOWS\System32\SHCORE.dll
0x00007ffd6fef0000 - 0x00007ffd6ff5a000 	C:\WINDOWS\System32\shlwapi.dll
0x00007ffd6eff0000 - 0x00007ffd6f01f000 	C:\WINDOWS\SYSTEM32\profapi.dll
0x00007ffd3e030000 - 0x00007ffd3e049000 	C:\Program Files\Eclipse Adoptium\jdk-17.0.16.8-hotspot\bin\net.dll
0x00007ffd682c0000 - 0x00007ffd683de000 	C:\WINDOWS\SYSTEM32\WINHTTP.dll
0x00007ffd6e560000 - 0x00007ffd6e5ca000 	C:\WINDOWS\system32\mswsock.dll
0x00007ffd3dce0000 - 0x00007ffd3dcf6000 	C:\Program Files\Eclipse Adoptium\jdk-17.0.16.8-hotspot\bin\nio.dll
0x00007ffd42110000 - 0x00007ffd42128000 	C:\Program Files\Eclipse Adoptium\jdk-17.0.16.8-hotspot\bin\zip.dll
0x0000018ab9430000 - 0x0000018ab9434000 	C:\Program Files\Eclipse Adoptium\jdk-17.0.16.8-hotspot\bin\api-ms-win-core-console-l1-1-0.dll
0x0000018ab9440000 - 0x0000018ab9444000 	C:\Program Files\Eclipse Adoptium\jdk-17.0.16.8-hotspot\bin\api-ms-win-core-datetime-l1-1-0.dll
0x0000018addad0000 - 0x0000018addad4000 	C:\Program Files\Eclipse Adoptium\jdk-17.0.16.8-hotspot\bin\api-ms-win-core-debug-l1-1-0.dll
0x0000018addae0000 - 0x0000018addae4000 	C:\Program Files\Eclipse Adoptium\jdk-17.0.16.8-hotspot\bin\api-ms-win-core-errorhandling-l1-1-0.dll
0x0000018addaf0000 - 0x0000018addaf5000 	C:\Program Files\Eclipse Adoptium\jdk-17.0.16.8-hotspot\bin\api-ms-win-core-file-l1-1-0.dll
0x0000018addb00000 - 0x0000018addb04000 	C:\Program Files\Eclipse Adoptium\jdk-17.0.16.8-hotspot\bin\api-ms-win-core-file-l1-2-0.dll
0x0000018addb10000 - 0x0000018addb14000 	C:\Program Files\Eclipse Adoptium\jdk-17.0.16.8-hotspot\bin\api-ms-win-core-file-l2-1-0.dll
0x0000018addb20000 - 0x0000018addb24000 	C:\Program Files\Eclipse Adoptium\jdk-17.0.16.8-hotspot\bin\api-ms-win-core-handle-l1-1-0.dll
0x0000018addb30000 - 0x0000018addb34000 	C:\Program Files\Eclipse Adoptium\jdk-17.0.16.8-hotspot\bin\api-ms-win-core-heap-l1-1-0.dll
0x0000018addb40000 - 0x0000018addb44000 	C:\Program Files\Eclipse Adoptium\jdk-17.0.16.8-hotspot\bin\api-ms-win-core-interlocked-l1-1-0.dll
0x0000018addb50000 - 0x0000018addb54000 	C:\Program Files\Eclipse Adoptium\jdk-17.0.16.8-hotspot\bin\api-ms-win-core-libraryloader-l1-1-0.dll
0x0000018addb60000 - 0x0000018addb64000 	C:\Program Files\Eclipse Adoptium\jdk-17.0.16.8-hotspot\bin\api-ms-win-core-localization-l1-2-0.dll
0x0000018addb70000 - 0x0000018addb74000 	C:\Program Files\Eclipse Adoptium\jdk-17.0.16.8-hotspot\bin\api-ms-win-core-memory-l1-1-0.dll
0x0000018addb80000 - 0x0000018addb84000 	C:\Program Files\Eclipse Adoptium\jdk-17.0.16.8-hotspot\bin\api-ms-win-core-namedpipe-l1-1-0.dll
0x0000018addb90000 - 0x0000018addb94000 	C:\Program Files\Eclipse Adoptium\jdk-17.0.16.8-hotspot\bin\api-ms-win-core-processenvironment-l1-1-0.dll
0x0000018addba0000 - 0x0000018addba4000 	C:\Program Files\Eclipse Adoptium\jdk-17.0.16.8-hotspot\bin\api-ms-win-core-processthreads-l1-1-0.dll
0x0000018addbb0000 - 0x0000018addbb4000 	C:\Program Files\Eclipse Adoptium\jdk-17.0.16.8-hotspot\bin\api-ms-win-core-processthreads-l1-1-1.dll
0x0000018addbc0000 - 0x0000018addbc4000 	C:\Program Files\Eclipse Adoptium\jdk-17.0.16.8-hotspot\bin\api-ms-win-core-profile-l1-1-0.dll
0x0000018addbd0000 - 0x0000018addbd4000 	C:\Program Files\Eclipse Adoptium\jdk-17.0.16.8-hotspot\bin\api-ms-win-core-rtlsupport-l1-1-0.dll
0x0000018addbe0000 - 0x0000018addbe4000 	C:\Program Files\Eclipse Adoptium\jdk-17.0.16.8-hotspot\bin\api-ms-win-core-string-l1-1-0.dll
0x0000018addbf0000 - 0x0000018addbf4000 	C:\Program Files\Eclipse Adoptium\jdk-17.0.16.8-hotspot\bin\api-ms-win-core-synch-l1-1-0.dll
0x0000018addc00000 - 0x0000018addc04000 	C:\Program Files\Eclipse Adoptium\jdk-17.0.16.8-hotspot\bin\api-ms-win-core-synch-l1-2-0.dll
0x0000018addc10000 - 0x0000018addc14000 	C:\Program Files\Eclipse Adoptium\jdk-17.0.16.8-hotspot\bin\api-ms-win-core-sysinfo-l1-1-0.dll
0x0000018addc20000 - 0x0000018addc24000 	C:\Program Files\Eclipse Adoptium\jdk-17.0.16.8-hotspot\bin\api-ms-win-core-timezone-l1-1-0.dll
0x0000018addc30000 - 0x0000018addc34000 	C:\Program Files\Eclipse Adoptium\jdk-17.0.16.8-hotspot\bin\api-ms-win-core-util-l1-1-0.dll
0x0000018addc40000 - 0x0000018addc44000 	C:\Program Files\Eclipse Adoptium\jdk-17.0.16.8-hotspot\bin\api-ms-win-crt-conio-l1-1-0.dll
0x0000018addc50000 - 0x0000018addc55000 	C:\Program Files\Eclipse Adoptium\jdk-17.0.16.8-hotspot\bin\api-ms-win-crt-convert-l1-1-0.dll
0x0000018addc60000 - 0x0000018addc64000 	C:\Program Files\Eclipse Adoptium\jdk-17.0.16.8-hotspot\bin\api-ms-win-crt-environment-l1-1-0.dll
0x0000018addc70000 - 0x0000018addc74000 	C:\Program Files\Eclipse Adoptium\jdk-17.0.16.8-hotspot\bin\api-ms-win-crt-filesystem-l1-1-0.dll
0x0000018addc80000 - 0x0000018addc84000 	C:\Program Files\Eclipse Adoptium\jdk-17.0.16.8-hotspot\bin\api-ms-win-crt-heap-l1-1-0.dll
0x0000018addc90000 - 0x0000018addc94000 	C:\Program Files\Eclipse Adoptium\jdk-17.0.16.8-hotspot\bin\api-ms-win-crt-locale-l1-1-0.dll
0x0000018addca0000 - 0x0000018addca6000 	C:\Program Files\Eclipse Adoptium\jdk-17.0.16.8-hotspot\bin\api-ms-win-crt-math-l1-1-0.dll
0x0000018addcb0000 - 0x0000018addcb6000 	C:\Program Files\Eclipse Adoptium\jdk-17.0.16.8-hotspot\bin\api-ms-win-crt-multibyte-l1-1-0.dll
0x0000018addcc0000 - 0x0000018addcd1000 	C:\Program Files\Eclipse Adoptium\jdk-17.0.16.8-hotspot\bin\api-ms-win-crt-private-l1-1-0.dll
0x0000018addce0000 - 0x0000018addce4000 	C:\Program Files\Eclipse Adoptium\jdk-17.0.16.8-hotspot\bin\api-ms-win-crt-process-l1-1-0.dll
0x0000018addcf0000 - 0x0000018addcf5000 	C:\Program Files\Eclipse Adoptium\jdk-17.0.16.8-hotspot\bin\api-ms-win-crt-runtime-l1-1-0.dll
0x0000018addd00000 - 0x0000018addd05000 	C:\Program Files\Eclipse Adoptium\jdk-17.0.16.8-hotspot\bin\api-ms-win-crt-stdio-l1-1-0.dll
0x0000018addd10000 - 0x0000018addd15000 	C:\Program Files\Eclipse Adoptium\jdk-17.0.16.8-hotspot\bin\api-ms-win-crt-string-l1-1-0.dll
0x0000018addd20000 - 0x0000018addd24000 	C:\Program Files\Eclipse Adoptium\jdk-17.0.16.8-hotspot\bin\api-ms-win-crt-time-l1-1-0.dll
0x0000018addd30000 - 0x0000018addd34000 	C:\Program Files\Eclipse Adoptium\jdk-17.0.16.8-hotspot\bin\api-ms-win-crt-utility-l1-1-0.dll
0x00007ffd55830000 - 0x00007ffd5597b000 	C:\Program Files\Eclipse Adoptium\jdk-17.0.16.8-hotspot\bin\ucrtbase.dll
0x00007ffd59110000 - 0x00007ffd5915e000 	C:\Windows\System32\concrt140.dll
0x00007ffd5c710000 - 0x00007ffd5c733000 	C:\Users\emile\.openjfx\cache\12.0.1\prism_d3d.dll
0x00007ffd48ad0000 - 0x00007ffd48c87000 	C:\WINDOWS\system32\d3d9.dll
0x00007ffd6c2b0000 - 0x00007ffd6c2e6000 	C:\WINDOWS\SYSTEM32\dwmapi.dll
0x00007ffd6c100000 - 0x00007ffd6c14d000 	C:\WINDOWS\SYSTEM32\dxcore.dll
0x00007ffd68df0000 - 0x00007ffd68e9f000 	C:\WINDOWS\system32\uxtheme.dll
0x00007ffd48920000 - 0x00007ffd48acd000 	C:\WINDOWS\System32\DriverStore\FileRepository\iigd_dch.inf_amd64_b53c057d22ce6f37\igdumdim64.dll
0x00007ffd70890000 - 0x00007ffd70a2e000 	C:\WINDOWS\System32\ole32.dll
0x00007ffcba7e0000 - 0x00007ffcbd883000 	C:\WINDOWS\System32\DriverStore\FileRepository\iigd_dch.inf_amd64_b53c057d22ce6f37\igd9dxva64.dll
0x00007ffd719c0000 - 0x00007ffd71e46000 	C:\WINDOWS\System32\SETUPAPI.dll
0x00007ffd6ed70000 - 0x00007ffd6edc7000 	C:\WINDOWS\SYSTEM32\cfgmgr32.dll
0x00007ffd53aa0000 - 0x00007ffd53ea9000 	C:\WINDOWS\System32\DriverStore\FileRepository\iigd_dch.inf_amd64_b53c057d22ce6f37\igdgmm64.dll
0x00007ffd6c070000 - 0x00007ffd6c0d1000 	C:\WINDOWS\SYSTEM32\directxdatabasehelper.dll
0x00007ffd57560000 - 0x00007ffd575a5000 	C:\Users\emile\.openjfx\cache\12.0.1\glass.dll
0x00007ffd6ff70000 - 0x00007ffd70066000 	C:\WINDOWS\System32\COMDLG32.dll
0x00007ffd70af0000 - 0x00007ffd70c50000 	C:\WINDOWS\System32\MSCTF.dll
0x00007ffd3ae20000 - 0x00007ffd3ae47000 	C:\WINDOWS\System32\DriverStore\FileRepository\iigd_dch.inf_amd64_b53c057d22ce6f37\igdinfo64.dll
0x00007ffd50300000 - 0x00007ffd53a94000 	C:\WINDOWS\System32\DriverStore\FileRepository\iigd_dch.inf_amd64_b53c057d22ce6f37\igc64.dll
0x00007ffd5c420000 - 0x00007ffd5c434000 	C:\Users\emile\.openjfx\cache\12.0.1\javafx_font.dll
0x00007ffd65570000 - 0x00007ffd657db000 	C:\WINDOWS\SYSTEM32\dwrite.dll
0x00007ffd707d0000 - 0x00007ffd70878000 	C:\WINDOWS\System32\clbcatq.dll
0x00007ffd688a0000 - 0x00007ffd68ad9000 	C:\WINDOWS\SYSTEM32\WindowsCodecs.dll
0x00007ffd42fc0000 - 0x00007ffd4301a000 	C:\WINDOWS\system32\dataexchange.dll
0x00007ffd5b820000 - 0x00007ffd5ba5a000 	C:\WINDOWS\system32\twinapi.appcore.dll
0x00007ffd5bb20000 - 0x00007ffd5bb4c000 	C:\Program Files\Common Files\Microsoft Shared\Ink\rtscom.dll
0x00007ffd4f870000 - 0x00007ffd4f9c0000 	C:\WINDOWS\SYSTEM32\textinputframework.dll
0x00007ffd666e0000 - 0x00007ffd66805000 	C:\WINDOWS\SYSTEM32\CoreMessaging.dll
0x00007ffd54820000 - 0x00007ffd54b03000 	C:\WINDOWS\SYSTEM32\CoreUIComponents.dll
0x00007ffd6e830000 - 0x00007ffd6e83c000 	C:\WINDOWS\SYSTEM32\CRYPTBASE.DLL
0x00007ffd659a0000 - 0x00007ffd65fd9000 	C:\WINDOWS\SYSTEM32\d2d1.dll
0x00007ffd65300000 - 0x00007ffd65566000 	C:\WINDOWS\SYSTEM32\d3d11.dll
0x00007ffd6c150000 - 0x00007ffd6c285000 	C:\WINDOWS\SYSTEM32\dxgi.dll
0x00007ffcd5550000 - 0x00007ffcd5afc000 	C:\WINDOWS\SYSTEM32\D3D10Warp.dll

dbghelp: loaded successfully - version: 4.0.5 - missing functions: none
symbol engine: initialized successfully - sym options: 0x614 - pdb path: .;C:\Program Files\Eclipse Adoptium\jdk-17.0.16.8-hotspot\bin;C:\WINDOWS\SYSTEM32;C:\WINDOWS\WinSxS\amd64_microsoft.windows.common-controls_6595b64144ccf1df_6.0.26100.4202_none_3e0698d4e335f517;C:\Program Files\Eclipse Adoptium\jdk-17.0.16.8-hotspot\bin\server;C:\Users\emile\.openjfx\cache\12.0.1;C:\WINDOWS\System32\DriverStore\FileRepository\iigd_dch.inf_amd64_b53c057d22ce6f37;C:\Program Files\Common Files\Microsoft Shared\Ink

VM Arguments:
jvm_args: --add-modules=javafx.controls --module-path=C:\Users\emile\.gradle\caches\modules-2\files-2.1\org.openjfx\javafx-controls\12.0.1\838555460c025b8df0fbc0fa03bf3f3767698f89\javafx-controls-12.0.1-win.jar;C:\Users\emile\.gradle\caches\modules-2\files-2.1\org.openjfx\javafx-graphics\12.0.1\18a01ffdd4edb82e7da3bc99937c6a608d1eaaa6\javafx-graphics-12.0.1-win.jar;C:\Users\emile\.gradle\caches\modules-2\files-2.1\org.openjfx\javafx-base\12.0.1\6f5947b255bb26e072862b3bb0c32d54d8effe84\javafx-base-12.0.1-win.jar -Dfile.encoding=windows-1252 -Duser.country=FR -Duser.language=fr -Duser.variant 
java_command: game.Main
java_class_path (initial): C:\Users\emile\IdeaProjects\projet-aout2\build\classes\java\main;C:\Users\emile\IdeaProjects\projet-aout2\build\resources\main;C:\Users\emile\.gradle\caches\modules-2\files-2.1\org.openjfx\javafx-controls\12.0.1\838555460c025b8df0fbc0fa03bf3f3767698f89\javafx-controls-12.0.1-win.jar;C:\Users\emile\.gradle\caches\modules-2\files-2.1\org.openjfx\javafx-graphics\12.0.1\18a01ffdd4edb82e7da3bc99937c6a608d1eaaa6\javafx-graphics-12.0.1-win.jar;C:\Users\emile\.gradle\caches\modules-2\files-2.1\org.openjfx\javafx-graphics\12.0.1\19ec56a15d7dd9c49112912547425b718485d7db\javafx-graphics-12.0.1.jar;C:\Users\emile\.gradle\caches\modules-2\files-2.1\org.openjfx\javafx-base\12.0.1\6f5947b255bb26e072862b3bb0c32d54d8effe84\javafx-base-12.0.1-win.jar;C:\Users\emile\.gradle\caches\modules-2\files-2.1\org.openjfx\javafx-base\12.0.1\6abae81d00e0c6f4fde02e2666f9c0b989ff47e4\javafx-base-12.0.1.jar
Launcher Type: SUN_STANDARD

[Global flags]
     intx CICompilerCount                          = 12                                        {product} {ergonomic}
     uint ConcGCThreads                            = 3                                         {product} {ergonomic}
     uint G1ConcRefinementThreads                  = 13                                        {product} {ergonomic}
   size_t G1HeapRegionSize                         = 2097152                                   {product} {ergonomic}
    uintx GCDrainStackTargetSize                   = 64                                        {product} {ergonomic}
   size_t InitialHeapSize                          = 266338304                                 {product} {ergonomic}
   size_t MarkStackSize                            = 4194304                                   {product} {ergonomic}
   size_t MaxHeapSize                              = 4240441344                                {product} {ergonomic}
   size_t MaxNewSize                               = 2543845376                                {product} {ergonomic}
   size_t MinHeapDeltaBytes                        = 2097152                                   {product} {ergonomic}
   size_t MinHeapSize                              = 8388608                                   {product} {ergonomic}
    uintx NonNMethodCodeHeapSize                   = 7602480                                {pd product} {ergonomic}
    uintx NonProfiledCodeHeapSize                  = 122027880                              {pd product} {ergonomic}
    uintx ProfiledCodeHeapSize                     = 122027880                              {pd product} {ergonomic}
    uintx ReservedCodeCacheSize                    = 251658240                              {pd product} {ergonomic}
     bool SegmentedCodeCache                       = true                                      {product} {ergonomic}
   size_t SoftMaxHeapSize                          = 4240441344                             {manageable} {ergonomic}
     bool UseCompressedClassPointers               = true                           {product lp64_product} {ergonomic}
     bool UseCompressedOops                        = true                           {product lp64_product} {ergonomic}
     bool UseG1GC                                  = true                                      {product} {ergonomic}
     bool UseLargePagesIndividualAllocation        = false                                  {pd product} {ergonomic}

Logging:
Log output configuration:
 #0: stdout all=warning uptime,level,tags
 #1: stderr all=off uptime,level,tags

Environment Variables:
JAVA_HOME=C:\Program Files\Eclipse Adoptium\jdk-17.0.16.8-hotspot\
PATH=C:\Program Files\Eclipse Adoptium\jdk-17.0.16.8-hotspot\bin;C:\WINDOWS\system32;C:\WINDOWS;C:\WINDOWS\System32\Wbem;C:\WINDOWS\System32\WindowsPowerShell\v1.0\;C:\WINDOWS\System32\OpenSSH\;C:\Program Files\dotnet\;C:\Program Files\Git\cmd;C:\Program Files (x86)\NVIDIA Corporation\PhysX\Common;C:\Gradle\gradle-8.14.3\bin;C:\Users\emile\AppData\Local\Programs\Python\Python313\Scripts\;C:\Users\emile\AppData\Local\Programs\Python\Python313\;C:\Users\emile\AppData\Local\Microsoft\WindowsApps;C:\Users\emile\AppData\Local\Programs\Microsoft VS Code\bin;C:\Program Files\Racket;;C:\Program Files\JetBrains\PyCharm Community Edition 2024.3.4\bin;;C:\Program Files\JetBrains\IntelliJ IDEA Community Edition 2025.2\bin
USERNAME=emile
TERM=xterm
OS=Windows_NT
PROCESSOR_IDENTIFIER=Intel64 Family 6 Model 165 Stepping 2, GenuineIntel
TMP=C:\Users\emile\AppData\Local\Temp
TEMP=C:\Users\emile\AppData\Local\Temp



Periodic native trim disabled


---------------  S Y S T E M  ---------------

OS:
 Windows 11 , 64 bit Build 26100 (10.0.26100.4202)
OS uptime: 0 days 2:48 hours

CPU: total 16 (initial active 16) (8 cores per cpu, 2 threads per core) family 6 model 165 stepping 2 microcode 0xe0, cx8, cmov, fxsr, ht, mmx, 3dnowpref, sse, sse2, sse3, ssse3, sse4.1, sse4.2, popcnt, lzcnt, tsc, tscinvbit, avx, avx2, aes, erms, clmul, bmi1, bmi2, adx, fma, vzeroupper, clflush, clflushopt
Processor Information for all 16 processors :
  Max Mhz: 2208, Current Mhz: 2208, Mhz Limit: 2208

Memory: 4k page, system-wide physical 16168M (8065M free)
TotalPageFile size 17192M (AvailPageFile size 7377M)
current process WorkingSet (physical memory assigned to process): 190M, peak: 251M
current process commit charge ("private bytes"): 439M, peak: 504M

vm_info: OpenJDK 64-Bit Server VM (17.0.16+8) for windows-amd64 JRE (17.0.16+8), built on Jul 16 2025 10:37:56 by "admin" with MS VC++ 17.7 (VS2022)

END.
