#
# A fatal error has been detected by the Java Runtime Environment:
#
#  EXCEPTION_ACCESS_VIOLATION (0xc0000005) at pc=0x00007ffd571db806, pid=15736, tid=12524
#
# JRE version: OpenJDK Runtime Environment Temurin-17.0.16+8 (17.0.16+8) (build 17.0.16+8)
# Java VM: OpenJDK 64-Bit Server VM Temurin-17.0.16+8 (17.0.16+8, mixed mode, sharing, tiered, compressed oops, compressed class ptrs, g1 gc, windows-amd64)
# Problematic frame:
# C  [glass.dll+0x1b806]
#
# No core dump will be written. Minidumps are not enabled by default on client versions of Windows
#
# If you would like to submit a bug report, please visit:
#   https://github.com/adoptium/adoptium-support/issues
# The crash happened outside the Java Virtual Machine in native code.
# See problematic frame for where to report the bug.
#

---------------  S U M M A R Y ------------

Command Line: --add-modules=javafx.controls --module-path=C:\Users\emile\.gradle\caches\modules-2\files-2.1\org.openjfx\javafx-controls\12.0.1\838555460c025b8df0fbc0fa03bf3f3767698f89\javafx-controls-12.0.1-win.jar;C:\Users\emile\.gradle\caches\modules-2\files-2.1\org.openjfx\javafx-graphics\12.0.1\18a01ffdd4edb82e7da3bc99937c6a608d1eaaa6\javafx-graphics-12.0.1-win.jar;C:\Users\emile\.gradle\caches\modules-2\files-2.1\org.openjfx\javafx-base\12.0.1\6f5947b255bb26e072862b3bb0c32d54d8effe84\javafx-base-12.0.1-win.jar -Dfile.encoding=windows-1252 -Duser.country=FR -Duser.language=fr -Duser.variant game.Main

Host: Intel(R) Core(TM) i7-10870H CPU @ 2.20GHz, 16 cores, 15G,  Windows 11 , 64 bit Build 26100 (10.0.26100.4202)
Time: Fri Aug  8 15:55:54 2025 Paris, Madrid (heure duild 26100 (10.0.26100.4202) elapsed time: 64.944490 seconds (0d 0h 1m 4s)

---------------  T H R E A D  ---------------

Current thread (0x000001cb7e733730):  JavaThread "JavaFX Application Thread" [_thread_in_native, id=12524, stack(0x00000038f9a00000,0x00000038f9b00000)]

Stack: [0x00000038f9a00000,0x00000038f9b00000],  sp=0x00000038f9afdde0,  free space=1015k
Native frames: (J=compiled Java code, j=interpreted, Vv=VM code, C=native code)
C  [glass.dll+0x1b806]

Java frames: (J=compiled Java code, j=interpreted, Vv=VM code)
j  com.sun.glass.ui.win.WinWindow._close(J)Z+0 javafx.graphics
j  com.sun.glass.ui.Window.close()V+63 javafx.graphics
j  com.sun.glass.ui.win.WinWindow.close()V+8 javafx.graphics
j  com.sun.glass.ui.Application.terminate()V+75 javafx.graphics
j  com.sun.javafx.tk.quantum.QuantumToolkit.lambda$exit$13()Ljava/lang/Object;+5 javafx.graphics
j  com.sun.javafx.tk.quantum.QuantumToolkit$$Lambda$654+0x000001cb3a264ec0.get()Ljava/lang/Object;+0 javafx.graphics
j  com.sun.javafx.tk.quantum.QuantumToolkit.runWithRenderLock(Ljava/util/function/Supplier;)Ljava/lang/Object;+7 javafx.graphics
j  com.sun.javafx.tk.quantum.QuantumToolkit.exit()V+26 javafx.graphics
j  com.sun.javafx.application.PlatformImpl.lambda$tkExit$16()V+3 javafx.graphics
j  com.sun.javafx.application.PlatformImpl$$Lambda$653+0x000001cb3a264ca8.run()V+0 javafx.graphics
j  com.sun.javafx.application.PlatformImpl.lambda$runAndWait$12(Ljava/lang/Runnable;Ljava/util/concurrent/CountDownLatch;)V+1 javafx.graphics
j  com.sun.javafx.application.PlatformImpl$$Lambda$82+0x000001cb3a03d4a0.run()V+8 javafx.graphics
j  com.sun.javafx.application.PlatformImpl.lambda$runLater$10(Ljava/lang/Runnable;)Ljava/lang/Void;+1 javafx.graphics
j  com.sun.javafx.application.PlatformImpl$$Lambda$84+0x000001cb3a03e910.run()Ljava/lang/Object;+4 javafx.graphics
J 2628 c1 java.security.AccessController.doPrivileged(Ljava/security/PrivilegedAction;Ljava/security/AccessControlContext;)Ljava/lang/Object; java.base@17.0.16 (17 bytes) @ 0x000001cb1c56f854 [0x000001cb1c56f680+0x00000000000001d4]
j  com.sun.javafx.application.PlatformImpl.lambda$runLater$11(Ljava/lang/Runnable;Ljava/security/AccessControlContext;)V+7 javafx.graphics
j  com.sun.javafx.application.PlatformImpl$$Lambda$83+0x000001cb3a03d8c0.run()V+8 javafx.graphics
J 3304 c1 com.sun.glass.ui.InvokeLaterDispatcher$Future.run()V javafx.graphics (91 bytes) @ 0x000001cb1c71ec14 [0x000001cb1c71eb00+0x0000000000000114]
v  ~StubRoutines::call_stub
j  com.sun.glass.ui.win.WinApplication._runLoop(Ljava/lang/Runnable;)V+0 javafx.graphics
j  com.sun.glass.ui.win.WinApplication.lambda$runLoop$3(ILjava/lang/Runnable;)V+8 javafx.graphics
j  com.sun.glass.ui.win.WinApplication$$Lambda$72+0x000001cb3a02c288.run()V+12 javafx.graphics
j  java.lang.Thread.run()V+11 java.base@17.0.16
v  ~StubRoutines::call_stub

siginfo: EXCEPTION_ACCESS_VIOLATION (0xc0000005), reading address 0x0000000000000130


Registers:
RAX=0x0000000000000000, RBX=0x0000000000000000, RCX=0x0000000000000000, RDX=0x0000000000000000
RSP=0x00000038f9afdde0, RBP=0x0000000000000000, RSI=0x000001cb7e500040, RDI=0x00000038f9afe170
R8 =0x00000038f9afe170, R9 =0x0000000000000000, R10=0x00007ffd571e8c48, R11=0x0000000000000246
R12=0x0000000000000000, R13=0x0000000000000000, R14=0x0000000000000000, R15=0x0000000000000000
RIP=0x00007ffd571db806, EFLAGS=0x0000000000010202

XMM[0]=0x0000000000000000 0x0000000000000000
XMM[1]=0x0000000000000000 0x0000000000000000
XMM[2]=0x0000000000000000 0x0000000000000000
XMM[3]=0x0000000000000000 0x0000000000000000
XMM[4]=0x0000000000000000 0x0000000000000000
XMM[5]=0x0000000000000000 0x0000000000000000
XMM[6]=0x0000000000000000 0x0000000000000000
XMM[7]=0x0000000000000000 0x0000000000000000
XMM[8]=0x0000000000000000 0x0000000000000000
XMM[9]=0x0000000000000000 0x0000000000000000
XMM[10]=0x0000000000000000 0x0000000000000000
XMM[11]=0x0000000000000000 0x0000000000000000
XMM[12]=0x0000000000000000 0x0000000000000000
XMM[13]=0x0000000000000000 0x0000000000000000
XMM[14]=0x0000000000000000 0x0000000000000000
XMM[15]=0x0000000000000000 0x0000000000000000
  MXCSR=0x00001faf


Register to memory mapping:

RIP=0x00007ffd571db806 glass.dll
RAX=0x0 is NULL
RBX=0x0 is NULL
RCX=0x0 is NULL
RDX=0x0 is NULL
RSP=0x00000038f9afdde0 is pointing into the stack for thread: 0x000001cb7e733730
RBP=0x0 is NULL
RSI=0x000001cb7e500040 points into unknown readable memory: 0x00007ffd571e8c48 | 48 8c 1e 57 fd 7f 00 00
RDI=0x00000038f9afe170 is pointing into the stack for thread: 0x000001cb7e733730
R8 =0x00000038f9afe170 is pointing into the stack for thread: 0x000001cb7e733730
R9 =0x0 is NULL
R10=0x00007ffd571e8c48 glass.dll
R11=0x0000000000000246 is an unknown value
R12=0x0 is NULL
R13=0x0 is NULL
R14=0x0 is NULL
R15=0x0 is NULL


Top of Stack: (sp=0x00000038f9afdde0)
0x00000038f9afdde0:   00000000f9afe170 00007ffd571e75a0
0x00000038f9afddf0:   0000000000000000 00007ffd70e7df73
0x00000038f9afde00:   00000038f9afe170 00007ffd571da241
0x00000038f9afde10:   0000000000007ff4 0000000000000401
0x00000038f9afde20:   000001cb7e500040 0000000000000000
0x00000038f9afde30:   00000038f9afe170 00007ffd571ca29d
0x00000038f9afde40:   0000000000000401 00000038f9afe170
0x00000038f9afde50:   00000000f9afe170 000000000000000b
0x00000038f9afde60:   fffffffffffffffe 00007ffd571e75a0
0x00000038f9afde70:   0000000000000000 00007ffd571c1808
0x00000038f9afde80:   000001cb7e500040 00000038f9afe170
0x00000038f9afde90:   0000000000000401 0000000000a2035c
0x00000038f9afdea0:   0000000080000022 00007ffd70e7d159
0x00000038f9afdeb0:   0000000000000000 00000038f9afe078
0x00000038f9afdec0:   0000000000000001 0000000000000401
0x00000038f9afded0:   000001cb7e733730 000001cb7e76d000
0x00000038f9afdee0:   00000038f9afe030 00007ffcbf6d600e
0x00000038f9afdef0:   0000000000000000 0000000000000000
0x00000038f9afdf00:   0000000100000000 0000003880000022
0x00000038f9afdf10:   0000000000000000 0000000000000000
0x00000038f9afdf20:   0000000000000000 0000000000000001
0x00000038f9afdf30:   0000000000000000 0000000000000000
0x00000038f9afdf40:   0000000000000070 ffffffffffffffff
0x00000038f9afdf50:   ffffffffffffffff 00007ffd70e7cf35
0x00000038f9afdf60:   00007ffd70e7d328 000001cb7e733730
0x00000038f9afdf70:   0000000000000000 000001cb7e864dd0
0x00000038f9afdf80:   0000000000000000 0000000000000000
0x00000038f9afdf90:   0000000000000048 0000000000000001
0x00000038f9afdfa0:   0000000000000000 0000000000000000
0x00000038f9afdfb0:   0000000000000030 ffffffffffffffff
0x00000038f9afdfc0:   ffffffffffffffff 00007ffd70e7cf35
0x00000038f9afdfd0:   0000000000000000 000001cb00000001 

Instructions: (pc=0x00007ffd571db806)
0x00007ffd571db706:   85 c0 74 08 48 8b c8 e8 ee 00 00 00 48 c7 05 e3
0x00007ffd571db716:   16 02 00 00 00 00 00 48 83 c4 28 c3 cc cc cc cc
0x00007ffd571db726:   cc cc cc cc cc cc cc cc cc cc 48 89 5c 24 08 57
0x00007ffd571db736:   48 83 ec 30 48 8b fa 48 8b d9 48 39 91 30 01 00
0x00007ffd571db746:   00 0f 84 a5 00 00 00 e8 ae 00 00 00 48 8b 93 30
0x00007ffd571db756:   01 00 00 48 85 d2 75 04 48 8b 53 08 48 89 54 24
0x00007ffd571db766:   20 4c 8b c7 48 85 ff 75 04 4c 8b 43 08 48 8d 0d
0x00007ffd571db776:   46 f9 00 00 4c 89 44 24 28 e8 3c 7f fe ff 48 8b
0x00007ffd571db786:   4c 24 20 4c 8d 44 24 20 48 8d 15 db f7 ff ff ff
0x00007ffd571db796:   15 d5 0f 02 00 48 8b 05 3e 13 02 00 48 85 c0 75
0x00007ffd571db7a6:   04 33 c9 eb 03 8b 48 40 4c 8d 44 24 20 48 8d 15
0x00007ffd571db7b6:   f6 f7 ff ff ff 15 b8 0f 02 00 48 89 bb 30 01 00
0x00007ffd571db7c6:   00 e8 d4 35 00 00 4c 8b 05 ad 16 02 00 48 8b c8
0x00007ffd571db7d6:   48 8b 93 c0 00 00 00 4c 8b cf e8 4b 98 fe ff e8
0x00007ffd571db7e6:   b6 35 00 00 48 8b c8 e8 ce 34 00 00 48 8b 5c 24
0x00007ffd571db7f6:   40 48 83 c4 30 5f c3 cc cc cc 40 57 48 83 ec 20
0x00007ffd571db806:   48 8b 81 30 01 00 00 48 8b f9 48 85 c0 75 04 48
0x00007ffd571db816:   8b 41 08 48 3b 05 e0 15 02 00 75 3b 48 89 5c 24
0x00007ffd571db826:   30 e8 74 35 00 00 4c 8b 05 3d 16 02 00 48 8b c8
0x00007ffd571db836:   48 8b 97 c0 00 00 00 48 8b d8 e8 eb 97 fe ff 48
0x00007ffd571db846:   8b cb e8 73 34 00 00 48 8b 5c 24 30 48 c7 05 a3
0x00007ffd571db856:   15 02 00 00 00 00 00 48 83 c4 20 5f c3 cc cc cc
0x00007ffd571db866:   cc cc cc cc cc cc cc cc cc cc 40 53 48 83 ec 50
0x00007ffd571db876:   48 8b 05 43 e9 01 00 48 33 c4 48 89 44 24 40 48
0x00007ffd571db886:   8b d9 48 8b 49 08 ff 15 56 0e 02 00 85 c0 0f 85
0x00007ffd571db896:   21 01 00 00 48 8b 4b 08 48 8d 54 24 30 ff 15 7f
0x00007ffd571db8a6:   0c 02 00 48 8b 4b 08 48 8d 54 24 20 ff 15 d8 0c
0x00007ffd571db8b6:   02 00 48 8b 4b 08 4c 8d 44 24 20 41 b9 02 00 00
0x00007ffd571db8c6:   00 33 d2 ff 15 c9 0c 02 00 8b 44 24 24 2b 44 24
0x00007ffd571db8d6:   34 44 8b 44 24 20 44 2b 44 24 30 8b 54 24 3c 2b
0x00007ffd571db8e6:   54 24 2c 8b 4c 24 38 2b 4c 24 28 89 83 1c 01 00
0x00007ffd571db8f6:   00 44 89 83 18 01 00 00 89 93 24 01 00 00 89 8b 


Stack slot to memory mapping:
stack at sp + 0 slots: 0x00000000f9afe170 is an unknown value
stack at sp + 1 slots: 0x00007ffd571e75a0 glass.dll
stack at sp + 2 slots: 0x0 is NULL
stack at sp + 3 slots: 0x00007ffd70e7df73 USER32.dll
stack at sp + 4 slots: 0x00000038f9afe170 is pointing into the stack for thread: 0x000001cb7e733730
stack at sp + 5 slots: 0x00007ffd571da241 glass.dll
stack at sp + 6 slots: 0x0000000000007ff4 is an unknown value
stack at sp + 7 slots: 0x0000000000000401 is an unknown value


Compiled method (c1)   64993 2628       3       java.security.AccessController::doPrivileged (17 bytes)
 total in heap  [0x000001cb1c56f490,0x000001cb1c56fbc8] = 1848
 relocation     [0x000001cb1c56f5f0,0x000001cb1c56f678] = 136
 main code      [0x000001cb1c56f680,0x000001cb1c56f9c0] = 832
 stub code      [0x000001cb1c56f9c0,0x000001cb1c56fa38] = 120
 metadata       [0x000001cb1c56fa38,0x000001cb1c56fa50] = 24
 scopes data    [0x000001cb1c56fa50,0x000001cb1c56fb00] = 176
 scopes pcs     [0x000001cb1c56fb00,0x000001cb1c56fbb0] = 176
 dependencies   [0x000001cb1c56fbb0,0x000001cb1c56fbb8] = 8
 nul chk table  [0x000001cb1c56fbb8,0x000001cb1c56fbc8] = 16

[Constant Pool (empty)]

[MachCode]
[Verified Entry Point]
  # {method} {0x000001cb39435f30} 'doPrivileged' '(Ljava/security/PrivilegedAction;Ljava/security/AccessControlContext;)Ljava/lang/Object;' in 'java/security/AccessController'
  # parm0:    rdx:rdx   = 'java/security/PrivilegedAction'
  # parm1:    r8:r8     = 'java/security/AccessControlContext'
  #           [sp+0x80]  (sp of caller)
  0x000001cb1c56f680: 8984 2400 | 90ff ff55 | 4883 ec70 

  0x000001cb1c56f68c: ;   {metadata(method data for {method} {0x000001cb39435f30} 'doPrivileged' '(Ljava/security/PrivilegedAction;Ljava/security/AccessControlContext;)Ljava/lang/Object;' in 'java/security/AccessController')}
  0x000001cb1c56f68c: 48be a847 | 2b7a cb01 | 0000 8bbe | cc00 0000 | 83c7 0289 | becc 0000 | 0081 e7fe | 0700 0083 
  0x000001cb1c56f6ac: ff00 0f84 | 3c02 0000 | 4c89 4424 | 4048 8954 

  0x000001cb1c56f6bc: ;   {metadata(method data for {method} {0x000001cb39435f30} 'doPrivileged' '(Ljava/security/PrivilegedAction;Ljava/security/AccessControlContext;)Ljava/lang/Object;' in 'java/security/AccessController')}
  0x000001cb1c56f6bc: 2448 48be | a847 2b7a | cb01 0000 | 4883 8610 | 0100 0001 | 0f1f 8000 

  0x000001cb1c56f6d4: ;   {static_call}
  0x000001cb1c56f6d4: 0000 00e8 

  0x000001cb1c56f6d8: ; ImmutableOopMap {[64]=Oop [72]=Oop }
                      ;*invokestatic getCallerClass {reexecute=0 rethrow=0 return_oop=0}
                      ; - java.security.AccessController::doPrivileged@0 (line 397)
  0x000001cb1c56f6d8: 044b 7007 

  0x000001cb1c56f6dc: ;   {metadata(method data for {method} {0x000001cb39435f30} 'doPrivileged' '(Ljava/security/PrivilegedAction;Ljava/security/AccessControlContext;)Ljava/lang/Object;' in 'java/security/AccessController')}
  0x000001cb1c56f6dc: 48ba a847 | 2b7a cb01 | 0000 4883 | 8220 0100 | 0001 488b | 5424 404c | 8bc0 4889 | 4424 500f 
  0x000001cb1c56f6fc: ;   {static_call}
  0x000001cb1c56f6fc: 1f40 00e8 

  0x000001cb1c56f700: ; ImmutableOopMap {[72]=Oop [80]=Oop }
                      ;*invokestatic checkContext {reexecute=0 rethrow=0 return_oop=0}
                      ; - java.security.AccessController::doPrivileged@6 (line 398)
  0x000001cb1c56f700: 1c9c 8f07 | 4889 4424 

  0x000001cb1c56f708: ;   {metadata(method data for {method} {0x000001cb39435f30} 'doPrivileged' '(Ljava/security/PrivilegedAction;Ljava/security/AccessControlContext;)Ljava/lang/Object;' in 'java/security/AccessController')}
  0x000001cb1c56f708: 5848 baa8 | 472b 7acb | 0100 0048 | 8382 3001 

  0x000001cb1c56f718: ;   {metadata(method data for {method} {0x000001cb39435450} 'executePrivileged' '(Ljava/security/PrivilegedAction;Ljava/security/AccessControlContext;Ljava/lang/Class;)Ljava/lang/Object;' in 'java/security/AccessController')}
  0x000001cb1c56f718: 0000 0148 | baa8 bb07 | 7acb 0100 | 008b b2cc | 0000 0083 | c602 89b2 | cc00 0000 | 81e6 feff 
  0x000001cb1c56f738: 1f00 83fe | 000f 84ce | 0100 0048 

  0x000001cb1c56f744: ;   {metadata(method data for {method} {0x000001cb39435450} 'executePrivileged' '(Ljava/security/PrivilegedAction;Ljava/security/AccessControlContext;Ljava/lang/Class;)Ljava/lang/Object;' in 'java/security/AccessController')}
  0x000001cb1c56f744: 83f8 0048 | baa8 bb07 | 7acb 0100 | 0048 c7c6 | 1001 0000 | 0f84 0700 | 0000 48c7 | c620 0100 
  0x000001cb1c56f764: 0048 8b3c | 3248 8d7f | 0148 893c | 320f 841d 

  0x000001cb1c56f774: ;   {metadata(method data for {method} {0x000001cb39435450} 'executePrivileged' '(Ljava/security/PrivilegedAction;Ljava/security/AccessControlContext;Ljava/lang/Class;)Ljava/lang/Object;' in 'java/security/AccessController')}
  0x000001cb1c56f774: 0000 0048 | baa8 bb07 | 7acb 0100 | 0048 8382 | 3001 0000 | 0148 8bd0 

  0x000001cb1c56f78c: ;   {static_call}
  0x000001cb1c56f78c: 6666 90e8 

  0x000001cb1c56f790: ; ImmutableOopMap {[72]=Oop [80]=Oop [88]=Oop }
                      ;*invokestatic ensureMaterializedForStackWalk {reexecute=0 rethrow=0 return_oop=0}
                      ; - java.security.AccessController::executePrivileged@5 (line 772)
                      ; - java.security.AccessController::doPrivileged@13 (line 399)
  0x000001cb1c56f790: ac24 7807 

  0x000001cb1c56f794: ;   {metadata(method data for {method} {0x000001cb39435450} 'executePrivileged' '(Ljava/security/PrivilegedAction;Ljava/security/AccessControlContext;Ljava/lang/Class;)Ljava/lang/Object;' in 'java/security/AccessController')}
  0x000001cb1c56f794: 48ba a8bb | 077a cb01 | 0000 ff82 | 4001 0000 | 488b 5424 | 4848 3b02 

  0x000001cb1c56f7ac: ;   {metadata(method data for {method} {0x000001cb39435450} 'executePrivileged' '(Ljava/security/PrivilegedAction;Ljava/security/AccessControlContext;Ljava/lang/Class;)Ljava/lang/Object;' in 'java/security/AccessController')}
  0x000001cb1c56f7ac: 488b f248 | bfa8 bb07 | 7acb 0100 | 008b 7608 | 49ba 0000 | 0039 cb01 | 0000 4903 | f248 3bb7 
  0x000001cb1c56f7cc: b001 0000 | 750d 4883 | 87b8 0100 | 0001 e966 | 0000 0048 | 3bb7 c001 | 0000 750d | 4883 87c8 
  0x000001cb1c56f7ec: 0100 0001 | e950 0000 | 0048 81bf | b001 0000 | 0000 0000 | 7517 4889 | b7b0 0100 | 0048 c787 
  0x000001cb1c56f80c: b801 0000 | 0100 0000 | e92c 0000 | 0048 81bf | c001 0000 | 0000 0000 | 7517 4889 | b7c0 0100 
  0x000001cb1c56f82c: 0048 c787 | c801 0000 | 0100 0000 | e908 0000 | 0048 8387 | a001 0000 | 0148 b8e0 | be91 04cb 
  0x000001cb1c56f84c: ;   {virtual_call}
  0x000001cb1c56f84c: 0100 00e8 

  0x000001cb1c56f850: ; ImmutableOopMap {[80]=Oop [88]=Oop }
                      ;*invokeinterface run {reexecute=0 rethrow=0 return_oop=0}
                      ; - java.security.AccessController::executePrivileged@29 (line 776)
                      ; - java.security.AccessController::doPrivileged@13 (line 399)
  0x000001cb1c56f850: 3c1a 0807 

  0x000001cb1c56f854: ;   {metadata(method data for {method} {0x000001cb39435450} 'executePrivileged' '(Ljava/security/PrivilegedAction;Ljava/security/AccessControlContext;Ljava/lang/Class;)Ljava/lang/Object;' in 'java/security/AccessController')}
  0x000001cb1c56f854: 48be a8bb | 077a cb01 | 0000 ff86 | d801 0000 | 488b 7424 

  0x000001cb1c56f868: ;   {metadata(method data for {method} {0x000001cb39435450} 'executePrivileged' '(Ljava/security/PrivilegedAction;Ljava/security/AccessControlContext;Ljava/lang/Class;)Ljava/lang/Object;' in 'java/security/AccessController')}
  0x000001cb1c56f868: 5048 bfa8 | bb07 7acb | 0100 0048 | 8387 3802 

  0x000001cb1c56f878: ;   {metadata(method data for {method} {0x000001cb393dd6f8} 'reachabilityFence' '(Ljava/lang/Object;)V' in 'java/lang/ref/Reference')}
  0x000001cb1c56f878: 0000 0148 | bff0 7e05 | 7acb 0100 | 008b 9fcc | 0000 0083 | c302 899f | cc00 0000 | 81e3 feff 
  0x000001cb1c56f898: 1f00 83fb | 000f 8494 

  0x000001cb1c56f8a0: ;   {metadata(method data for {method} {0x000001cb39435450} 'executePrivileged' '(Ljava/security/PrivilegedAction;Ljava/security/AccessControlContext;Ljava/lang/Class;)Ljava/lang/Object;' in 'java/security/AccessController')}
  0x000001cb1c56f8a0: 0000 0048 | bea8 bb07 | 7acb 0100 | 0048 8386 | 4802 0000 

  0x000001cb1c56f8b4: ;   {metadata(method data for {method} {0x000001cb393dd6f8} 'reachabilityFence' '(Ljava/lang/Object;)V' in 'java/lang/ref/Reference')}
  0x000001cb1c56f8b4: 0148 bef0 | 7e05 7acb | 0100 008b | becc 0000 | 0083 c702 | 89be cc00 | 0000 81e7 | feff 1f00 
  0x000001cb1c56f8d4: 83ff 000f | 847b 0000 | 0048 83c4 

  0x000001cb1c56f8e0: ;   {poll_return}
  0x000001cb1c56f8e0: 705d 493b | a748 0300 | 000f 878a | 0000 00c3 

  0x000001cb1c56f8f0: ;   {metadata({method} {0x000001cb39435f30} 'doPrivileged' '(Ljava/security/PrivilegedAction;Ljava/security/AccessControlContext;)Ljava/lang/Object;' in 'java/security/AccessController')}
  0x000001cb1c56f8f0: 49ba 285f | 4339 cb01 | 0000 4c89 | 5424 0848 | c704 24ff 

  0x000001cb1c56f904: ;   {runtime_call counter_overflow Runtime1 stub}
  0x000001cb1c56f904: ffff ffe8 

  0x000001cb1c56f908: ; ImmutableOopMap {rdx=Oop r8=Oop }
                      ;*synchronization entry
                      ; - java.security.AccessController::doPrivileged@-1 (line 397)
  0x000001cb1c56f908: 74b9 0707 | e9a3 fdff 

  0x000001cb1c56f910: ;   {metadata({method} {0x000001cb39435450} 'executePrivileged' '(Ljava/security/PrivilegedAction;Ljava/security/AccessControlContext;Ljava/lang/Class;)Ljava/lang/Object;' in 'java/security/AccessController')}
  0x000001cb1c56f910: ff49 ba48 | 5443 39cb | 0100 004c | 8954 2408 | 48c7 0424 | ffff ffff 

  0x000001cb1c56f928: ;   {runtime_call counter_overflow Runtime1 stub}
  0x000001cb1c56f928: e853 b907 

  0x000001cb1c56f92c: ; ImmutableOopMap {[72]=Oop [80]=Oop rax=Oop [88]=Oop }
                      ;*synchronization entry
                      ; - java.security.AccessController::executePrivileged@-1 (line 771)
                      ; - java.security.AccessController::doPrivileged@13 (line 399)
  0x000001cb1c56f92c: 07e9 11fe 

  0x000001cb1c56f930: ;   {runtime_call throw_null_pointer_exception Runtime1 stub}
  0x000001cb1c56f930: ffff e869 

  0x000001cb1c56f934: ; ImmutableOopMap {[80]=Oop rdx=Oop [88]=Oop }
                      ;*invokeinterface run {reexecute=0 rethrow=0 return_oop=0}
                      ; - java.security.AccessController::executePrivileged@29 (line 776)
                      ; - java.security.AccessController::doPrivileged@13 (line 399)
                      ;   {metadata({method} {0x000001cb393dd6f8} 'reachabilityFence' '(Ljava/lang/Object;)V' in 'java/lang/ref/Reference')}
  0x000001cb1c56f934: 6507 0749 | baf0 d63d | 39cb 0100 | 004c 8954 | 2408 48c7 | 0424 ffff 

  0x000001cb1c56f94c: ;   {runtime_call counter_overflow Runtime1 stub}
  0x000001cb1c56f94c: ffff e82d 

  0x000001cb1c56f950: ; ImmutableOopMap {rax=Oop rsi=Oop }
                      ;*synchronization entry
                      ; - java.lang.ref.Reference::reachabilityFence@-1 (line 621)
                      ; - java.security.AccessController::executePrivileged@56 (line 781)
                      ; - java.security.AccessController::doPrivileged@13 (line 399)
  0x000001cb1c56f950: b907 07e9 | 4bff ffff 

  0x000001cb1c56f958: ;   {metadata({method} {0x000001cb393dd6f8} 'reachabilityFence' '(Ljava/lang/Object;)V' in 'java/lang/ref/Reference')}
  0x000001cb1c56f958: 49ba f0d6 | 3d39 cb01 | 0000 4c89 | 5424 0848 | c704 24ff 

  0x000001cb1c56f96c: ;   {runtime_call counter_overflow Runtime1 stub}
  0x000001cb1c56f96c: ffff ffe8 

  0x000001cb1c56f970: ; ImmutableOopMap {rax=Oop }
                      ;*synchronization entry
                      ; - java.lang.ref.Reference::reachabilityFence@-1 (line 621)
                      ; - java.security.AccessController::executePrivileged@60 (line 782)
                      ; - java.security.AccessController::doPrivileged@13 (line 399)
  0x000001cb1c56f970: 0cb9 0707 | e964 ffff 

  0x000001cb1c56f978: ;   {internal_word}
  0x000001cb1c56f978: ff49 bae2 | f856 1ccb | 0100 004d | 8997 6003 

  0x000001cb1c56f988: ;   {runtime_call SafepointBlob}
  0x000001cb1c56f988: 0000 e971 | 80fd 0690 | 9049 8b87 | d803 0000 | 49c7 87d8 | 0300 0000 | 0000 0049 | c787 e003 
  0x000001cb1c56f9a8: 0000 0000 | 0000 4883 

  0x000001cb1c56f9b0: ;   {runtime_call unwind_exception Runtime1 stub}
  0x000001cb1c56f9b0: c470 5de9 | 487f fe06 | f4f4 f4f4 | f4f4 f4f4 
[Stub Code]
  0x000001cb1c56f9c0: ;   {no_reloc}
  0x000001cb1c56f9c0: 0f1f 4400 

  0x000001cb1c56f9c4: ;   {static_stub}
  0x000001cb1c56f9c4: 0048 bb00 | 0000 0000 

  0x000001cb1c56f9cc: ;   {runtime_call}
  0x000001cb1c56f9cc: 0000 00e9 | fbff ffff 

  0x000001cb1c56f9d4: ;   {static_stub}
  0x000001cb1c56f9d4: 9048 bb00 | 0000 0000 

  0x000001cb1c56f9dc: ;   {runtime_call}
  0x000001cb1c56f9dc: 0000 00e9 | fbff ffff 

  0x000001cb1c56f9e4: ;   {static_stub}
  0x000001cb1c56f9e4: 9048 bb00 | 0000 0000 

  0x000001cb1c56f9ec: ;   {runtime_call}
  0x000001cb1c56f9ec: 0000 00e9 | fbff ffff 

  0x000001cb1c56f9f4: ;   {static_stub}
  0x000001cb1c56f9f4: 9048 bb00 | 0000 0000 

  0x000001cb1c56f9fc: ;   {runtime_call}
  0x000001cb1c56f9fc: 0000 00e9 | fbff ffff 
[Exception Handler]
  0x000001cb1c56fa04: ;   {runtime_call handle_exception_from_callee Runtime1 stub}
  0x000001cb1c56fa04: e877 8507 

  0x000001cb1c56fa08: ;   {external_word}
  0x000001cb1c56fa08: 0748 b9a0 | e9db bffc | 7f00 0048 

  0x000001cb1c56fa14: ;   {runtime_call}
  0x000001cb1c56fa14: 83e4 f049 | ba10 79a4 | bffc 7f00 | 0041 ffd2 

  0x000001cb1c56fa24: ;   {section_word}
  0x000001cb1c56fa24: f449 ba25 | fa56 1ccb | 0100 0041 

  0x000001cb1c56fa30: ;   {runtime_call DeoptimizationBlob}
  0x000001cb1c56fa30: 52e9 6a72 | fd06 f4f4 
[/MachCode]


Compiled method (c1)   65000 3304   !   3       com.sun.glass.ui.InvokeLaterDispatcher$Future::run (91 bytes)
 total in heap  [0x000001cb1c71e910,0x000001cb1c71f2b8] = 2472
 relocation     [0x000001cb1c71ea70,0x000001cb1c71eaf0] = 128
 main code      [0x000001cb1c71eb00,0x000001cb1c71ef60] = 1120
 stub code      [0x000001cb1c71ef60,0x000001cb1c71efc8] = 104
 oops           [0x000001cb1c71efc8,0x000001cb1c71efd0] = 8
 metadata       [0x000001cb1c71efd0,0x000001cb1c71efd8] = 8
 scopes data    [0x000001cb1c71efd8,0x000001cb1c71f090] = 184
 scopes pcs     [0x000001cb1c71f090,0x000001cb1c71f1a0] = 272
 dependencies   [0x000001cb1c71f1a0,0x000001cb1c71f1a8] = 8
 handler table  [0x000001cb1c71f1a8,0x000001cb1c71f268] = 192
 nul chk table  [0x000001cb1c71f268,0x000001cb1c71f2b8] = 80

[Constant Pool (empty)]

[MachCode]
[Entry Point]
  # {method} {0x000001cb7a58dda8} 'run' '()V' in 'com/sun/glass/ui/InvokeLaterDispatcher$Future'
  #           [sp+0x70]  (sp of caller)
  0x000001cb1c71eb00: 448b 5208 | 49bb 0000 | 0039 cb01 | 0000 4d03 | d34c 3bd0 

  0x000001cb1c71eb14: ;   {runtime_call ic_miss_stub}
  0x000001cb1c71eb14: 0f85 6625 | e206 660f | 1f44 0000 
[Verified Entry Point]
  0x000001cb1c71eb20: 8984 2400 | 90ff ff55 | 4883 ec60 

  0x000001cb1c71eb2c: ;   {metadata(method data for {method} {0x000001cb7a58dda8} 'run' '()V' in 'com/sun/glass/ui/InvokeLaterDispatcher$Future')}
  0x000001cb1c71eb2c: 48be 4864 | e17a cb01 | 0000 8bbe | cc00 0000 | 83c7 0289 | becc 0000 | 0081 e7fe | 0700 0083 
  0x000001cb1c71eb4c: ff00 0f84 | fe02 0000 | 8b72 1048 | c1e6 0348 | 3b06 488b 

  0x000001cb1c71eb60: ;   {metadata(method data for {method} {0x000001cb7a58dda8} 'run' '()V' in 'com/sun/glass/ui/InvokeLaterDispatcher$Future')}
  0x000001cb1c71eb60: fe48 bb48 | 64e1 7acb | 0100 008b | 7f08 49ba | 0000 0039 | cb01 0000 | 4903 fa48 | 3bbb 2001 
  0x000001cb1c71eb80: 0000 750d | 4883 8328 | 0100 0001 | e966 0000 | 0048 3bbb | 3001 0000 | 750d 4883 | 8338 0100 
  0x000001cb1c71eba0: 0001 e950 | 0000 0048 | 81bb 2001 | 0000 0000 | 0000 7517 | 4889 bb20 | 0100 0048 | c783 2801 
  0x000001cb1c71ebc0: 0000 0100 | 0000 e92c | 0000 0048 | 81bb 3001 | 0000 0000 | 0000 7517 | 4889 bb30 | 0100 0048 
  0x000001cb1c71ebe0: c783 3801 | 0000 0100 | 0000 e908 | 0000 0048 | 8383 1001 | 0000 0148 | 8954 2420 | 488b d666 
  0x000001cb1c71ec00: 0f1f 4400 | 0048 b830 | ef69 04cb 

  0x000001cb1c71ec0c: ;   {virtual_call}
  0x000001cb1c71ec0c: 0100 00e8 

  0x000001cb1c71ec10: ; ImmutableOopMap {[32]=Oop }
                      ;*invokeinterface run {reexecute=0 rethrow=0 return_oop=0}
                      ; - com.sun.glass.ui.InvokeLaterDispatcher$Future::run@4 (line 96)
  0x000001cb1c71ec10: 7c26 ed06 | 488b 5424 | 208b 4214 | 48c1 e003 

  0x000001cb1c71ec20: ; implicit exception: dispatches to 0x000001cb1c71ee78
  0x000001cb1c71ec20: 8bb0 7801 | 0000 48c1 | e603 488d | 7c24 4048 | 8977 0848 | 8b06 4883 | c801 4889 | 07f0 480f 
  0x000001cb1c71ec40: b13e 0f84 | 1300 0000 | 482b c448 | 81e0 07f0 | ffff 4889 | 070f 8527 | 0200 0048 | 8974 2428 
  0x000001cb1c71ec60: c642 0c01 | 8b52 1448 | c1e2 038b | 9278 0100 | 0048 c1e2 | 0348 3b02 

  0x000001cb1c71ec78: ;   {metadata(method data for {method} {0x000001cb7a58dda8} 'run' '()V' in 'com/sun/glass/ui/InvokeLaterDispatcher$Future')}
  0x000001cb1c71ec78: 488b fa48 | bb48 64e1 | 7acb 0100 | 0048 8383 | 4801 0000 

  0x000001cb1c71ec8c: ;   {optimized virtual_call}
  0x000001cb1c71ec8c: 0166 90e8 

  0x000001cb1c71ec90: ; ImmutableOopMap {[40]=Oop [72]=Oop }
                      ;*invokevirtual notifyAll {reexecute=0 rethrow=0 return_oop=0}
                      ; - com.sun.glass.ui.InvokeLaterDispatcher$Future::run@31 (line 100)
  0x000001cb1c71ec90: acec 5607 | 488d 4424 | 4048 8b10 | 4885 d20f | 840f 0000 | 0048 8b70 | 08f0 480f | b116 0f85 
  0x000001cb1c71ecb0: eb01 0000 

  0x000001cb1c71ecb4: ;   {metadata(method data for {method} {0x000001cb7a58dda8} 'run' '()V' in 'com/sun/glass/ui/InvokeLaterDispatcher$Future')}
  0x000001cb1c71ecb4: 48b8 4864 | e17a cb01 | 0000 ff80 | 8001 0000 | e9c0 0000 | 0049 8b87 | d803 0000 | 4d33 d24d 
  0x000001cb1c71ecd4: 8997 d803 | 0000 4d33 | d24d 8997 | e003 0000 | 8b72 1448 | c1e6 038b | b678 0100 | 0048 c1e6 
  0x000001cb1c71ecf4: 0348 8d7c | 2440 4889 | 4424 3048 | 8977 0848 | 8b06 4883 | c801 4889 | 07f0 480f | b13e 0f84 
  0x000001cb1c71ed14: 1300 0000 | 482b c448 | 81e0 07f0 | ffff 4889 | 070f 8591 | 0100 0048 | 8974 2438 | c642 0c01 
  0x000001cb1c71ed34: 8b52 1448 | c1e2 038b | 9278 0100 | 0048 c1e2 | 0348 3b02 

  0x000001cb1c71ed48: ;   {metadata(method data for {method} {0x000001cb7a58dda8} 'run' '()V' in 'com/sun/glass/ui/InvokeLaterDispatcher$Future')}
  0x000001cb1c71ed48: 488b fa48 | bb48 64e1 | 7acb 0100 | 0048 8383 | b001 0000 

  0x000001cb1c71ed5c: ;   {optimized virtual_call}
  0x000001cb1c71ed5c: 0166 90e8 

  0x000001cb1c71ed60: ; ImmutableOopMap {[48]=Oop [56]=Oop [72]=Oop }
                      ;*invokevirtual notifyAll {reexecute=0 rethrow=0 return_oop=0}
                      ; - com.sun.glass.ui.InvokeLaterDispatcher$Future::run@71 (line 100)
  0x000001cb1c71ed60: 1c26 e206 | 488d 4424 | 4048 8b30 | 4885 f60f | 840f 0000 | 0048 8b78 | 08f0 480f | b137 0f85 
  0x000001cb1c71ed80: 5501 0000 | e923 0000 

  0x000001cb1c71ed88: ;   {metadata(method data for {method} {0x000001cb7a58dda8} 'run' '()V' in 'com/sun/glass/ui/InvokeLaterDispatcher$Future')}
  0x000001cb1c71ed88: 0048 b848 | 64e1 7acb | 0100 00ff | 8098 0100 | 0048 83c4 

  0x000001cb1c71ed9c: ;   {poll_return}
  0x000001cb1c71ed9c: 605d 493b | a748 0300 | 000f 8741 | 0100 00c3 

  0x000001cb1c71edac: ;   {metadata(method data for {method} {0x000001cb7a58dda8} 'run' '()V' in 'com/sun/glass/ui/InvokeLaterDispatcher$Future')}
  0x000001cb1c71edac: 48b8 4864 | e17a cb01 | 0000 ff80 | e801 0000 | 488b 4424 | 30e9 8b01 | 0000 498b | 87d8 0300 
  0x000001cb1c71edcc: 004d 33d2 | 4d89 97d8 | 0300 004d | 33d2 4d89 | 97e0 0300 | 0048 8bf0 | 488d 4424 | 4048 8b38 
  0x000001cb1c71edec: 4885 ff0f | 840f 0000 | 0048 8b58 | 08f0 480f | b13b 0f85 | fe00 0000 | 488b c6e9 | 4501 0000 
  0x000001cb1c71ee0c: 498b 87d8 | 0300 004d | 33d2 4d89 | 97d8 0300 | 004d 33d2 | 4d89 97e0 | 0300 0048 | 8bf0 488d 
  0x000001cb1c71ee2c: 4424 4048 | 8b38 4885 | ff0f 840f | 0000 0048 | 8b58 08f0 | 480f b13b | 0f85 cb00 | 0000 488b 
  0x000001cb1c71ee4c: c6e9 ff00 

  0x000001cb1c71ee50: ;   {metadata({method} {0x000001cb7a58dda8} 'run' '()V' in 'com/sun/glass/ui/InvokeLaterDispatcher$Future')}
  0x000001cb1c71ee50: 0000 49ba | a0dd 587a | cb01 0000 | 4c89 5424 | 0848 c704 | 24ff ffff 

  0x000001cb1c71ee68: ;   {runtime_call counter_overflow Runtime1 stub}
  0x000001cb1c71ee68: ffe8 12c4 

  0x000001cb1c71ee6c: ; ImmutableOopMap {rdx=Oop }
                      ;*synchronization entry
                      ; - com.sun.glass.ui.InvokeLaterDispatcher$Future::run@-1 (line 96)
  0x000001cb1c71ee6c: ec06 e9e1 

  0x000001cb1c71ee70: ;   {runtime_call throw_null_pointer_exception Runtime1 stub}
  0x000001cb1c71ee70: fcff ffe8 

  0x000001cb1c71ee74: ; ImmutableOopMap {rdx=Oop rsi=Oop }
                      ;*invokeinterface run {reexecute=0 rethrow=0 return_oop=0}
                      ; - com.sun.glass.ui.InvokeLaterDispatcher$Future::run@4 (line 96)
  0x000001cb1c71ee74: 2870 ec06 

  0x000001cb1c71ee78: ;   {runtime_call throw_null_pointer_exception Runtime1 stub}
  0x000001cb1c71ee78: e823 70ec 

  0x000001cb1c71ee7c: ; ImmutableOopMap {rdx=Oop }
                      ;*getfield LOCK {reexecute=1 rethrow=0 return_oop=0}
                      ; - (reexecute) com.sun.glass.ui.InvokeLaterDispatcher$Future::run@13 (line 98)
                      ;   {runtime_call throw_null_pointer_exception Runtime1 stub}
  0x000001cb1c71ee7c: 06e8 1e70 

  0x000001cb1c71ee80: ; ImmutableOopMap {rdx=Oop rsi=Oop }
                      ;*monitorenter {reexecute=0 rethrow=0 return_oop=0}
                      ; - com.sun.glass.ui.InvokeLaterDispatcher$Future::run@18 (line 98)
  0x000001cb1c71ee80: ec06 4889 | 7424 0848 

  0x000001cb1c71ee88: ;   {runtime_call monitorenter_nofpu Runtime1 stub}
  0x000001cb1c71ee88: 893c 24e8 

  0x000001cb1c71ee8c: ; ImmutableOopMap {rdx=Oop rsi=Oop [72]=Oop }
                      ;*monitorenter {reexecute=0 rethrow=0 return_oop=0}
                      ; - com.sun.glass.ui.InvokeLaterDispatcher$Future::run@18 (line 98)
  0x000001cb1c71ee8c: f0a2 ec06 | e9c6 fdff 

  0x000001cb1c71ee94: ;   {runtime_call throw_null_pointer_exception Runtime1 stub}
  0x000001cb1c71ee94: ffe8 0670 

  0x000001cb1c71ee98: ; ImmutableOopMap {[40]=Oop [72]=Oop }
                      ;*getfield LOCK {reexecute=1 rethrow=0 return_oop=0}
                      ; - (reexecute) com.sun.glass.ui.InvokeLaterDispatcher$Future::run@28 (line 100)
                      ;   {runtime_call throw_null_pointer_exception Runtime1 stub}
  0x000001cb1c71ee98: ec06 e801 

  0x000001cb1c71ee9c: ; ImmutableOopMap {[40]=Oop rdx=Oop [72]=Oop }
                      ;*invokevirtual notifyAll {reexecute=0 rethrow=0 return_oop=0}
                      ; - com.sun.glass.ui.InvokeLaterDispatcher$Future::run@31 (line 100)
  0x000001cb1c71ee9c: 70ec 0648 | 8d44 2440 | 4889 0424 

  0x000001cb1c71eea8: ;   {runtime_call monitorexit_nofpu Runtime1 stub}
  0x000001cb1c71eea8: e8d3 a8ec | 06e9 02fe 

  0x000001cb1c71eeb0: ;   {runtime_call throw_null_pointer_exception Runtime1 stub}
  0x000001cb1c71eeb0: ffff e8e9 

  0x000001cb1c71eeb4: ; ImmutableOopMap {rdx=Oop rax=Oop }
                      ;*getfield LOCK {reexecute=1 rethrow=0 return_oop=0}
                      ; - (reexecute) com.sun.glass.ui.InvokeLaterDispatcher$Future::run@52 (line 98)
                      ;   {runtime_call throw_null_pointer_exception Runtime1 stub}
  0x000001cb1c71eeb4: 6fec 06e8 

  0x000001cb1c71eeb8: ; ImmutableOopMap {rdx=Oop rsi=Oop [48]=Oop }
                      ;*monitorenter {reexecute=0 rethrow=0 return_oop=0}
                      ; - com.sun.glass.ui.InvokeLaterDispatcher$Future::run@58 (line 98)
  0x000001cb1c71eeb8: e46f ec06 | 4889 7424 | 0848 893c 

  0x000001cb1c71eec4: ;   {runtime_call monitorenter_nofpu Runtime1 stub}
  0x000001cb1c71eec4: 24e8 b6a2 

  0x000001cb1c71eec8: ; ImmutableOopMap {rdx=Oop rsi=Oop [48]=Oop [72]=Oop }
                      ;*monitorenter {reexecute=0 rethrow=0 return_oop=0}
                      ; - com.sun.glass.ui.InvokeLaterDispatcher$Future::run@58 (line 98)
  0x000001cb1c71eec8: ec06 e95c 

  0x000001cb1c71eecc: ;   {runtime_call throw_null_pointer_exception Runtime1 stub}
  0x000001cb1c71eecc: feff ffe8 

  0x000001cb1c71eed0: ; ImmutableOopMap {[56]=Oop [48]=Oop [72]=Oop }
                      ;*getfield LOCK {reexecute=1 rethrow=0 return_oop=0}
                      ; - (reexecute) com.sun.glass.ui.InvokeLaterDispatcher$Future::run@68 (line 100)
  0x000001cb1c71eed0: cc6f ec06 

  0x000001cb1c71eed4: ;   {runtime_call throw_null_pointer_exception Runtime1 stub}
  0x000001cb1c71eed4: e8c7 6fec 

  0x000001cb1c71eed8: ; ImmutableOopMap {[56]=Oop [48]=Oop rdx=Oop [72]=Oop }
                      ;*invokevirtual notifyAll {reexecute=0 rethrow=0 return_oop=0}
                      ; - com.sun.glass.ui.InvokeLaterDispatcher$Future::run@71 (line 100)
  0x000001cb1c71eed8: 0648 8d44 | 2440 4889 

  0x000001cb1c71eee0: ;   {runtime_call monitorexit_nofpu Runtime1 stub}
  0x000001cb1c71eee0: 0424 e899 | a8ec 06e9 | 98fe ffff 

  0x000001cb1c71eeec: ;   {internal_word}
  0x000001cb1c71eeec: 49ba 9eed | 711c cb01 | 0000 4d89 | 9760 0300 

  0x000001cb1c71eefc: ;   {runtime_call SafepointBlob}
  0x000001cb1c71eefc: 00e9 fe8a | e206 488d | 4424 4048 

  0x000001cb1c71ef08: ;   {runtime_call monitorexit_nofpu Runtime1 stub}
  0x000001cb1c71ef08: 8904 24e8 | 70a8 ec06 | e9ef feff | ff48 8d44 | 2440 4889 

  0x000001cb1c71ef1c: ;   {runtime_call monitorexit_nofpu Runtime1 stub}
  0x000001cb1c71ef1c: 0424 e85d | a8ec 06e9 | 22ff ffff | 488b 5424 | 20e9 97fd | ffff 9090 | 498b 87d8 | 0300 0049 
  0x000001cb1c71ef3c: c787 d803 | 0000 0000 | 0000 49c7 | 87e0 0300 | 0000 0000 | 0048 83c4 

  0x000001cb1c71ef54: ;   {runtime_call unwind_exception Runtime1 stub}
  0x000001cb1c71ef54: 605d e9a5 | 89e3 06f4 | f4f4 f4f4 
[Stub Code]
  0x000001cb1c71ef60: ;   {no_reloc}
  0x000001cb1c71ef60: 0f1f 4400 

  0x000001cb1c71ef64: ;   {static_stub}
  0x000001cb1c71ef64: 0048 bb00 | 0000 0000 

  0x000001cb1c71ef6c: ;   {runtime_call}
  0x000001cb1c71ef6c: 0000 00e9 | fbff ffff 

  0x000001cb1c71ef74: ;   {static_stub}
  0x000001cb1c71ef74: 9048 bb00 | 0000 0000 

  0x000001cb1c71ef7c: ;   {runtime_call}
  0x000001cb1c71ef7c: 0000 00e9 | fbff ffff 

  0x000001cb1c71ef84: ;   {static_stub}
  0x000001cb1c71ef84: 9048 bb00 | 0000 0000 

  0x000001cb1c71ef8c: ;   {runtime_call}
  0x000001cb1c71ef8c: 0000 00e9 | fbff ffff 
[Exception Handler]
  0x000001cb1c71ef94: ;   {runtime_call handle_exception_from_callee Runtime1 stub}
  0x000001cb1c71ef94: e8e7 8fec 

  0x000001cb1c71ef98: ;   {external_word}
  0x000001cb1c71ef98: 0648 b9a0 | e9db bffc | 7f00 0048 

  0x000001cb1c71efa4: ;   {runtime_call}
  0x000001cb1c71efa4: 83e4 f049 | ba10 79a4 | bffc 7f00 | 0041 ffd2 

  0x000001cb1c71efb4: ;   {section_word}
  0x000001cb1c71efb4: f449 bab5 | ef71 1ccb | 0100 0041 

  0x000001cb1c71efc0: ;   {runtime_call DeoptimizationBlob}
  0x000001cb1c71efc0: 52e9 da7c | e206 f4f4 
[/MachCode]


---------------  P R O C E S S  ---------------

Threads class SMR info:
_java_thread_list=0x000001cb054991b0, length=19, elements={
0x000001cb14488620, 0x000001cb37b0e900, 0x000001cb37b10030, 0x000001cb37b27550,
0x000001cb37b2a120, 0x000001cb37b2d660, 0x000001cb37b2eb90, 0x000001cb37b36920,
0x000001cb37b439f0, 0x000001cb37b48e80, 0x000001cb37af9cf0, 0x000001cb7e677a80,
0x000001cb7e58fb00, 0x000001cb7e53f910, 0x000001cb7e733730, 0x000001cb7e8e7670,
0x000001cb7e9a0e80, 0x000001cb7f2cbd70, 0x000001cb04a1aee0
}

Java Threads: ( => current thread )
  0x000001cb14488620 JavaThread "main" [_thread_blocked, id=16828, stack(0x00000038f7e00000,0x00000038f7f00000)]
  0x000001cb37b0e900 JavaThread "Reference Handler" daemon [_thread_blocked, id=12880, stack(0x00000038f8500000,0x00000038f8600000)]
  0x000001cb37b10030 JavaThread "Finalizer" daemon [_thread_blocked, id=5252, stack(0x00000038f8600000,0x00000038f8700000)]
  0x000001cb37b27550 JavaThread "Signal Dispatcher" daemon [_thread_blocked, id=8088, stack(0x00000038f8700000,0x00000038f8800000)]
  0x000001cb37b2a120 JavaThread "Attach Listener" daemon [_thread_blocked, id=9320, stack(0x00000038f8800000,0x00000038f8900000)]
  0x000001cb37b2d660 JavaThread "Service Thread" daemon [_thread_blocked, id=10508, stack(0x00000038f8900000,0x00000038f8a00000)]
  0x000001cb37b2eb90 JavaThread "Monitor Deflation Thread" daemon [_thread_blocked, id=14036, stack(0x00000038f8a00000,0x00000038f8b00000)]
  0x000001cb37b36920 JavaThread "C2 CompilerThread0" daemon [_thread_blocked, id=8732, stack(0x00000038f8b00000,0x00000038f8c00000)]
  0x000001cb37b439f0 JavaThread "C1 CompilerThread0" daemon [_thread_blocked, id=6832, stack(0x00000038f8c00000,0x00000038f8d00000)]
  0x000001cb37b48e80 JavaThread "Sweeper thread" daemon [_thread_blocked, id=2724, stack(0x00000038f8d00000,0x00000038f8e00000)]
  0x000001cb37af9cf0 JavaThread "Common-Cleaner" daemon [_thread_blocked, id=16700, stack(0x00000038f8f00000,0x00000038f9000000)]
  0x000001cb7e677a80 JavaThread "Notification Thread" daemon [_thread_blocked, id=13704, stack(0x00000038f9600000,0x00000038f9700000)]
  0x000001cb7e58fb00 JavaThread "QuantumRenderer-0" daemon [_thread_blocked, id=4688, stack(0x00000038f9800000,0x00000038f9900000)]
  0x000001cb7e53f910 JavaThread "InvokeLaterDispatcher" daemon [_thread_blocked, id=9448, stack(0x00000038f9900000,0x00000038f9a00000)]
=>0x000001cb7e733730 JavaThread "JavaFX Application Thread" [_thread_in_native, id=12524, stack(0x00000038f9a00000,0x00000038f9b00000)]
  0x000001cb7e8e7670 JavaThread "JavaFX-Launcher" [_thread_blocked, id=5200, stack(0x00000038f9f00000,0x00000038fa000000)]
  0x000001cb7e9a0e80 JavaThread "Thread-2" daemon [_thread_in_native, id=5172, stack(0x00000038f9e00000,0x00000038f9f00000)]
  0x000001cb7f2cbd70 JavaThread "Prism Font Disposer" daemon [_thread_blocked, id=6204, stack(0x00000038f9500000,0x00000038f9600000)]
  0x000001cb04a1aee0 JavaThread "Cleaner-0" daemon [_thread_blocked, id=16412, stack(0x00000038fa800000,0x00000038fa900000)]

Other Threads:
  0x000001cb37b08850 VMThread "VM Thread" [stack: 0x00000038f8400000,0x00000038f8500000] [id=12876]
  0x000001cb7e0e8020 WatcherThread [stack: 0x00000038f9700000,0x00000038f9800000] [id=16660]
  0x000001cb144f6bc0 GCTaskThread "GC Thread#0" [stack: 0x00000038f7f00000,0x00000038f8000000] [id=13804]
  0x000001cb7e96c4f0 GCTaskThread "GC Thread#1" [stack: 0x00000038fa000000,0x00000038fa100000] [id=11044]
  0x000001cb7e9b7b40 GCTaskThread "GC Thread#2" [stack: 0x00000038fa100000,0x00000038fa200000] [id=1488]
  0x000001cb7e9950f0 GCTaskThread "GC Thread#3" [stack: 0x00000038fa200000,0x00000038fa300000] [id=9236]
  0x000001cb7e8e7b50 GCTaskThread "GC Thread#4" [stack: 0x00000038fa300000,0x00000038fa400000] [id=9748]
  0x000001cb7e92eda0 GCTaskThread "GC Thread#5" [stack: 0x00000038fa400000,0x00000038fa500000] [id=7880]
  0x000001cb04a10c30 GCTaskThread "GC Thread#6" [stack: 0x00000038f9100000,0x00000038f9200000] [id=2196]
  0x000001cb04a132b0 GCTaskThread "GC Thread#7" [stack: 0x00000038f9400000,0x00000038f9500000] [id=9340]
  0x000001cb04a12a70 GCTaskThread "GC Thread#8" [stack: 0x00000038faa00000,0x00000038fab00000] [id=12584]
  0x000001cb04a0f8f0 GCTaskThread "GC Thread#9" [stack: 0x00000038fab00000,0x00000038fac00000] [id=15616]
  0x000001cb145084a0 ConcurrentGCThread "G1 Main Marker" [stack: 0x00000038f8000000,0x00000038f8100000] [id=1860]
  0x000001cb14508ec0 ConcurrentGCThread "G1 Conc#0" [stack: 0x00000038f8100000,0x00000038f8200000] [id=9628]
  0x000001cb1453e890 ConcurrentGCThread "G1 Refine#0" [stack: 0x00000038f8200000,0x00000038f8300000] [id=7568]
  0x000001cb37a3e360 ConcurrentGCThread "G1 Service" [stack: 0x00000038f8300000,0x00000038f8400000] [id=2924]

Threads with active compile tasks:

VM state: not at safepoint (normal execution)

VM Mutex/Monitor currently owned by a thread: None

Heap address: 0x0000000703400000, size: 4044 MB, Compressed Oops mode: Zero based, Oop shift amount: 3

CDS archive(s) mapped at: [0x000001cb39000000-0x000001cb39bb0000-0x000001cb39bb0000), size 12255232, SharedBaseAddress: 0x000001cb39000000, ArchiveRelocationMode: 1.
Compressed class space mapped at: 0x000001cb3a000000-0x000001cb7a000000, reserved size: 1073741824
Narrow klass base: 0x000001cb39000000, Narrow klass shift: 0, Narrow klass range: 0x100000000

GC Precious Log:
 CPUs: 16 total, 16 available
 Memory: 16168M
 Large Page Support: Disabled
 NUMA Support: Disabled
 Compressed Oops: Enabled (Zero based)
 Heap Region Size: 2M
 Heap Min Capacity: 8M
 Heap Initial Capacity: 254M
 Heap Max Capacity: 4044M
 Pre-touch: Disabled
 Parallel Workers: 13
 Concurrent Workers: 3
 Concurrent Refinement Workers: 13
 Periodic GC: Disabled

Heap:
 garbage-first heap   total 260096K, used 32810K [0x0000000703400000, 0x0000000800000000)
  region size 2048K, 16 young (32768K), 3 survivors (6144K)
 Metaspace       used 16436K, committed 16704K, reserved 1114112K
  class space    used 2375K, committed 2496K, reserved 1048576K

Heap Regions: E=young(eden), S=young(survivor), O=old, HS=humongous(starts), HC=humongous(continues), CS=collection set, F=free, OA=open archive, CA=closed archive, TAMS=top-at-mark-start (previous, next)
|   0|0x0000000703400000, 0x0000000703600000, 0x0000000703600000|100%|HS|  |TAMS 0x0000000703400000, 0x0000000703400000| Complete 
|   1|0x0000000703600000, 0x000000070360a800, 0x0000000703800000|  2%| O|  |TAMS 0x0000000703600000, 0x0000000703600000| Untracked 
|   2|0x0000000703800000, 0x0000000703800000, 0x0000000703a00000|  0%| F|  |TAMS 0x0000000703800000, 0x0000000703800000| Untracked 
|   3|0x0000000703a00000, 0x0000000703a00000, 0x0000000703c00000|  0%| F|  |TAMS 0x0000000703a00000, 0x0000000703a00000| Untracked 
|   4|0x0000000703c00000, 0x0000000703c00000, 0x0000000703e00000|  0%| F|  |TAMS 0x0000000703c00000, 0x0000000703c00000| Untracked 
|   5|0x0000000703e00000, 0x0000000703e00000, 0x0000000704000000|  0%| F|  |TAMS 0x0000000703e00000, 0x0000000703e00000| Untracked 
|   6|0x0000000704000000, 0x0000000704000000, 0x0000000704200000|  0%| F|  |TAMS 0x0000000704000000, 0x0000000704000000| Untracked 
|   7|0x0000000704200000, 0x0000000704200000, 0x0000000704400000|  0%| F|  |TAMS 0x0000000704200000, 0x0000000704200000| Untracked 
|   8|0x0000000704400000, 0x0000000704400000, 0x0000000704600000|  0%| F|  |TAMS 0x0000000704400000, 0x0000000704400000| Untracked 
|   9|0x0000000704600000, 0x0000000704600000, 0x0000000704800000|  0%| F|  |TAMS 0x0000000704600000, 0x0000000704600000| Untracked 
|  10|0x0000000704800000, 0x0000000704800000, 0x0000000704a00000|  0%| F|  |TAMS 0x0000000704800000, 0x0000000704800000| Untracked 
|  11|0x0000000704a00000, 0x0000000704a00000, 0x0000000704c00000|  0%| F|  |TAMS 0x0000000704a00000, 0x0000000704a00000| Untracked 
|  12|0x0000000704c00000, 0x0000000704c00000, 0x0000000704e00000|  0%| F|  |TAMS 0x0000000704c00000, 0x0000000704c00000| Untracked 
|  13|0x0000000704e00000, 0x0000000704e00000, 0x0000000705000000|  0%| F|  |TAMS 0x0000000704e00000, 0x0000000704e00000| Untracked 
|  14|0x0000000705000000, 0x0000000705000000, 0x0000000705200000|  0%| F|  |TAMS 0x0000000705000000, 0x0000000705000000| Untracked 
|  15|0x0000000705200000, 0x0000000705200000, 0x0000000705400000|  0%| F|  |TAMS 0x0000000705200000, 0x0000000705200000| Untracked 
|  16|0x0000000705400000, 0x0000000705400000, 0x0000000705600000|  0%| F|  |TAMS 0x0000000705400000, 0x0000000705400000| Untracked 
|  17|0x0000000705600000, 0x0000000705600000, 0x0000000705800000|  0%| F|  |TAMS 0x0000000705600000, 0x0000000705600000| Untracked 
|  18|0x0000000705800000, 0x0000000705800000, 0x0000000705a00000|  0%| F|  |TAMS 0x0000000705800000, 0x0000000705800000| Untracked 
|  19|0x0000000705a00000, 0x0000000705a00000, 0x0000000705c00000|  0%| F|  |TAMS 0x0000000705a00000, 0x0000000705a00000| Untracked 
|  20|0x0000000705c00000, 0x0000000705c00000, 0x0000000705e00000|  0%| F|  |TAMS 0x0000000705c00000, 0x0000000705c00000| Untracked 
|  21|0x0000000705e00000, 0x0000000705e00000, 0x0000000706000000|  0%| F|  |TAMS 0x0000000705e00000, 0x0000000705e00000| Untracked 
|  22|0x0000000706000000, 0x0000000706000000, 0x0000000706200000|  0%| F|  |TAMS 0x0000000706000000, 0x0000000706000000| Untracked 
|  23|0x0000000706200000, 0x0000000706200000, 0x0000000706400000|  0%| F|  |TAMS 0x0000000706200000, 0x0000000706200000| Untracked 
|  24|0x0000000706400000, 0x0000000706400000, 0x0000000706600000|  0%| F|  |TAMS 0x0000000706400000, 0x0000000706400000| Untracked 
|  25|0x0000000706600000, 0x0000000706600000, 0x0000000706800000|  0%| F|  |TAMS 0x0000000706600000, 0x0000000706600000| Untracked 
|  26|0x0000000706800000, 0x0000000706800000, 0x0000000706a00000|  0%| F|  |TAMS 0x0000000706800000, 0x0000000706800000| Untracked 
|  27|0x0000000706a00000, 0x0000000706a00000, 0x0000000706c00000|  0%| F|  |TAMS 0x0000000706a00000, 0x0000000706a00000| Untracked 
|  28|0x0000000706c00000, 0x0000000706c00000, 0x0000000706e00000|  0%| F|  |TAMS 0x0000000706c00000, 0x0000000706c00000| Untracked 
|  29|0x0000000706e00000, 0x0000000706e00000, 0x0000000707000000|  0%| F|  |TAMS 0x0000000706e00000, 0x0000000706e00000| Untracked 
|  30|0x0000000707000000, 0x0000000707000000, 0x0000000707200000|  0%| F|  |TAMS 0x0000000707000000, 0x0000000707000000| Untracked 
|  31|0x0000000707200000, 0x0000000707200000, 0x0000000707400000|  0%| F|  |TAMS 0x0000000707200000, 0x0000000707200000| Untracked 
|  32|0x0000000707400000, 0x0000000707400000, 0x0000000707600000|  0%| F|  |TAMS 0x0000000707400000, 0x0000000707400000| Untracked 
|  33|0x0000000707600000, 0x0000000707600000, 0x0000000707800000|  0%| F|  |TAMS 0x0000000707600000, 0x0000000707600000| Untracked 
|  34|0x0000000707800000, 0x0000000707800000, 0x0000000707a00000|  0%| F|  |TAMS 0x0000000707800000, 0x0000000707800000| Untracked 
|  35|0x0000000707a00000, 0x0000000707a00000, 0x0000000707c00000|  0%| F|  |TAMS 0x0000000707a00000, 0x0000000707a00000| Untracked 
|  36|0x0000000707c00000, 0x0000000707c00000, 0x0000000707e00000|  0%| F|  |TAMS 0x0000000707c00000, 0x0000000707c00000| Untracked 
|  37|0x0000000707e00000, 0x0000000707e00000, 0x0000000708000000|  0%| F|  |TAMS 0x0000000707e00000, 0x0000000707e00000| Untracked 
|  38|0x0000000708000000, 0x0000000708000000, 0x0000000708200000|  0%| F|  |TAMS 0x0000000708000000, 0x0000000708000000| Untracked 
|  39|0x0000000708200000, 0x0000000708200000, 0x0000000708400000|  0%| F|  |TAMS 0x0000000708200000, 0x0000000708200000| Untracked 
|  40|0x0000000708400000, 0x0000000708400000, 0x0000000708600000|  0%| F|  |TAMS 0x0000000708400000, 0x0000000708400000| Untracked 
|  41|0x0000000708600000, 0x0000000708600000, 0x0000000708800000|  0%| F|  |TAMS 0x0000000708600000, 0x0000000708600000| Untracked 
|  42|0x0000000708800000, 0x0000000708800000, 0x0000000708a00000|  0%| F|  |TAMS 0x0000000708800000, 0x0000000708800000| Untracked 
|  43|0x0000000708a00000, 0x0000000708a00000, 0x0000000708c00000|  0%| F|  |TAMS 0x0000000708a00000, 0x0000000708a00000| Untracked 
|  44|0x0000000708c00000, 0x0000000708c00000, 0x0000000708e00000|  0%| F|  |TAMS 0x0000000708c00000, 0x0000000708c00000| Untracked 
|  45|0x0000000708e00000, 0x0000000708e00000, 0x0000000709000000|  0%| F|  |TAMS 0x0000000708e00000, 0x0000000708e00000| Untracked 
|  46|0x0000000709000000, 0x0000000709000000, 0x0000000709200000|  0%| F|  |TAMS 0x0000000709000000, 0x0000000709000000| Untracked 
|  47|0x0000000709200000, 0x0000000709200000, 0x0000000709400000|  0%| F|  |TAMS 0x0000000709200000, 0x0000000709200000| Untracked 
|  48|0x0000000709400000, 0x0000000709400000, 0x0000000709600000|  0%| F|  |TAMS 0x0000000709400000, 0x0000000709400000| Untracked 
|  49|0x0000000709600000, 0x0000000709600000, 0x0000000709800000|  0%| F|  |TAMS 0x0000000709600000, 0x0000000709600000| Untracked 
|  50|0x0000000709800000, 0x0000000709800000, 0x0000000709a00000|  0%| F|  |TAMS 0x0000000709800000, 0x0000000709800000| Untracked 
|  51|0x0000000709a00000, 0x0000000709a00000, 0x0000000709c00000|  0%| F|  |TAMS 0x0000000709a00000, 0x0000000709a00000| Untracked 
|  52|0x0000000709c00000, 0x0000000709c00000, 0x0000000709e00000|  0%| F|  |TAMS 0x0000000709c00000, 0x0000000709c00000| Untracked 
|  53|0x0000000709e00000, 0x0000000709e00000, 0x000000070a000000|  0%| F|  |TAMS 0x0000000709e00000, 0x0000000709e00000| Untracked 
|  54|0x000000070a000000, 0x000000070a000000, 0x000000070a200000|  0%| F|  |TAMS 0x000000070a000000, 0x000000070a000000| Untracked 
|  55|0x000000070a200000, 0x000000070a200000, 0x000000070a400000|  0%| F|  |TAMS 0x000000070a200000, 0x000000070a200000| Untracked 
|  56|0x000000070a400000, 0x000000070a400000, 0x000000070a600000|  0%| F|  |TAMS 0x000000070a400000, 0x000000070a400000| Untracked 
|  57|0x000000070a600000, 0x000000070a600000, 0x000000070a800000|  0%| F|  |TAMS 0x000000070a600000, 0x000000070a600000| Untracked 
|  58|0x000000070a800000, 0x000000070a800000, 0x000000070aa00000|  0%| F|  |TAMS 0x000000070a800000, 0x000000070a800000| Untracked 
|  59|0x000000070aa00000, 0x000000070aa00000, 0x000000070ac00000|  0%| F|  |TAMS 0x000000070aa00000, 0x000000070aa00000| Untracked 
|  60|0x000000070ac00000, 0x000000070ac00000, 0x000000070ae00000|  0%| F|  |TAMS 0x000000070ac00000, 0x000000070ac00000| Untracked 
|  61|0x000000070ae00000, 0x000000070ae00000, 0x000000070b000000|  0%| F|  |TAMS 0x000000070ae00000, 0x000000070ae00000| Untracked 
|  62|0x000000070b000000, 0x000000070b000000, 0x000000070b200000|  0%| F|  |TAMS 0x000000070b000000, 0x000000070b000000| Untracked 
|  63|0x000000070b200000, 0x000000070b200000, 0x000000070b400000|  0%| F|  |TAMS 0x000000070b200000, 0x000000070b200000| Untracked 
|  64|0x000000070b400000, 0x000000070b400000, 0x000000070b600000|  0%| F|  |TAMS 0x000000070b400000, 0x000000070b400000| Untracked 
|  65|0x000000070b600000, 0x000000070b600000, 0x000000070b800000|  0%| F|  |TAMS 0x000000070b600000, 0x000000070b600000| Untracked 
|  66|0x000000070b800000, 0x000000070b800000, 0x000000070ba00000|  0%| F|  |TAMS 0x000000070b800000, 0x000000070b800000| Untracked 
|  67|0x000000070ba00000, 0x000000070ba00000, 0x000000070bc00000|  0%| F|  |TAMS 0x000000070ba00000, 0x000000070ba00000| Untracked 
|  68|0x000000070bc00000, 0x000000070bc00000, 0x000000070be00000|  0%| F|  |TAMS 0x000000070bc00000, 0x000000070bc00000| Untracked 
|  69|0x000000070be00000, 0x000000070be00000, 0x000000070c000000|  0%| F|  |TAMS 0x000000070be00000, 0x000000070be00000| Untracked 
|  70|0x000000070c000000, 0x000000070c000000, 0x000000070c200000|  0%| F|  |TAMS 0x000000070c000000, 0x000000070c000000| Untracked 
|  71|0x000000070c200000, 0x000000070c200000, 0x000000070c400000|  0%| F|  |TAMS 0x000000070c200000, 0x000000070c200000| Untracked 
|  72|0x000000070c400000, 0x000000070c400000, 0x000000070c600000|  0%| F|  |TAMS 0x000000070c400000, 0x000000070c400000| Untracked 
|  73|0x000000070c600000, 0x000000070c600000, 0x000000070c800000|  0%| F|  |TAMS 0x000000070c600000, 0x000000070c600000| Untracked 
|  74|0x000000070c800000, 0x000000070c800000, 0x000000070ca00000|  0%| F|  |TAMS 0x000000070c800000, 0x000000070c800000| Untracked 
|  75|0x000000070ca00000, 0x000000070ca00000, 0x000000070cc00000|  0%| F|  |TAMS 0x000000070ca00000, 0x000000070ca00000| Untracked 
|  76|0x000000070cc00000, 0x000000070cc00000, 0x000000070ce00000|  0%| F|  |TAMS 0x000000070cc00000, 0x000000070cc00000| Untracked 
|  77|0x000000070ce00000, 0x000000070ce00000, 0x000000070d000000|  0%| F|  |TAMS 0x000000070ce00000, 0x000000070ce00000| Untracked 
|  78|0x000000070d000000, 0x000000070d000000, 0x000000070d200000|  0%| F|  |TAMS 0x000000070d000000, 0x000000070d000000| Untracked 
|  79|0x000000070d200000, 0x000000070d200000, 0x000000070d400000|  0%| F|  |TAMS 0x000000070d200000, 0x000000070d200000| Untracked 
|  80|0x000000070d400000, 0x000000070d400000, 0x000000070d600000|  0%| F|  |TAMS 0x000000070d400000, 0x000000070d400000| Untracked 
|  81|0x000000070d600000, 0x000000070d600000, 0x000000070d800000|  0%| F|  |TAMS 0x000000070d600000, 0x000000070d600000| Untracked 
|  82|0x000000070d800000, 0x000000070d800000, 0x000000070da00000|  0%| F|  |TAMS 0x000000070d800000, 0x000000070d800000| Untracked 
|  83|0x000000070da00000, 0x000000070da00000, 0x000000070dc00000|  0%| F|  |TAMS 0x000000070da00000, 0x000000070da00000| Untracked 
|  84|0x000000070dc00000, 0x000000070dc00000, 0x000000070de00000|  0%| F|  |TAMS 0x000000070dc00000, 0x000000070dc00000| Untracked 
|  85|0x000000070de00000, 0x000000070de00000, 0x000000070e000000|  0%| F|  |TAMS 0x000000070de00000, 0x000000070de00000| Untracked 
|  86|0x000000070e000000, 0x000000070e000000, 0x000000070e200000|  0%| F|  |TAMS 0x000000070e000000, 0x000000070e000000| Untracked 
|  87|0x000000070e200000, 0x000000070e200000, 0x000000070e400000|  0%| F|  |TAMS 0x000000070e200000, 0x000000070e200000| Untracked 
|  88|0x000000070e400000, 0x000000070e400000, 0x000000070e600000|  0%| F|  |TAMS 0x000000070e400000, 0x000000070e400000| Untracked 
|  89|0x000000070e600000, 0x000000070e600000, 0x000000070e800000|  0%| F|  |TAMS 0x000000070e600000, 0x000000070e600000| Untracked 
|  90|0x000000070e800000, 0x000000070e800000, 0x000000070ea00000|  0%| F|  |TAMS 0x000000070e800000, 0x000000070e800000| Untracked 
|  91|0x000000070ea00000, 0x000000070ea00000, 0x000000070ec00000|  0%| F|  |TAMS 0x000000070ea00000, 0x000000070ea00000| Untracked 
|  92|0x000000070ec00000, 0x000000070ec00000, 0x000000070ee00000|  0%| F|  |TAMS 0x000000070ec00000, 0x000000070ec00000| Untracked 
|  93|0x000000070ee00000, 0x000000070ee00000, 0x000000070f000000|  0%| F|  |TAMS 0x000000070ee00000, 0x000000070ee00000| Untracked 
|  94|0x000000070f000000, 0x000000070f000000, 0x000000070f200000|  0%| F|  |TAMS 0x000000070f000000, 0x000000070f000000| Untracked 
|  95|0x000000070f200000, 0x000000070f200000, 0x000000070f400000|  0%| F|  |TAMS 0x000000070f200000, 0x000000070f200000| Untracked 
|  96|0x000000070f400000, 0x000000070f400000, 0x000000070f600000|  0%| F|  |TAMS 0x000000070f400000, 0x000000070f400000| Untracked 
|  97|0x000000070f600000, 0x000000070f600000, 0x000000070f800000|  0%| F|  |TAMS 0x000000070f600000, 0x000000070f600000| Untracked 
|  98|0x000000070f800000, 0x000000070f800000, 0x000000070fa00000|  0%| F|  |TAMS 0x000000070f800000, 0x000000070f800000| Untracked 
|  99|0x000000070fa00000, 0x000000070fa00000, 0x000000070fc00000|  0%| F|  |TAMS 0x000000070fa00000, 0x000000070fa00000| Untracked 
| 100|0x000000070fc00000, 0x000000070fc00000, 0x000000070fe00000|  0%| F|  |TAMS 0x000000070fc00000, 0x000000070fc00000| Untracked 
| 101|0x000000070fe00000, 0x000000070fe00000, 0x0000000710000000|  0%| F|  |TAMS 0x000000070fe00000, 0x000000070fe00000| Untracked 
| 102|0x0000000710000000, 0x0000000710000000, 0x0000000710200000|  0%| F|  |TAMS 0x0000000710000000, 0x0000000710000000| Untracked 
| 103|0x0000000710200000, 0x0000000710400000, 0x0000000710400000|100%| S|CS|TAMS 0x0000000710200000, 0x0000000710200000| Complete 
| 104|0x0000000710400000, 0x0000000710600000, 0x0000000710600000|100%| S|CS|TAMS 0x0000000710400000, 0x0000000710400000| Complete 
| 105|0x0000000710600000, 0x0000000710800000, 0x0000000710800000|100%| S|CS|TAMS 0x0000000710600000, 0x0000000710600000| Complete 
| 106|0x0000000710800000, 0x0000000710800000, 0x0000000710a00000|  0%| F|  |TAMS 0x0000000710800000, 0x0000000710800000| Untracked 
| 107|0x0000000710a00000, 0x0000000710a00000, 0x0000000710c00000|  0%| F|  |TAMS 0x0000000710a00000, 0x0000000710a00000| Untracked 
| 108|0x0000000710c00000, 0x0000000710c00000, 0x0000000710e00000|  0%| F|  |TAMS 0x0000000710c00000, 0x0000000710c00000| Untracked 
| 109|0x0000000710e00000, 0x0000000710e00000, 0x0000000711000000|  0%| F|  |TAMS 0x0000000710e00000, 0x0000000710e00000| Untracked 
| 110|0x0000000711000000, 0x0000000711000000, 0x0000000711200000|  0%| F|  |TAMS 0x0000000711000000, 0x0000000711000000| Untracked 
| 111|0x0000000711200000, 0x0000000711200000, 0x0000000711400000|  0%| F|  |TAMS 0x0000000711200000, 0x0000000711200000| Untracked 
| 112|0x0000000711400000, 0x0000000711400000, 0x0000000711600000|  0%| F|  |TAMS 0x0000000711400000, 0x0000000711400000| Untracked 
| 113|0x0000000711600000, 0x0000000711600000, 0x0000000711800000|  0%| F|  |TAMS 0x0000000711600000, 0x0000000711600000| Untracked 
| 114|0x0000000711800000, 0x00000007119f34e8, 0x0000000711a00000| 97%| E|  |TAMS 0x0000000711800000, 0x0000000711800000| Complete 
| 115|0x0000000711a00000, 0x0000000711c00000, 0x0000000711c00000|100%| E|CS|TAMS 0x0000000711a00000, 0x0000000711a00000| Complete 
| 116|0x0000000711c00000, 0x0000000711e00000, 0x0000000711e00000|100%| E|CS|TAMS 0x0000000711c00000, 0x0000000711c00000| Complete 
| 117|0x0000000711e00000, 0x0000000712000000, 0x0000000712000000|100%| E|CS|TAMS 0x0000000711e00000, 0x0000000711e00000| Complete 
| 118|0x0000000712000000, 0x0000000712200000, 0x0000000712200000|100%| E|CS|TAMS 0x0000000712000000, 0x0000000712000000| Complete 
| 119|0x0000000712200000, 0x0000000712400000, 0x0000000712400000|100%| E|CS|TAMS 0x0000000712200000, 0x0000000712200000| Complete 
| 120|0x0000000712400000, 0x0000000712600000, 0x0000000712600000|100%| E|CS|TAMS 0x0000000712400000, 0x0000000712400000| Complete 
| 121|0x0000000712600000, 0x0000000712800000, 0x0000000712800000|100%| E|CS|TAMS 0x0000000712600000, 0x0000000712600000| Complete 
| 122|0x0000000712800000, 0x0000000712a00000, 0x0000000712a00000|100%| E|CS|TAMS 0x0000000712800000, 0x0000000712800000| Complete 
| 123|0x0000000712a00000, 0x0000000712c00000, 0x0000000712c00000|100%| E|CS|TAMS 0x0000000712a00000, 0x0000000712a00000| Complete 
| 124|0x0000000712c00000, 0x0000000712e00000, 0x0000000712e00000|100%| E|CS|TAMS 0x0000000712c00000, 0x0000000712c00000| Complete 
| 125|0x0000000712e00000, 0x0000000713000000, 0x0000000713000000|100%| E|CS|TAMS 0x0000000712e00000, 0x0000000712e00000| Complete 
| 126|0x0000000713000000, 0x0000000713200000, 0x0000000713200000|100%| E|CS|TAMS 0x0000000713000000, 0x0000000713000000| Complete 

Card table byte_map: [0x000001cb2c840000,0x000001cb2d030000] _byte_map_base: 0x000001cb29026000

Marking Bits (Prev, Next): (CMBitMap*) 0x000001cb144f71e0, (CMBitMap*) 0x000001cb144f7220
 Prev Bits: [0x000001cb2d820000, 0x000001cb31750000)
 Next Bits: [0x000001cb31750000, 0x000001cb35680000)

Polling page: 0x000001cb12bb0000

Metaspace:

Usage:
  Non-class:     13.73 MB used.
      Class:      2.32 MB used.
       Both:     16.05 MB used.

Virtual space:
  Non-class space:       64.00 MB reserved,      13.88 MB ( 22%) committed,  1 nodes.
      Class space:        1.00 GB reserved,       2.44 MB ( <1%) committed,  1 nodes.
             Both:        1.06 GB reserved,      16.31 MB (  1%) committed. 

Chunk freelists:
   Non-Class:  1.17 MB
       Class:  13.61 MB
        Both:  14.78 MB

MaxMetaspaceSize: unlimited
CompressedClassSpaceSize: 1.00 GB
Initial GC threshold: 21.00 MB
Current GC threshold: 21.00 MB
CDS: on
MetaspaceReclaimPolicy: balanced
 - commit_granule_bytes: 65536.
 - commit_granule_words: 8192.
 - virtual_space_node_default_size: 8388608.
 - enlarge_chunks_in_place: 1.
 - new_chunks_are_fully_committed: 0.
 - uncommit_free_chunks: 1.
 - use_allocation_guard: 0.
 - handle_deallocations: 1.


Internal statistics:

num_allocs_failed_limit: 0.
num_arena_births: 208.
num_arena_deaths: 0.
num_vsnodes_births: 2.
num_vsnodes_deaths: 0.
num_space_committed: 261.
num_space_uncommitted: 0.
num_chunks_returned_to_freelist: 0.
num_chunks_taken_from_freelist: 753.
num_chunk_merges: 0.
num_chunk_splits: 555.
num_chunks_enlarged: 460.
num_inconsistent_stats: 0.

CodeHeap 'non-profiled nmethods': size=119168Kb used=2401Kb max_used=2401Kb free=116766Kb
 bounds [0x000001cb23c40000, 0x000001cb23eb0000, 0x000001cb2b0a0000]
CodeHeap 'profiled nmethods': size=119104Kb used=9081Kb max_used=9081Kb free=110022Kb
 bounds [0x000001cb1c0a0000, 0x000001cb1c980000, 0x000001cb234f0000]
CodeHeap 'non-nmethods': size=7488Kb used=1428Kb max_used=3170Kb free=6059Kb
 bounds [0x000001cb234f0000, 0x000001cb23810000, 0x000001cb23c40000]
 total_blobs=5132 nmethods=4343 adapters=699
 compilation: enabled
              stopped_count=0, restarted_count=0
 full_count=0

Compilation events (20 events):
Event: 50.549 Thread 0x000001cb37b36920 4337       4       com.sun.prism.d3d.D3DShader::setConstants (64 bytes)
Event: 50.549 Thread 0x000001cb37b439f0 nmethod 4335 0x000001cb1c97c390 code [0x000001cb1c97c5c0, 0x000001cb1c97d018]
Event: 50.557 Thread 0x000001cb37b36920 nmethod 4337 0x000001cb23e95d90 code [0x000001cb23e95f60, 0x000001cb23e96868]
Event: 51.735 Thread 0x000001cb37b36920 4338       4       javafx.scene.Scene$ClickCounter::moved (52 bytes)
Event: 51.738 Thread 0x000001cb37b36920 nmethod 4338 0x000001cb23e96f90 code [0x000001cb23e97160, 0x000001cb23e97328]
Event: 64.827 Thread 0x000001cb37b439f0 4339       3       javafx.scene.Node$FocusedProperty::get (10 bytes)
Event: 64.827 Thread 0x000001cb37b439f0 nmethod 4339 0x000001cb1c97d310 code [0x000001cb1c97d4a0, 0x000001cb1c97d5b8]
Event: 64.832 Thread 0x000001cb37b36920 4340       4       com.sun.javafx.util.Utils::calculateBrightness (27 bytes)
Event: 64.832 Thread 0x000001cb37b36920 nmethod 4340 0x000001cb23e97510 code [0x000001cb23e976c0, 0x000001cb23e97758]
Event: 64.917 Thread 0x000001cb37b439f0 4341       3       java.lang.reflect.AccessibleObject::<init> (5 bytes)
Event: 64.917 Thread 0x000001cb37b439f0 nmethod 4341 0x000001cb1c97d690 code [0x000001cb1c97d840, 0x000001cb1c97d998]
Event: 64.918 Thread 0x000001cb37b439f0 4342       3       java.lang.reflect.Executable::<init> (5 bytes)
Event: 64.918 Thread 0x000001cb37b439f0 nmethod 4342 0x000001cb1c97da90 code [0x000001cb1c97dc40, 0x000001cb1c97ddf8]
Event: 64.930 Thread 0x000001cb37b439f0 4343       3       jdk.internal.misc.VM::initLevel (4 bytes)
Event: 64.930 Thread 0x000001cb37b439f0 nmethod 4343 0x000001cb1c97df10 code [0x000001cb1c97e0a0, 0x000001cb1c97e198]
Event: 64.930 Thread 0x000001cb37b439f0 4344       3       java.lang.String::valueOf (15 bytes)
Event: 64.931 Thread 0x000001cb37b439f0 nmethod 4344 0x000001cb1c97e210 code [0x000001cb1c97e3c0, 0x000001cb1c97e5c8]
Event: 64.931 Thread 0x000001cb37b36920 4345       4       java.lang.StringBuilder::append (8 bytes)
Event: 64.934 Thread 0x000001cb37b439f0 4346       1       com.sun.javafx.tk.quantum.QuantumToolkit::getPerformanceTracker (5 bytes)
Event: 64.934 Thread 0x000001cb37b439f0 nmethod 4346 0x000001cb23e97810 code [0x000001cb23e979a0, 0x000001cb23e97a78]

GC Heap History (4 events):
Event: 0.361 GC heap before
{Heap before GC invocations=0 (full 0):
 garbage-first heap   total 260096K, used 22528K [0x0000000703400000, 0x0000000800000000)
  region size 2048K, 11 young (22528K), 0 survivors (0K)
 Metaspace       used 4855K, committed 5056K, reserved 1114112K
  class space    used 618K, committed 768K, reserved 1048576K
}
Event: 0.363 GC heap after
{Heap after GC invocations=1 (full 0):
 garbage-first heap   total 260096K, used 2818K [0x0000000703400000, 0x0000000800000000)
  region size 2048K, 2 young (4096K), 2 survivors (4096K)
 Metaspace       used 4855K, committed 5056K, reserved 1114112K
  class space    used 618K, committed 768K, reserved 1048576K
}
Event: 9.930 GC heap before
{Heap before GC invocations=1 (full 0):
 garbage-first heap   total 260096K, used 43778K [0x0000000703400000, 0x0000000800000000)
  region size 2048K, 21 young (43008K), 2 survivors (4096K)
 Metaspace       used 13751K, committed 14016K, reserved 1114112K
  class space    used 1913K, committed 2048K, reserved 1048576K
}
Event: 9.934 GC heap after
{Heap after GC invocations=2 (full 0):
 garbage-first heap   total 260096K, used 8234K [0x0000000703400000, 0x0000000800000000)
  region size 2048K, 3 young (6144K), 3 survivors (6144K)
 Metaspace       used 13751K, committed 14016K, reserved 1114112K
  class space    used 1913K, committed 2048K, reserved 1048576K
}

Dll operation events (20 events):
Event: 0.178 Loaded shared library C:\Program Files\Eclipse Adoptium\jdk-17.0.16.8-hotspot\bin\api-ms-win-crt-filesystem-l1-1-0.dll
Event: 0.179 Loaded shared library C:\Program Files\Eclipse Adoptium\jdk-17.0.16.8-hotspot\bin\api-ms-win-crt-heap-l1-1-0.dll
Event: 0.180 Loaded shared library C:\Program Files\Eclipse Adoptium\jdk-17.0.16.8-hotspot\bin\api-ms-win-crt-locale-l1-1-0.dll
Event: 0.182 Loaded shared library C:\Program Files\Eclipse Adoptium\jdk-17.0.16.8-hotspot\bin\api-ms-win-crt-math-l1-1-0.dll
Event: 0.183 Loaded shared library C:\Program Files\Eclipse Adoptium\jdk-17.0.16.8-hotspot\bin\api-ms-win-crt-multibyte-l1-1-0.dll
Event: 0.184 Loaded shared library C:\Program Files\Eclipse Adoptium\jdk-17.0.16.8-hotspot\bin\api-ms-win-crt-private-l1-1-0.dll
Event: 0.185 Loaded shared library C:\Program Files\Eclipse Adoptium\jdk-17.0.16.8-hotspot\bin\api-ms-win-crt-process-l1-1-0.dll
Event: 0.186 Loaded shared library C:\Program Files\Eclipse Adoptium\jdk-17.0.16.8-hotspot\bin\api-ms-win-crt-runtime-l1-1-0.dll
Event: 0.187 Loaded shared library C:\Program Files\Eclipse Adoptium\jdk-17.0.16.8-hotspot\bin\api-ms-win-crt-stdio-l1-1-0.dll
Event: 0.189 Loaded shared library C:\Program Files\Eclipse Adoptium\jdk-17.0.16.8-hotspot\bin\api-ms-win-crt-string-l1-1-0.dll
Event: 0.190 Loaded shared library C:\Program Files\Eclipse Adoptium\jdk-17.0.16.8-hotspot\bin\api-ms-win-crt-time-l1-1-0.dll
Event: 0.191 Loaded shared library C:\Program Files\Eclipse Adoptium\jdk-17.0.16.8-hotspot\bin\api-ms-win-crt-utility-l1-1-0.dll
Event: 0.192 Loaded shared library C:\Program Files\Eclipse Adoptium\jdk-17.0.16.8-hotspot\bin\ucrtbase.dll
Event: 0.193 Loaded shared library C:\Program Files\Eclipse Adoptium\jdk-17.0.16.8-hotspot\bin\vcruntime140.dll
Event: 0.194 Loaded shared library C:\Program Files\Eclipse Adoptium\jdk-17.0.16.8-hotspot\bin\msvcp140.dll
Event: 0.195 Loaded shared library C:\Windows\System32\concrt140.dll
Event: 0.243 Loaded shared library C:\Users\emile\.openjfx\cache\12.0.1\prism_d3d.dll
Event: 0.277 Loaded shared library C:\Users\emile\.openjfx\cache\12.0.1\glass.dll
Event: 0.381 Loaded shared library C:\Users\emile\.openjfx\cache\12.0.1\javafx_font.dll
Event: 0.441 Loaded shared library C:\Program Files\Eclipse Adoptium\jdk-17.0.16.8-hotspot\bin\jimage.dll

Deoptimization events (20 events):
Event: 28.431 Thread 0x000001cb7e733730 DEOPT PACKING pc=0x000001cb23d43ea4 sp=0x00000038f9afc710
Event: 28.431 Thread 0x000001cb7e733730 DEOPT UNPACKING pc=0x000001cb235469a3 sp=0x00000038f9afc638 mode 2
Event: 29.296 Thread 0x000001cb7e58fb00 Uncommon trap: trap_request=0xffffff6e fr.pc=0x000001cb23df6c5c relative=0x000000000000053c
Event: 29.296 Thread 0x000001cb7e58fb00 Uncommon trap: reason=loop_limit_check action=maybe_recompile pc=0x000001cb23df6c5c method=com.sun.javafx.image.impl.BaseByteToByteConverter$ByteAnyToSameConverter.doConvert([BII[BIIII)V @ 5 c2
Event: 29.296 Thread 0x000001cb7e58fb00 DEOPT PACKING pc=0x000001cb23df6c5c sp=0x00000038f98fd6f0
Event: 29.296 Thread 0x000001cb7e58fb00 DEOPT UNPACKING pc=0x000001cb235469a3 sp=0x00000038f98fd688 mode 2
Event: 39.031 Thread 0x000001cb7e733730 DEOPT PACKING pc=0x000001cb1c41b856 sp=0x00000038f9afcc80
Event: 39.031 Thread 0x000001cb7e733730 DEOPT UNPACKING pc=0x000001cb23547143 sp=0x00000038f9afc108 mode 0
Event: 39.044 Thread 0x000001cb7e733730 Uncommon trap: trap_request=0xffffff6e fr.pc=0x000001cb23e78608 relative=0x0000000000000208
Event: 39.044 Thread 0x000001cb7e733730 Uncommon trap: reason=loop_limit_check action=maybe_recompile pc=0x000001cb23e78608 method=javafx.scene.Parent.pickChildrenNode(Lcom/sun/javafx/geom/PickRay;Lcom/sun/javafx/scene/input/PickResultChooser;)Z @ 17 c2
Event: 39.044 Thread 0x000001cb7e733730 DEOPT PACKING pc=0x000001cb23e78608 sp=0x00000038f9afbdb0
Event: 39.044 Thread 0x000001cb7e733730 DEOPT UNPACKING pc=0x000001cb235469a3 sp=0x00000038f9afbb60 mode 2
Event: 49.867 Thread 0x000001cb7e733730 Uncommon trap: trap_request=0xffffff45 fr.pc=0x000001cb23e32c24 relative=0x00000000000004e4
Event: 49.867 Thread 0x000001cb7e733730 Uncommon trap: reason=unstable_if action=reinterpret pc=0x000001cb23e32c24 method=java.util.HashMap.removeNode(ILjava/lang/Object;Ljava/lang/Object;ZZ)Ljava/util/HashMap$Node; @ 121 c2
Event: 49.867 Thread 0x000001cb7e733730 DEOPT PACKING pc=0x000001cb23e32c24 sp=0x00000038f9afceb0
Event: 49.867 Thread 0x000001cb7e733730 DEOPT UNPACKING pc=0x000001cb235469a3 sp=0x00000038f9afcd40 mode 2
Event: 64.928 Thread 0x000001cb7e733730 Uncommon trap: trap_request=0xffffff45 fr.pc=0x000001cb23e8be20 relative=0x0000000000000a60
Event: 64.928 Thread 0x000001cb7e733730 Uncommon trap: reason=unstable_if action=reinterpret pc=0x000001cb23e8be20 method=com.sun.glass.ui.Timer.resume()V @ 6 c2
Event: 64.928 Thread 0x000001cb7e733730 DEOPT PACKING pc=0x000001cb23e8be20 sp=0x00000038f9afb180
Event: 64.928 Thread 0x000001cb7e733730 DEOPT UNPACKING pc=0x000001cb235469a3 sp=0x00000038f9afaef0 mode 2

Classes loaded (20 events):
Event: 10.006 Loading class sun/text/RuleBasedBreakIterator
Event: 10.006 Loading class sun/text/RuleBasedBreakIterator done
Event: 10.007 Loading class sun/text/CompactByteArray
Event: 10.007 Loading class sun/text/CompactByteArray done
Event: 10.007 Loading class sun/text/SupplementaryCharacterData
Event: 10.007 Loading class sun/text/SupplementaryCharacterData done
Event: 10.007 Loading class java/text/BreakIterator$BreakIteratorCache
Event: 10.007 Loading class java/text/BreakIterator$BreakIteratorCache done
Event: 13.311 Loading class java/io/SequenceInputStream
Event: 13.311 Loading class java/io/SequenceInputStream done
Event: 13.313 Loading class java/io/EOFException
Event: 13.313 Loading class java/io/EOFException done
Event: 13.313 Loading class java/util/Vector$1
Event: 13.313 Loading class java/util/Vector$1 done
Event: 64.918 Loading class java/util/LinkedList$ListItr
Event: 64.918 Loading class java/util/LinkedList$ListItr done
Event: 64.930 Loading class java/lang/Throwable$WrappedPrintStream
Event: 64.930 Loading class java/lang/Throwable$PrintStreamOrWriter
Event: 64.930 Loading class java/lang/Throwable$PrintStreamOrWriter done
Event: 64.930 Loading class java/lang/Throwable$WrappedPrintStream done

Classes unloaded (0 events):
No events

Classes redefined (0 events):
No events

Internal exceptions (20 events):
Event: 0.355 Thread 0x000001cb7e733730 Exception <a 'java/lang/NoSuchMethodError'{0x0000000711d26258}: 'void java.lang.invoke.DirectMethodHandle$Holder.invokeSpecial(java.lang.Object, java.lang.Object, java.lang.Object, java.lang.Object, java.lang.Object)'> (0x0000000711d26258) 
thrown [s\src\hotspot\share\interpreter\linkResolver.cpp, line 759]
Event: 0.421 Thread 0x000001cb7e733730 Exception <a 'java/lang/NoSuchMethodError'{0x0000000712b02400}: 'void java.lang.invoke.DirectMethodHandle$Holder.invokeStaticInit(java.lang.Object, java.lang.Object)'> (0x0000000712b02400) 
thrown [s\src\hotspot\share\interpreter\linkResolver.cpp, line 759]
Event: 0.554 Thread 0x000001cb7e733730 Exception <a 'java/lang/NoSuchMethodError'{0x00000007120e7280}: 'java.lang.Object java.lang.invoke.DirectMethodHandle$Holder.invokeInterface(java.lang.Object, java.lang.Object, java.lang.Object)'> (0x00000007120e7280) 
thrown [s\src\hotspot\share\interpreter\linkResolver.cpp, line 759]
Event: 0.554 Thread 0x000001cb7e733730 Exception <a 'java/lang/IncompatibleClassChangeError'{0x00000007120eac08}: Found class java.lang.Object, but interface was expected> (0x00000007120eac08) 
thrown [s\src\hotspot\share\interpreter\linkResolver.cpp, line 826]
Event: 0.590 Thread 0x000001cb7e733730 Exception <a 'java/lang/NoSuchMethodError'{0x0000000711e89e70}: 'java.lang.Object java.lang.invoke.DirectMethodHandle$Holder.newInvokeSpecial(java.lang.Object, java.lang.Object, int)'> (0x0000000711e89e70) 
thrown [s\src\hotspot\share\interpreter\linkResolver.cpp, line 759]
Event: 0.603 Thread 0x000001cb7e58fb00 Exception <a 'java/lang/NoSuchMethodError'{0x0000000711fd48c0}: 'int java.lang.invoke.DirectMethodHandle$Holder.invokeStaticInit(java.lang.Object, java.lang.Object)'> (0x0000000711fd48c0) 
thrown [s\src\hotspot\share\interpreter\linkResolver.cpp, line 759]
Event: 4.889 Thread 0x000001cb7e733730 Exception <a 'java/lang/NoSuchMethodError'{0x0000000711473b80}: 'java.lang.Object java.lang.invoke.DirectMethodHandle$Holder.newInvokeSpecial(java.lang.Object, java.lang.Object, int, int, int, int, int, java.lang.Object)'> (0x0000000711473b80) 
thrown [s\src\hotspot\share\interpreter\linkResolver.cpp, line 759]
Event: 4.890 Thread 0x000001cb7e733730 Exception <a 'java/lang/NoSuchMethodError'{0x0000000711486dd8}: 'java.lang.Object java.lang.invoke.DirectMethodHandle$Holder.newInvokeSpecial(java.lang.Object, java.lang.Object, java.lang.Object, int, int, int, int, int)'> (0x0000000711486dd8) 
thrown [s\src\hotspot\share\interpreter\linkResolver.cpp, line 759]
Event: 4.891 Thread 0x000001cb7e733730 Exception <a 'java/lang/NoSuchMethodError'{0x000000071148e638}: 'java.lang.Object java.lang.invoke.Invokers$Holder.linkToTargetMethod(java.lang.Object, java.lang.Object, int, int, int, int, int, java.lang.Object)'> (0x000000071148e638) 
thrown [s\src\hotspot\share\interpreter\linkResolver.cpp, line 759]
Event: 4.896 Thread 0x000001cb7e733730 Exception <a 'java/lang/NoSuchMethodError'{0x00000007114acc58}: 'long java.lang.invoke.DirectMethodHandle$Holder.invokeStatic(java.lang.Object, java.lang.Object, java.lang.Object)'> (0x00000007114acc58) 
thrown [s\src\hotspot\share\interpreter\linkResolver.cpp, line 759]
Event: 4.897 Thread 0x000001cb7e733730 Exception <a 'java/lang/NoSuchMethodError'{0x00000007114b0400}: 'long java.lang.invoke.DirectMethodHandle$Holder.invokeStaticInit(java.lang.Object, java.lang.Object, java.lang.Object)'> (0x00000007114b0400) 
thrown [s\src\hotspot\share\interpreter\linkResolver.cpp, line 759]
Event: 4.898 Thread 0x000001cb7e733730 Exception <a 'java/lang/NoSuchMethodError'{0x00000007114c7f88}: 'java.lang.Object java.lang.invoke.DirectMethodHandle$Holder.newInvokeSpecial(java.lang.Object, java.lang.Object, long)'> (0x00000007114c7f88) 
thrown [s\src\hotspot\share\interpreter\linkResolver.cpp, line 759]
Event: 4.898 Thread 0x000001cb7e733730 Exception <a 'java/lang/NoSuchMethodError'{0x00000007114cbaf8}: 'java.lang.Object java.lang.invoke.Invokers$Holder.linkToTargetMethod(java.lang.Object, long, java.lang.Object)'> (0x00000007114cbaf8) 
thrown [s\src\hotspot\share\interpreter\linkResolver.cpp, line 759]
Event: 4.984 Thread 0x000001cb7e733730 Exception <a 'java/lang/NoSuchMethodError'{0x00000007113d2b58}: 'void java.lang.invoke.DirectMethodHandle$Holder.invokeSpecialIFC(java.lang.Object, java.lang.Object, java.lang.Object, java.lang.Object)'> (0x00000007113d2b58) 
thrown [s\src\hotspot\share\interpreter\linkResolver.cpp, line 759]
Event: 4.987 Thread 0x000001cb7e733730 Exception <a 'java/lang/ClassNotFoundException'{0x00000007110270b0}: com/sun/javafx/scene/control/skin/resources/controls> (0x00000007110270b0) 
thrown [s\src\hotspot\share\prims\jni.cpp, line 535]
Event: 4.988 Thread 0x000001cb7e733730 Exception <a 'java/lang/ClassNotFoundException'{0x0000000711034e90}: com/sun/javafx/scene/control/skin/resources/controls_fr> (0x0000000711034e90) 
thrown [s\src\hotspot\share\prims\jni.cpp, line 535]
Event: 4.988 Thread 0x000001cb7e733730 Exception <a 'java/lang/ClassNotFoundException'{0x0000000711042a00}: com/sun/javafx/scene/control/skin/resources/controls_fr_FR> (0x0000000711042a00) 
thrown [s\src\hotspot\share\prims\jni.cpp, line 535]
Event: 5.008 Thread 0x000001cb7e733730 Exception <a 'java/lang/NoSuchMethodError'{0x00000007111ffb00}: 'int java.lang.invoke.DirectMethodHandle$Holder.invokeSpecial(java.lang.Object, java.lang.Object, int)'> (0x00000007111ffb00) 
thrown [s\src\hotspot\share\interpreter\linkResolver.cpp, line 759]
Event: 6.493 Thread 0x000001cb7e733730 Implicit null exception at 0x000001cb23d00aef to 0x000001cb23d012e4
Event: 9.963 Thread 0x000001cb7e733730 Exception <a 'java/lang/NoSuchMethodError'{0x0000000712fb0158}: 'void java.lang.invoke.DirectMethodHandle$Holder.invokeSpecial(java.lang.Object, java.lang.Object, java.lang.Object, java.lang.Object, java.lang.Object, java.lang.Object)'> (0x0000000712fb0158) 
thrown [s\src\hotspot\share\interpreter\linkResolver.cpp, line 759]

VM Operations (20 events):
Event: 41.325 Executing VM operation: Cleanup
Event: 41.325 Executing VM operation: Cleanup done
Event: 42.325 Executing VM operation: Cleanup
Event: 42.325 Executing VM operation: Cleanup done
Event: 44.327 Executing VM operation: Cleanup
Event: 44.327 Executing VM operation: Cleanup done
Event: 45.328 Executing VM operation: Cleanup
Event: 45.328 Executing VM operation: Cleanup done
Event: 46.328 Executing VM operation: Cleanup
Event: 46.328 Executing VM operation: Cleanup done
Event: 48.330 Executing VM operation: Cleanup
Event: 48.330 Executing VM operation: Cleanup done
Event: 49.330 Executing VM operation: Cleanup
Event: 49.330 Executing VM operation: Cleanup done
Event: 50.330 Executing VM operation: Cleanup
Event: 50.330 Executing VM operation: Cleanup done
Event: 52.330 Executing VM operation: Cleanup
Event: 52.330 Executing VM operation: Cleanup done
Event: 60.139 Executing VM operation: HandshakeAllThreads
Event: 60.139 Executing VM operation: HandshakeAllThreads done

Memory protections (0 events):
No events

Nmethod flushes (0 events):
No events

Events (20 events):
Event: 9.975 Thread 0x000001cb04a1e060 Thread added: 0x000001cb7e155cd0
Event: 10.287 Thread 0x000001cb7e155cd0 Thread exited: 0x000001cb7e155cd0
Event: 11.330 Thread 0x000001cb04a1e060 Thread added: 0x000001cb7eaae4f0
Event: 13.301 Thread 0x000001cb7eaae4f0 Thread exited: 0x000001cb7eaae4f0
Event: 14.111 Thread 0x000001cb04a1e060 Thread exited: 0x000001cb04a1e060
Event: 14.753 Thread 0x000001cb7e55cd80 Thread exited: 0x000001cb7e55cd80
Event: 16.707 Thread 0x000001cb37b439f0 Thread added: 0x000001cb389d7dc0
Event: 18.382 Thread 0x000001cb389d7dc0 Thread exited: 0x000001cb389d7dc0
Event: 22.443 Thread 0x000001cb37b439f0 Thread added: 0x000001cb7ea84130
Event: 24.321 Thread 0x000001cb7ea84130 Thread exited: 0x000001cb7ea84130
Event: 26.390 Thread 0x000001cb37b439f0 Thread added: 0x000001cb7ea89570
Event: 26.395 Thread 0x000001cb7ea89570 Thread added: 0x000001cb7ea89a90
Event: 26.397 Thread 0x000001cb37b439f0 Thread added: 0x000001cb7e7133a0
Event: 26.613 Thread 0x000001cb7e7133a0 Thread exited: 0x000001cb7e7133a0
Event: 27.376 Thread 0x000001cb37b439f0 Thread added: 0x000001cb7e7133a0
Event: 27.889 Thread 0x000001cb7ea89a90 Thread exited: 0x000001cb7ea89a90
Event: 30.448 Thread 0x000001cb37b439f0 Thread added: 0x000001cb07b8d010
Event: 30.623 Thread 0x000001cb07b8d010 Thread exited: 0x000001cb07b8d010
Event: 33.122 Thread 0x000001cb7e7133a0 Thread exited: 0x000001cb7e7133a0
Event: 35.288 Thread 0x000001cb7ea89570 Thread exited: 0x000001cb7ea89570


Dynamic libraries:
0x00007ff673410000 - 0x00007ff67341e000 	C:\Program Files\Eclipse Adoptium\jdk-17.0.16.8-hotspot\bin\java.exe
0x00007ffd71fc0000 - 0x00007ffd72225000 	C:\WINDOWS\SYSTEM32\ntdll.dll
0x00007ffd70400000 - 0x00007ffd704c9000 	C:\WINDOWS\System32\KERNEL32.DLL
0x00007ffd6f110000 - 0x00007ffd6f4f8000 	C:\WINDOWS\System32\KERNELBASE.dll
0x00007ffd6f850000 - 0x00007ffd6f99b000 	C:\WINDOWS\System32\ucrtbase.dll
0x00007ffd4d030000 - 0x00007ffd4d04e000 	C:\Program Files\Eclipse Adoptium\jdk-17.0.16.8-hotspot\bin\VCRUNTIME140.dll
0x00007ffd55c10000 - 0x00007ffd55c27000 	C:\Program Files\Eclipse Adoptium\jdk-17.0.16.8-hotspot\bin\jli.dll
0x00007ffd70e70000 - 0x00007ffd7103a000 	C:\WINDOWS\System32\USER32.dll
0x00007ffd6fd30000 - 0x00007ffd6fd57000 	C:\WINDOWS\System32\win32u.dll
0x00007ffd5bca0000 - 0x00007ffd5bf3a000 	C:\WINDOWS\WinSxS\amd64_microsoft.windows.common-controls_6595b64144ccf1df_6.0.26100.4202_none_3e0698d4e335f517\COMCTL32.dll
0x00007ffd70e40000 - 0x00007ffd70e6b000 	C:\WINDOWS\System32\GDI32.dll
0x00007ffd71040000 - 0x00007ffd710e9000 	C:\WINDOWS\System32\msvcrt.dll
0x00007ffd6f710000 - 0x00007ffd6f847000 	C:\WINDOWS\System32\gdi32full.dll
0x00007ffd6f5c0000 - 0x00007ffd6f663000 	C:\WINDOWS\System32\msvcp_win.dll
0x00007ffd71850000 - 0x00007ffd71880000 	C:\WINDOWS\System32\IMM32.DLL
0x00007ffd4d540000 - 0x00007ffd4d54c000 	C:\Program Files\Eclipse Adoptium\jdk-17.0.16.8-hotspot\bin\vcruntime140_1.dll
0x00007ffd3c7b0000 - 0x00007ffd3c83d000 	C:\Program Files\Eclipse Adoptium\jdk-17.0.16.8-hotspot\bin\msvcp140.dll
0x00007ffcbf490000 - 0x00007ffcc00fb000 	C:\Program Files\Eclipse Adoptium\jdk-17.0.16.8-hotspot\bin\server\jvm.dll
0x00007ffd71890000 - 0x00007ffd71943000 	C:\WINDOWS\System32\ADVAPI32.dll
0x00007ffd6fe40000 - 0x00007ffd6fee6000 	C:\WINDOWS\System32\sechost.dll
0x00007ffd71e60000 - 0x00007ffd71f75000 	C:\WINDOWS\System32\RPCRT4.dll
0x00007ffd70a70000 - 0x00007ffd70ae4000 	C:\WINDOWS\System32\WS2_32.dll
0x00007ffd6dd50000 - 0x00007ffd6ddae000 	C:\WINDOWS\SYSTEM32\POWRPROF.dll
0x00007ffd62350000 - 0x00007ffd62385000 	C:\WINDOWS\SYSTEM32\WINMM.dll
0x00007ffd68080000 - 0x00007ffd6808b000 	C:\WINDOWS\SYSTEM32\VERSION.dll
0x00007ffd6dd30000 - 0x00007ffd6dd44000 	C:\WINDOWS\SYSTEM32\UMPDC.dll
0x00007ffd6dff0000 - 0x00007ffd6e00b000 	C:\WINDOWS\SYSTEM32\kernel.appcore.dll
0x00007ffd479a0000 - 0x00007ffd479aa000 	C:\Program Files\Eclipse Adoptium\jdk-17.0.16.8-hotspot\bin\jimage.dll
0x00007ffd6ca30000 - 0x00007ffd6cc71000 	C:\WINDOWS\SYSTEM32\DBGHELP.DLL
0x00007ffd70070000 - 0x00007ffd703f5000 	C:\WINDOWS\System32\combase.dll
0x00007ffd705e0000 - 0x00007ffd706c1000 	C:\WINDOWS\System32\OLEAUT32.dll
0x00007ffd55480000 - 0x00007ffd554b9000 	C:\WINDOWS\SYSTEM32\dbgcore.DLL
0x00007ffd6f670000 - 0x00007ffd6f709000 	C:\WINDOWS\System32\bcryptPrimitives.dll
0x00007ffd3faf0000 - 0x00007ffd3fb15000 	C:\Program Files\Eclipse Adoptium\jdk-17.0.16.8-hotspot\bin\java.dll
0x00007ffcf49a0000 - 0x00007ffcf4a77000 	C:\Program Files\Eclipse Adoptium\jdk-17.0.16.8-hotspot\bin\jsvml.dll
0x00007ffd71100000 - 0x00007ffd71842000 	C:\WINDOWS\System32\SHELL32.dll
0x00007ffd6f9a0000 - 0x00007ffd6fb14000 	C:\WINDOWS\System32\wintypes.dll
0x00007ffd6cd90000 - 0x00007ffd6d5e8000 	C:\WINDOWS\SYSTEM32\windows.storage.dll
0x00007ffd706d0000 - 0x00007ffd707c1000 	C:\WINDOWS\System32\SHCORE.dll
0x00007ffd6fef0000 - 0x00007ffd6ff5a000 	C:\WINDOWS\System32\shlwapi.dll
0x00007ffd6eff0000 - 0x00007ffd6f01f000 	C:\WINDOWS\SYSTEM32\profapi.dll
0x00007ffd3e030000 - 0x00007ffd3e049000 	C:\Program Files\Eclipse Adoptium\jdk-17.0.16.8-hotspot\bin\net.dll
0x00007ffd682c0000 - 0x00007ffd683de000 	C:\WINDOWS\SYSTEM32\WINHTTP.dll
0x00007ffd6e560000 - 0x00007ffd6e5ca000 	C:\WINDOWS\system32\mswsock.dll
0x00007ffd3dce0000 - 0x00007ffd3dcf6000 	C:\Program Files\Eclipse Adoptium\jdk-17.0.16.8-hotspot\bin\nio.dll
0x00007ffd42110000 - 0x00007ffd42128000 	C:\Program Files\Eclipse Adoptium\jdk-17.0.16.8-hotspot\bin\zip.dll
0x000001cb12bf0000 - 0x000001cb12bf4000 	C:\Program Files\Eclipse Adoptium\jdk-17.0.16.8-hotspot\bin\api-ms-win-core-console-l1-1-0.dll
0x000001cb12c00000 - 0x000001cb12c04000 	C:\Program Files\Eclipse Adoptium\jdk-17.0.16.8-hotspot\bin\api-ms-win-core-datetime-l1-1-0.dll
0x000001cb12c10000 - 0x000001cb12c14000 	C:\Program Files\Eclipse Adoptium\jdk-17.0.16.8-hotspot\bin\api-ms-win-core-debug-l1-1-0.dll
0x000001cb12c20000 - 0x000001cb12c24000 	C:\Program Files\Eclipse Adoptium\jdk-17.0.16.8-hotspot\bin\api-ms-win-core-errorhandling-l1-1-0.dll
0x000001cb12c30000 - 0x000001cb12c35000 	C:\Program Files\Eclipse Adoptium\jdk-17.0.16.8-hotspot\bin\api-ms-win-core-file-l1-1-0.dll
0x000001cb12c40000 - 0x000001cb12c44000 	C:\Program Files\Eclipse Adoptium\jdk-17.0.16.8-hotspot\bin\api-ms-win-core-file-l1-2-0.dll
0x000001cb12c50000 - 0x000001cb12c54000 	C:\Program Files\Eclipse Adoptium\jdk-17.0.16.8-hotspot\bin\api-ms-win-core-file-l2-1-0.dll
0x000001cb12c60000 - 0x000001cb12c64000 	C:\Program Files\Eclipse Adoptium\jdk-17.0.16.8-hotspot\bin\api-ms-win-core-handle-l1-1-0.dll
0x000001cb12c70000 - 0x000001cb12c74000 	C:\Program Files\Eclipse Adoptium\jdk-17.0.16.8-hotspot\bin\api-ms-win-core-heap-l1-1-0.dll
0x000001cb12c80000 - 0x000001cb12c84000 	C:\Program Files\Eclipse Adoptium\jdk-17.0.16.8-hotspot\bin\api-ms-win-core-interlocked-l1-1-0.dll
0x000001cb14540000 - 0x000001cb14544000 	C:\Program Files\Eclipse Adoptium\jdk-17.0.16.8-hotspot\bin\api-ms-win-core-libraryloader-l1-1-0.dll
0x000001cb14550000 - 0x000001cb14554000 	C:\Program Files\Eclipse Adoptium\jdk-17.0.16.8-hotspot\bin\api-ms-win-core-localization-l1-2-0.dll
0x000001cb14560000 - 0x000001cb14564000 	C:\Program Files\Eclipse Adoptium\jdk-17.0.16.8-hotspot\bin\api-ms-win-core-memory-l1-1-0.dll
0x000001cb14570000 - 0x000001cb14574000 	C:\Program Files\Eclipse Adoptium\jdk-17.0.16.8-hotspot\bin\api-ms-win-core-namedpipe-l1-1-0.dll
0x000001cb14580000 - 0x000001cb14584000 	C:\Program Files\Eclipse Adoptium\jdk-17.0.16.8-hotspot\bin\api-ms-win-core-processenvironment-l1-1-0.dll
0x000001cb14590000 - 0x000001cb14594000 	C:\Program Files\Eclipse Adoptium\jdk-17.0.16.8-hotspot\bin\api-ms-win-core-processthreads-l1-1-0.dll
0x000001cb145a0000 - 0x000001cb145a4000 	C:\Program Files\Eclipse Adoptium\jdk-17.0.16.8-hotspot\bin\api-ms-win-core-processthreads-l1-1-1.dll
0x000001cb145b0000 - 0x000001cb145b4000 	C:\Program Files\Eclipse Adoptium\jdk-17.0.16.8-hotspot\bin\api-ms-win-core-profile-l1-1-0.dll
0x000001cb145c0000 - 0x000001cb145c4000 	C:\Program Files\Eclipse Adoptium\jdk-17.0.16.8-hotspot\bin\api-ms-win-core-rtlsupport-l1-1-0.dll
0x000001cb145d0000 - 0x000001cb145d4000 	C:\Program Files\Eclipse Adoptium\jdk-17.0.16.8-hotspot\bin\api-ms-win-core-string-l1-1-0.dll
0x000001cb145e0000 - 0x000001cb145e4000 	C:\Program Files\Eclipse Adoptium\jdk-17.0.16.8-hotspot\bin\api-ms-win-core-synch-l1-1-0.dll
0x000001cb38c60000 - 0x000001cb38c64000 	C:\Program Files\Eclipse Adoptium\jdk-17.0.16.8-hotspot\bin\api-ms-win-core-synch-l1-2-0.dll
0x000001cb38c70000 - 0x000001cb38c74000 	C:\Program Files\Eclipse Adoptium\jdk-17.0.16.8-hotspot\bin\api-ms-win-core-sysinfo-l1-1-0.dll
0x000001cb38c80000 - 0x000001cb38c84000 	C:\Program Files\Eclipse Adoptium\jdk-17.0.16.8-hotspot\bin\api-ms-win-core-timezone-l1-1-0.dll
0x000001cb38c90000 - 0x000001cb38c94000 	C:\Program Files\Eclipse Adoptium\jdk-17.0.16.8-hotspot\bin\api-ms-win-core-util-l1-1-0.dll
0x000001cb38ca0000 - 0x000001cb38ca4000 	C:\Program Files\Eclipse Adoptium\jdk-17.0.16.8-hotspot\bin\api-ms-win-crt-conio-l1-1-0.dll
0x000001cb38cb0000 - 0x000001cb38cb5000 	C:\Program Files\Eclipse Adoptium\jdk-17.0.16.8-hotspot\bin\api-ms-win-crt-convert-l1-1-0.dll
0x000001cb38cc0000 - 0x000001cb38cc4000 	C:\Program Files\Eclipse Adoptium\jdk-17.0.16.8-hotspot\bin\api-ms-win-crt-environment-l1-1-0.dll
0x000001cb38cd0000 - 0x000001cb38cd4000 	C:\Program Files\Eclipse Adoptium\jdk-17.0.16.8-hotspot\bin\api-ms-win-crt-filesystem-l1-1-0.dll
0x000001cb38ce0000 - 0x000001cb38ce4000 	C:\Program Files\Eclipse Adoptium\jdk-17.0.16.8-hotspot\bin\api-ms-win-crt-heap-l1-1-0.dll
0x000001cb38cf0000 - 0x000001cb38cf4000 	C:\Program Files\Eclipse Adoptium\jdk-17.0.16.8-hotspot\bin\api-ms-win-crt-locale-l1-1-0.dll
0x000001cb38d00000 - 0x000001cb38d06000 	C:\Program Files\Eclipse Adoptium\jdk-17.0.16.8-hotspot\bin\api-ms-win-crt-math-l1-1-0.dll
0x000001cb38d10000 - 0x000001cb38d16000 	C:\Program Files\Eclipse Adoptium\jdk-17.0.16.8-hotspot\bin\api-ms-win-crt-multibyte-l1-1-0.dll
0x000001cb38d20000 - 0x000001cb38d31000 	C:\Program Files\Eclipse Adoptium\jdk-17.0.16.8-hotspot\bin\api-ms-win-crt-private-l1-1-0.dll
0x000001cb38d40000 - 0x000001cb38d44000 	C:\Program Files\Eclipse Adoptium\jdk-17.0.16.8-hotspot\bin\api-ms-win-crt-process-l1-1-0.dll
0x000001cb38d50000 - 0x000001cb38d55000 	C:\Program Files\Eclipse Adoptium\jdk-17.0.16.8-hotspot\bin\api-ms-win-crt-runtime-l1-1-0.dll
0x000001cb38d60000 - 0x000001cb38d65000 	C:\Program Files\Eclipse Adoptium\jdk-17.0.16.8-hotspot\bin\api-ms-win-crt-stdio-l1-1-0.dll
0x000001cb38d70000 - 0x000001cb38d75000 	C:\Program Files\Eclipse Adoptium\jdk-17.0.16.8-hotspot\bin\api-ms-win-crt-string-l1-1-0.dll
0x000001cb38d80000 - 0x000001cb38d84000 	C:\Program Files\Eclipse Adoptium\jdk-17.0.16.8-hotspot\bin\api-ms-win-crt-time-l1-1-0.dll
0x000001cb38d90000 - 0x000001cb38d94000 	C:\Program Files\Eclipse Adoptium\jdk-17.0.16.8-hotspot\bin\api-ms-win-crt-utility-l1-1-0.dll
0x00007ffd55980000 - 0x00007ffd55acb000 	C:\Program Files\Eclipse Adoptium\jdk-17.0.16.8-hotspot\bin\ucrtbase.dll
0x00007ffd59160000 - 0x00007ffd591ae000 	C:\Windows\System32\concrt140.dll
0x00007ffd5c430000 - 0x00007ffd5c453000 	C:\Users\emile\.openjfx\cache\12.0.1\prism_d3d.dll
0x00007ffd48ca0000 - 0x00007ffd48e57000 	C:\WINDOWS\system32\d3d9.dll
0x00007ffd6c2b0000 - 0x00007ffd6c2e6000 	C:\WINDOWS\SYSTEM32\dwmapi.dll
0x00007ffd6c100000 - 0x00007ffd6c14d000 	C:\WINDOWS\SYSTEM32\dxcore.dll
0x00007ffd68df0000 - 0x00007ffd68e9f000 	C:\WINDOWS\system32\uxtheme.dll
0x00007ffd488a0000 - 0x00007ffd48a4d000 	C:\WINDOWS\System32\DriverStore\FileRepository\iigd_dch.inf_amd64_b53c057d22ce6f37\igdumdim64.dll
0x00007ffd70890000 - 0x00007ffd70a2e000 	C:\WINDOWS\System32\ole32.dll
0x00007ffcba7e0000 - 0x00007ffcbd883000 	C:\WINDOWS\System32\DriverStore\FileRepository\iigd_dch.inf_amd64_b53c057d22ce6f37\igd9dxva64.dll
0x00007ffd719c0000 - 0x00007ffd71e46000 	C:\WINDOWS\System32\SETUPAPI.dll
0x00007ffd6ed70000 - 0x00007ffd6edc7000 	C:\WINDOWS\SYSTEM32\cfgmgr32.dll
0x00007ffd53aa0000 - 0x00007ffd53ea9000 	C:\WINDOWS\System32\DriverStore\FileRepository\iigd_dch.inf_amd64_b53c057d22ce6f37\igdgmm64.dll
0x00007ffd6c070000 - 0x00007ffd6c0d1000 	C:\WINDOWS\SYSTEM32\directxdatabasehelper.dll
0x00007ffd571c0000 - 0x00007ffd57205000 	C:\Users\emile\.openjfx\cache\12.0.1\glass.dll
0x00007ffd6ff70000 - 0x00007ffd70066000 	C:\WINDOWS\System32\COMDLG32.dll
0x00007ffd70af0000 - 0x00007ffd70c50000 	C:\WINDOWS\System32\MSCTF.dll
0x00007ffd3ae20000 - 0x00007ffd3ae47000 	C:\WINDOWS\System32\DriverStore\FileRepository\iigd_dch.inf_amd64_b53c057d22ce6f37\igdinfo64.dll
0x00007ffd50300000 - 0x00007ffd53a94000 	C:\WINDOWS\System32\DriverStore\FileRepository\iigd_dch.inf_amd64_b53c057d22ce6f37\igc64.dll
0x00007ffd5bb30000 - 0x00007ffd5bb44000 	C:\Users\emile\.openjfx\cache\12.0.1\javafx_font.dll
0x00007ffd65570000 - 0x00007ffd657db000 	C:\WINDOWS\SYSTEM32\dwrite.dll
0x00007ffd707d0000 - 0x00007ffd70878000 	C:\WINDOWS\System32\clbcatq.dll
0x00007ffd688a0000 - 0x00007ffd68ad9000 	C:\WINDOWS\SYSTEM32\WindowsCodecs.dll
0x00007ffd42fc0000 - 0x00007ffd4301a000 	C:\WINDOWS\system32\dataexchange.dll
0x00007ffd5b820000 - 0x00007ffd5ba5a000 	C:\WINDOWS\system32\twinapi.appcore.dll
0x00007ffd56cc0000 - 0x00007ffd56cec000 	C:\Program Files\Common Files\Microsoft Shared\Ink\rtscom.dll
0x00007ffd4f870000 - 0x00007ffd4f9c0000 	C:\WINDOWS\SYSTEM32\textinputframework.dll
0x00007ffd666e0000 - 0x00007ffd66805000 	C:\WINDOWS\SYSTEM32\CoreMessaging.dll
0x00007ffd54820000 - 0x00007ffd54b03000 	C:\WINDOWS\SYSTEM32\CoreUIComponents.dll
0x00007ffd6e830000 - 0x00007ffd6e83c000 	C:\WINDOWS\SYSTEM32\CRYPTBASE.DLL
0x00007ffd659a0000 - 0x00007ffd65fd9000 	C:\WINDOWS\SYSTEM32\d2d1.dll
0x00007ffd65300000 - 0x00007ffd65566000 	C:\WINDOWS\SYSTEM32\d3d11.dll
0x00007ffd6c150000 - 0x00007ffd6c285000 	C:\WINDOWS\SYSTEM32\dxgi.dll
0x00007ffcd5550000 - 0x00007ffcd5afc000 	C:\WINDOWS\SYSTEM32\D3D10Warp.dll

dbghelp: loaded successfully - version: 4.0.5 - missing functions: none
symbol engine: initialized successfully - sym options: 0x614 - pdb path: .;C:\Program Files\Eclipse Adoptium\jdk-17.0.16.8-hotspot\bin;C:\WINDOWS\SYSTEM32;C:\WINDOWS\WinSxS\amd64_microsoft.windows.common-controls_6595b64144ccf1df_6.0.26100.4202_none_3e0698d4e335f517;C:\Program Files\Eclipse Adoptium\jdk-17.0.16.8-hotspot\bin\server;C:\Users\emile\.openjfx\cache\12.0.1;C:\WINDOWS\System32\DriverStore\FileRepository\iigd_dch.inf_amd64_b53c057d22ce6f37;C:\Program Files\Common Files\Microsoft Shared\Ink

VM Arguments:
jvm_args: --add-modules=javafx.controls --module-path=C:\Users\emile\.gradle\caches\modules-2\files-2.1\org.openjfx\javafx-controls\12.0.1\838555460c025b8df0fbc0fa03bf3f3767698f89\javafx-controls-12.0.1-win.jar;C:\Users\emile\.gradle\caches\modules-2\files-2.1\org.openjfx\javafx-graphics\12.0.1\18a01ffdd4edb82e7da3bc99937c6a608d1eaaa6\javafx-graphics-12.0.1-win.jar;C:\Users\emile\.gradle\caches\modules-2\files-2.1\org.openjfx\javafx-base\12.0.1\6f5947b255bb26e072862b3bb0c32d54d8effe84\javafx-base-12.0.1-win.jar -Dfile.encoding=windows-1252 -Duser.country=FR -Duser.language=fr -Duser.variant 
java_command: game.Main
java_class_path (initial): C:\Users\emile\IdeaProjects\projet-aout2\build\classes\java\main;C:\Users\emile\IdeaProjects\projet-aout2\build\resources\main;C:\Users\emile\.gradle\caches\modules-2\files-2.1\org.openjfx\javafx-controls\12.0.1\838555460c025b8df0fbc0fa03bf3f3767698f89\javafx-controls-12.0.1-win.jar;C:\Users\emile\.gradle\caches\modules-2\files-2.1\org.openjfx\javafx-graphics\12.0.1\18a01ffdd4edb82e7da3bc99937c6a608d1eaaa6\javafx-graphics-12.0.1-win.jar;C:\Users\emile\.gradle\caches\modules-2\files-2.1\org.openjfx\javafx-graphics\12.0.1\19ec56a15d7dd9c49112912547425b718485d7db\javafx-graphics-12.0.1.jar;C:\Users\emile\.gradle\caches\modules-2\files-2.1\org.openjfx\javafx-base\12.0.1\6f5947b255bb26e072862b3bb0c32d54d8effe84\javafx-base-12.0.1-win.jar;C:\Users\emile\.gradle\caches\modules-2\files-2.1\org.openjfx\javafx-base\12.0.1\6abae81d00e0c6f4fde02e2666f9c0b989ff47e4\javafx-base-12.0.1.jar
Launcher Type: SUN_STANDARD

[Global flags]
     intx CICompilerCount                          = 12                                        {product} {ergonomic}
     uint ConcGCThreads                            = 3                                         {product} {ergonomic}
     uint G1ConcRefinementThreads                  = 13                                        {product} {ergonomic}
   size_t G1HeapRegionSize                         = 2097152                                   {product} {ergonomic}
    uintx GCDrainStackTargetSize                   = 64                                        {product} {ergonomic}
   size_t InitialHeapSize                          = 266338304                                 {product} {ergonomic}
   size_t MarkStackSize                            = 4194304                                   {product} {ergonomic}
   size_t MaxHeapSize                              = 4240441344                                {product} {ergonomic}
   size_t MaxNewSize                               = 2543845376                                {product} {ergonomic}
   size_t MinHeapDeltaBytes                        = 2097152                                   {product} {ergonomic}
   size_t MinHeapSize                              = 8388608                                   {product} {ergonomic}
    uintx NonNMethodCodeHeapSize                   = 7602480                                {pd product} {ergonomic}
    uintx NonProfiledCodeHeapSize                  = 122027880                              {pd product} {ergonomic}
    uintx ProfiledCodeHeapSize                     = 122027880                              {pd product} {ergonomic}
    uintx ReservedCodeCacheSize                    = 251658240                              {pd product} {ergonomic}
     bool SegmentedCodeCache                       = true                                      {product} {ergonomic}
   size_t SoftMaxHeapSize                          = 4240441344                             {manageable} {ergonomic}
     bool UseCompressedClassPointers               = true                           {product lp64_product} {ergonomic}
     bool UseCompressedOops                        = true                           {product lp64_product} {ergonomic}
     bool UseG1GC                                  = true                                      {product} {ergonomic}
     bool UseLargePagesIndividualAllocation        = false                                  {pd product} {ergonomic}

Logging:
Log output configuration:
 #0: stdout all=warning uptime,level,tags
 #1: stderr all=off uptime,level,tags

Environment Variables:
JAVA_HOME=C:\Program Files\Eclipse Adoptium\jdk-17.0.16.8-hotspot\
PATH=C:\Program Files\Eclipse Adoptium\jdk-17.0.16.8-hotspot\bin;C:\WINDOWS\system32;C:\WINDOWS;C:\WINDOWS\System32\Wbem;C:\WINDOWS\System32\WindowsPowerShell\v1.0\;C:\WINDOWS\System32\OpenSSH\;C:\Program Files\dotnet\;C:\Program Files\Git\cmd;C:\Program Files (x86)\NVIDIA Corporation\PhysX\Common;C:\Gradle\gradle-8.14.3\bin;C:\Users\emile\AppData\Local\Programs\Python\Python313\Scripts\;C:\Users\emile\AppData\Local\Programs\Python\Python313\;C:\Users\emile\AppData\Local\Microsoft\WindowsApps;C:\Users\emile\AppData\Local\Programs\Microsoft VS Code\bin;C:\Program Files\Racket;;C:\Program Files\JetBrains\PyCharm Community Edition 2024.3.4\bin;;C:\Program Files\JetBrains\IntelliJ IDEA Community Edition 2025.2\bin
USERNAME=emile
TERM=xterm
OS=Windows_NT
PROCESSOR_IDENTIFIER=Intel64 Family 6 Model 165 Stepping 2, GenuineIntel
TMP=C:\Users\emile\AppData\Local\Temp
TEMP=C:\Users\emile\AppData\Local\Temp



Periodic native trim disabled


---------------  S Y S T E M  ---------------

OS:
 Windows 11 , 64 bit Build 26100 (10.0.26100.4202)
OS uptime: 0 days 4:41 hours

CPU: total 16 (initial active 16) (8 cores per cpu, 2 threads per core) family 6 model 165 stepping 2 microcode 0xe0, cx8, cmov, fxsr, ht, mmx, 3dnowpref, sse, sse2, sse3, ssse3, sse4.1, sse4.2, popcnt, lzcnt, tsc, tscinvbit, avx, avx2, aes, erms, clmul, bmi1, bmi2, adx, fma, vzeroupper, clflush, clflushopt
Processor Information for all 16 processors :
  Max Mhz: 2208, Current Mhz: 2208, Mhz Limit: 2208

Memory: 4k page, system-wide physical 16168M (7886M free)
TotalPageFile size 17192M (AvailPageFile size 7146M)
current process WorkingSet (physical memory assigned to process): 182M, peak: 237M
current process commit charge ("private bytes"): 432M, peak: 489M

vm_info: OpenJDK 64-Bit Server VM (17.0.16+8) for windows-amd64 JRE (17.0.16+8), built on Jul 16 2025 10:37:56 by "admin" with MS VC++ 17.7 (VS2022)

END.
